Date,Precip_mm
1/1/2005,20.1
1/2/2005,66.2
1/3/2005,0
1/4/2005,9.1
1/5/2005,1.1
1/6/2005,13.4
1/7/2005,22.4
1/8/2005,0
1/9/2005,0
1/10/2005,0.9
1/11/2005,15.4
1/12/2005,3.7
1/13/2005,12
1/14/2005,1.5
1/15/2005,0
1/16/2005,13
1/17/2005,0.9
1/18/2005,28
1/19/2005,16.5
1/20/2005,2
1/21/2005,4.8
1/22/2005,0.3
1/23/2005,5.5
1/24/2005,10.4
1/25/2005,5.6
1/26/2005,24.2
1/27/2005,0.3
1/28/2005,0
1/29/2005,1.1
1/30/2005,5.2
1/31/2005,4.1
2/1/2005,82.2
2/2/2005,1.1
2/3/2005,31
2/4/2005,1.3
2/5/2005,0.9
2/6/2005,0.3
2/7/2005,0
2/8/2005,0.9
2/9/2005,0
2/10/2005,0
2/11/2005,2.8
2/12/2005,1.1
2/13/2005,21.3
2/14/2005,0.4
2/15/2005,22.4
2/16/2005,32.8
2/17/2005,20
2/18/2005,2.1
2/19/2005,0
2/20/2005,0
2/21/2005,0.7
2/22/2005,0
2/23/2005,0
2/24/2005,1.7
2/25/2005,1.7
2/26/2005,2.8
2/27/2005,1.5
2/28/2005,0
3/1/2005,0.9
3/2/2005,10.6
3/3/2005,20.6
3/4/2005,2.8
3/5/2005,0.7
3/6/2005,0.7
3/7/2005,41
3/8/2005,23.6
3/9/2005,0
3/10/2005,0
3/11/2005,22.4
3/12/2005,0
3/13/2005,14.3
3/14/2005,37.5
3/15/2005,4.8
3/16/2005,0
3/17/2005,0
3/18/2005,0
3/19/2005,0
3/20/2005,6.1
3/21/2005,0.7
3/22/2005,0.4
3/23/2005,0
3/24/2005,0
3/25/2005,58.6
3/26/2005,4.1
3/27/2005,21.3
3/28/2005,0.7
3/29/2005,0
3/30/2005,0
3/31/2005,9.1
4/1/2005,1.5
4/2/2005,5.2
4/3/2005,12.5
4/4/2005,0.7
4/5/2005,4.1
4/6/2005,22.4
4/7/2005,7.2
4/8/2005,3.2
4/9/2005,33.2
4/10/2005,4.8
4/11/2005,21.4
4/12/2005,0
4/13/2005,0.4
4/14/2005,6.3
4/15/2005,9.6
4/16/2005,21
4/17/2005,6.9
4/18/2005,3.7
4/19/2005,6.1
4/20/2005,26
4/21/2005,11.7
4/22/2005,16
4/23/2005,18.9
4/24/2005,18.6
4/25/2005,11.3
4/26/2005,15.4
4/27/2005,5.2
4/28/2005,1.7
4/29/2005,15.8
4/30/2005,3.5
5/1/2005,1.5
5/2/2005,24.9
5/3/2005,10.2
5/4/2005,0
5/5/2005,2.1
5/6/2005,1.5
5/7/2005,4.4
5/8/2005,0.3
5/9/2005,4.5
5/10/2005,0
5/11/2005,0
5/12/2005,0
5/13/2005,0
5/14/2005,0
5/15/2005,0
5/16/2005,0
5/17/2005,0
5/18/2005,0.4
5/19/2005,12.5
5/20/2005,0
5/21/2005,2.1
5/22/2005,3.2
5/23/2005,0.4
5/24/2005,112.9
5/25/2005,10.6
5/26/2005,0.4
5/27/2005,0.9
5/28/2005,0
5/29/2005,0.3
5/30/2005,5
5/31/2005,35.3
6/1/2005,22.8
6/2/2005,16
6/3/2005,25.8
6/4/2005,0
6/5/2005,0
6/6/2005,4.8
6/7/2005,13.7
6/8/2005,4.4
6/9/2005,6.1
6/10/2005,5.5
6/11/2005,0
6/12/2005,0.3
6/13/2005,0
6/14/2005,1.3
6/15/2005,37
6/16/2005,25.8
6/17/2005,19.5
6/18/2005,1.5
6/19/2005,20.8
6/20/2005,0
6/21/2005,0.3
6/22/2005,4.1
6/23/2005,0
6/24/2005,0
6/25/2005,0
6/26/2005,0
6/27/2005,8.5
6/28/2005,5.2
6/29/2005,39
6/30/2005,26.6
7/1/2005,26
7/2/2005,2.1
7/3/2005,0
7/4/2005,0
7/5/2005,0.4
7/6/2005,1.3
7/7/2005,2.8
7/8/2005,3.9
7/9/2005,17.6
7/10/2005,0
7/11/2005,0
7/12/2005,6.5
7/13/2005,0
7/14/2005,0
7/15/2005,0
7/16/2005,0.3
7/17/2005,0
7/18/2005,0
7/19/2005,2.6
7/20/2005,4.5
7/21/2005,5.9
7/22/2005,0
7/23/2005,27.3
7/24/2005,14.9
7/25/2005,0
7/26/2005,0
7/27/2005,0
7/28/2005,0
7/29/2005,0
7/30/2005,0
7/31/2005,1.5
8/1/2005,0.4
8/2/2005,45.9
8/3/2005,11.7
8/4/2005,36.5
8/5/2005,1.3
8/6/2005,6.5
8/7/2005,6.1
8/8/2005,1.5
8/9/2005,0.7
8/10/2005,0
8/11/2005,0
8/12/2005,0.3
8/13/2005,1.1
8/14/2005,0.3
8/15/2005,5.5
8/16/2005,1.7
8/17/2005,100
8/18/2005,1.1
8/19/2005,5.2
8/20/2005,0
8/21/2005,0
8/22/2005,21.4
8/23/2005,0
8/24/2005,0
8/25/2005,0
8/26/2005,3.1
8/27/2005,0
8/28/2005,0
8/29/2005,0
8/30/2005,1.3
8/31/2005,42.7
9/1/2005,0.7
9/2/2005,0.3
9/3/2005,1.7
9/4/2005,5.9
9/5/2005,5.2
9/6/2005,2
9/7/2005,1.5
9/8/2005,0.9
9/9/2005,0
9/10/2005,27.7
9/11/2005,0.4
9/12/2005,0.4
9/13/2005,0
9/14/2005,0.4
9/15/2005,7.2
9/16/2005,0
9/17/2005,0
9/18/2005,0.4
9/19/2005,10.2
9/20/2005,4.5
9/21/2005,0
9/22/2005,34.7
9/23/2005,48.8
9/24/2005,24.2
9/25/2005,0
9/26/2005,2.6
9/27/2005,1.3
9/28/2005,43.1
9/29/2005,51.8
9/30/2005,36.9
10/1/2005,0.3
10/2/2005,0
10/3/2005,4.5
10/4/2005,17.8
10/5/2005,3.2
10/6/2005,0
10/7/2005,0
10/8/2005,0
10/9/2005,0
10/10/2005,1.1
10/11/2005,0
10/12/2005,18.2
10/13/2005,18.4
10/14/2005,0
10/15/2005,0
10/16/2005,3.9
10/17/2005,3.5
10/18/2005,24.1
10/19/2005,0
10/20/2005,3.5
10/21/2005,7.3
10/22/2005,0
10/23/2005,0
10/24/2005,2.1
10/25/2005,17.3
10/26/2005,3.9
10/27/2005,5
10/28/2005,1.7
10/29/2005,0.7
10/30/2005,0.3
10/31/2005,9.6
11/1/2005,0.4
11/2/2005,5.5
11/3/2005,12
11/4/2005,14.5
11/5/2005,1.7
11/6/2005,32.8
11/7/2005,8.5
11/8/2005,19.3
11/9/2005,9.7
11/10/2005,0.3
11/11/2005,0.7
11/12/2005,1.7
11/13/2005,0
11/14/2005,27.6
11/15/2005,0
11/16/2005,1.3
11/17/2005,11.7
11/18/2005,18.4
11/19/2005,4.1
11/20/2005,0
11/21/2005,0.4
11/22/2005,0
11/23/2005,0
11/24/2005,0.3
11/25/2005,0
11/26/2005,0
11/27/2005,2.4
11/28/2005,0.7
11/29/2005,31.2
11/30/2005,5.2
12/1/2005,0.7
12/2/2005,12.1
12/3/2005,6.5
12/4/2005,1.1
12/5/2005,1.5
12/6/2005,0
12/7/2005,53.1
12/8/2005,32.5
12/9/2005,0
12/10/2005,5.9
12/11/2005,12.1
12/12/2005,4.5
12/13/2005,2.6
12/14/2005,41.7
12/15/2005,53.5
12/16/2005,1.3
12/17/2005,55.1
12/18/2005,1.5
12/19/2005,0.7
12/20/2005,37.5
12/21/2005,66.3
12/22/2005,0.3
12/23/2005,1.7
12/24/2005,18.4
12/25/2005,0
12/26/2005,69
12/27/2005,13.9
12/28/2005,16.3
12/29/2005,0
12/30/2005,6.3
12/31/2005,23.6
1/1/2006,1.7
1/2/2006,36.5
1/3/2006,1.7
1/4/2006,0.3
1/5/2006,18.6
1/6/2006,8.9
1/7/2006,27.7
1/8/2006,6.1
1/9/2006,16
1/10/2006,6.9
1/11/2006,7.8
1/12/2006,50.3
1/13/2006,27.6
1/14/2006,0
1/15/2006,1.5
1/16/2006,6.9
1/17/2006,0
1/18/2006,11.7
1/19/2006,3.5
1/20/2006,23.6
1/21/2006,0.7
1/22/2006,2.8
1/23/2006,6.9
1/24/2006,14.9
1/25/2006,15.8
1/26/2006,9.6
1/27/2006,16.5
1/28/2006,18.6
1/29/2006,21.7
1/30/2006,29.7
1/31/2006,122.9
2/1/2006,119.9
2/2/2006,39.4
2/3/2006,30
2/4/2006,27.6
2/5/2006,32.3
2/6/2006,91.5
2/7/2006,19.7
2/8/2006,52.5
2/9/2006,33.8
2/10/2006,24.5
2/11/2006,0.7
2/12/2006,3.5
2/13/2006,0
2/14/2006,0
2/15/2006,0
2/16/2006,0.7
2/17/2006,45.5
2/18/2006,5.5
2/19/2006,2
2/20/2006,0
2/21/2006,6.5
2/22/2006,85
2/23/2006,0
2/24/2006,0
2/25/2006,3.5
2/26/2006,9.3
2/27/2006,0.3
2/28/2006,1.3
3/1/2006,0.3
3/2/2006,2.6
3/3/2006,0
3/4/2006,0
3/5/2006,14.3
3/6/2006,5.5
3/7/2006,7.6
3/8/2006,8.3
3/9/2006,5.5
3/10/2006,8.9
3/11/2006,1.3
3/12/2006,5
3/13/2006,1.5
3/14/2006,38.2
3/15/2006,6.1
3/16/2006,0
3/17/2006,12.5
3/18/2006,21.4
3/19/2006,0.4
3/20/2006,2
3/21/2006,12.4
3/22/2006,6.1
3/23/2006,1.1
3/24/2006,2
3/25/2006,0
3/26/2006,6.9
3/27/2006,6.7
3/28/2006,0.4
3/29/2006,0
3/30/2006,0.3
3/31/2006,7.3
4/1/2006,1.5
4/2/2006,6.3
4/3/2006,0.4
4/4/2006,25.8
4/5/2006,4.1
4/6/2006,2.1
4/7/2006,2.1
4/8/2006,5.2
4/9/2006,0
4/10/2006,3.5
4/11/2006,14.8
4/12/2006,20.4
4/13/2006,1.3
4/14/2006,0
4/15/2006,0
4/16/2006,10.8
4/17/2006,0
4/18/2006,0
4/19/2006,0
4/20/2006,3.1
4/21/2006,0
4/22/2006,0.3
4/23/2006,0
4/24/2006,0
4/25/2006,0.3
4/26/2006,0.7
4/27/2006,3.5
4/28/2006,0.3
4/29/2006,5
4/30/2006,0.4
5/1/2006,0
5/2/2006,5.6
5/3/2006,3.5
5/4/2006,2.6
5/5/2006,0
5/6/2006,0
5/7/2006,8.7
5/8/2006,10
5/9/2006,0.3
5/10/2006,0
5/11/2006,1.5
5/12/2006,25.2
5/13/2006,21.7
5/14/2006,20.4
5/15/2006,6.5
5/16/2006,14.5
5/17/2006,12.1
5/18/2006,6.1
5/19/2006,8.9
5/20/2006,0.7
5/21/2006,7.3
5/22/2006,10.2
5/23/2006,4.1
5/24/2006,0.7
5/25/2006,0
5/26/2006,0
5/27/2006,0
5/28/2006,0
5/29/2006,0
5/30/2006,0
5/31/2006,0
6/1/2006,0
6/2/2006,0
6/3/2006,0
6/4/2006,0
6/5/2006,0
6/6/2006,2.6
6/7/2006,0
6/8/2006,0
6/9/2006,0
6/10/2006,14.3
6/11/2006,2.4
6/12/2006,0
6/13/2006,0
6/14/2006,0
6/15/2006,1.1
6/16/2006,16
6/17/2006,0
6/18/2006,1.5
6/19/2006,0
6/20/2006,28.9
6/21/2006,1.3
6/22/2006,0.3
6/23/2006,5.9
6/24/2006,1.7
6/25/2006,14.5
6/26/2006,4.5
6/27/2006,2.8
6/28/2006,11.3
6/29/2006,0
6/30/2006,0.9
7/1/2006,7.2
7/2/2006,0
7/3/2006,1.7
7/4/2006,3.1
7/5/2006,0.3
7/6/2006,0.4
7/7/2006,11.1
7/8/2006,5
7/9/2006,3.5
7/10/2006,0.4
7/11/2006,2.1
7/12/2006,0
7/13/2006,0.7
7/14/2006,0
7/15/2006,1.5
7/16/2006,0
7/17/2006,12.8
7/18/2006,1.7
7/19/2006,0.7
7/20/2006,2
7/21/2006,0
7/22/2006,0
7/23/2006,20.1
7/24/2006,0
7/25/2006,12.1
7/26/2006,29.5
7/27/2006,26.6
7/28/2006,33.4
7/29/2006,0.3
7/30/2006,3.2
7/31/2006,0
8/1/2006,0
8/2/2006,0.3
8/3/2006,0
8/4/2006,0.3
8/5/2006,1.3
8/6/2006,0.4
8/7/2006,2.6
8/8/2006,2.8
8/9/2006,0
8/10/2006,0
8/11/2006,9.7
8/12/2006,0.7
8/13/2006,1.3
8/14/2006,0
8/15/2006,3.2
8/16/2006,0.3
8/17/2006,38.8
8/18/2006,5.9
8/19/2006,0
8/20/2006,1.5
8/21/2006,12
8/22/2006,0
8/23/2006,0
8/24/2006,0
8/25/2006,0
8/26/2006,22.4
8/27/2006,45.3
8/28/2006,3.5
8/29/2006,16.3
8/30/2006,5
8/31/2006,16.5
9/1/2006,27.3
9/2/2006,5.2
9/3/2006,33
9/4/2006,26.6
9/5/2006,24.2
9/6/2006,0.4
9/7/2006,0
9/8/2006,0
9/9/2006,0
9/10/2006,0.7
9/11/2006,2.4
9/12/2006,0.4
9/13/2006,2.8
9/14/2006,1.1
9/15/2006,0
9/16/2006,8
9/17/2006,0.3
9/18/2006,96.9
9/19/2006,2
9/20/2006,0
9/21/2006,1.3
9/22/2006,0.4
9/23/2006,79
9/24/2006,4.8
9/25/2006,7.6
9/26/2006,16.3
9/27/2006,1.5
9/28/2006,0.3
9/29/2006,0
9/30/2006,0.9
10/1/2006,0
10/2/2006,8.5
10/3/2006,1.5
10/4/2006,0
10/5/2006,0
10/6/2006,25.6
10/7/2006,14.5
10/8/2006,0.7
10/9/2006,0
10/10/2006,0
10/11/2006,0
10/12/2006,0
10/13/2006,0
10/14/2006,3.5
10/15/2006,1.5
10/16/2006,4.4
10/17/2006,17.3
10/18/2006,38
10/19/2006,9.6
10/20/2006,1.5
10/21/2006,2.1
10/22/2006,3.1
10/23/2006,3.7
10/24/2006,26
10/25/2006,30.1
10/26/2006,10.2
10/27/2006,0.3
10/28/2006,0.7
10/29/2006,0
10/30/2006,0
10/31/2006,8.9
11/1/2006,1.5
11/2/2006,0
11/3/2006,4.5
11/4/2006,47.5
11/5/2006,50.7
11/6/2006,15.6
11/7/2006,0.3
11/8/2006,1.7
11/9/2006,0
11/10/2006,0
11/11/2006,0
11/12/2006,0
11/13/2006,0
11/14/2006,21.3
11/15/2006,41.8
11/16/2006,28.2
11/17/2006,52.7
11/18/2006,7.3
11/19/2006,3.5
11/20/2006,41.7
11/21/2006,0.3
11/22/2006,0.3
11/23/2006,0
11/24/2006,3.5
11/25/2006,4.5
11/26/2006,6.1
11/27/2006,0
11/28/2006,0.3
11/29/2006,15.6
11/30/2006,0.3
12/1/2006,0
12/2/2006,11.3
12/3/2006,0
12/4/2006,102.4
12/5/2006,17.2
12/6/2006,10.6
12/7/2006,1.1
12/8/2006,0.7
12/9/2006,24.8
12/10/2006,29.3
12/11/2006,6.3
12/12/2006,47.5
12/13/2006,14.3
12/14/2006,27.6
12/15/2006,35.3
12/16/2006,17.6
12/17/2006,8.7
12/18/2006,9.1
12/19/2006,13
12/20/2006,11.1
12/21/2006,0
12/22/2006,0
12/23/2006,17.6
12/24/2006,16.9
12/25/2006,10.4
12/26/2006,8.3
12/27/2006,1.7
12/28/2006,16
12/29/2006,5.5
12/30/2006,0.7
12/31/2006,4.5
1/1/2007,5.9
1/2/2007,9.3
1/3/2007,18
1/4/2007,3.5
1/5/2007,0.4
1/6/2007,33.2
1/7/2007,10
1/8/2007,0
1/9/2007,0
1/10/2007,0
1/11/2007,0.4
1/12/2007,0.9
1/13/2007,15.8
1/14/2007,15.2
1/15/2007,0
1/16/2007,0
1/17/2007,7.2
1/18/2007,21
1/19/2007,120.5
1/20/2007,0.4
1/21/2007,72.6
1/22/2007,65.5
1/23/2007,12.1
1/24/2007,0
1/25/2007,0
1/26/2007,0.4
1/27/2007,0.3
1/28/2007,23.2
1/29/2007,12.5
1/30/2007,5.9
1/31/2007,1.3
2/1/2007,13.9
2/2/2007,65.7
2/3/2007,17.2
2/4/2007,0
2/5/2007,0.7
2/6/2007,0
2/7/2007,3.7
2/8/2007,4.5
2/9/2007,7.6
2/10/2007,8.5
2/11/2007,0
2/12/2007,0.9
2/13/2007,0.4
2/14/2007,4.4
2/15/2007,12.1
2/16/2007,0
2/17/2007,0
2/18/2007,0
2/19/2007,22.4
2/20/2007,23.6
2/21/2007,0
2/22/2007,20
2/23/2007,2.1
2/24/2007,0.3
2/25/2007,0.4
2/26/2007,8.5
2/27/2007,7.6
2/28/2007,0.3
3/1/2007,3.9
3/2/2007,3.5
3/3/2007,14.8
3/4/2007,20.4
3/5/2007,2.4
3/6/2007,10.6
3/7/2007,8.5
3/8/2007,1.3
3/9/2007,3.1
3/10/2007,2.8
3/11/2007,8.5
3/12/2007,31
3/13/2007,4.4
3/14/2007,34.9
3/15/2007,45.1
3/16/2007,36.5
3/17/2007,4.4
3/18/2007,8.5
3/19/2007,40.1
3/20/2007,2.6
3/21/2007,32.3
3/22/2007,1.3
3/23/2007,0.3
3/24/2007,12.5
3/25/2007,24.2
3/26/2007,0.4
3/27/2007,14.5
3/28/2007,31.7
3/29/2007,4.4
3/30/2007,1.1
3/31/2007,30.8
4/1/2007,2.1
4/2/2007,5.5
4/3/2007,1.3
4/4/2007,14.1
4/5/2007,0
4/6/2007,0
4/7/2007,1.3
4/8/2007,2.8
4/9/2007,2.1
4/10/2007,5.5
4/11/2007,0
4/12/2007,0
4/13/2007,2.6
4/14/2007,16.9
4/15/2007,0.3
4/16/2007,0.4
4/17/2007,3.7
4/18/2007,4.8
4/19/2007,5
4/20/2007,0.3
4/21/2007,0
4/22/2007,0.4
4/23/2007,0.3
4/24/2007,0.3
4/25/2007,14.9
4/26/2007,7.3
4/27/2007,6.5
4/28/2007,1.1
4/29/2007,0.7
4/30/2007,1.1
5/1/2007,2
5/2/2007,0
5/3/2007,0.7
5/4/2007,26
5/5/2007,3.1
5/6/2007,9.6
5/7/2007,10.2
5/8/2007,13
5/9/2007,1.7
5/10/2007,7.3
5/11/2007,2
5/12/2007,5
5/13/2007,0
5/14/2007,2.1
5/15/2007,36.6
5/16/2007,0.4
5/17/2007,9.1
5/18/2007,31.4
5/19/2007,13.9
5/20/2007,2.1
5/21/2007,28.9
5/22/2007,12
5/23/2007,0.4
5/24/2007,0
5/25/2007,0
5/26/2007,1.1
5/27/2007,52.7
5/28/2007,31.2
5/29/2007,13.2
5/30/2007,41.8
5/31/2007,18.4
6/1/2007,32.5
6/2/2007,1.1
6/3/2007,2.4
6/4/2007,1.7
6/5/2007,0
6/6/2007,1.3
6/7/2007,0
6/8/2007,0
6/9/2007,0
6/10/2007,0.7
6/11/2007,1.1
6/12/2007,0
6/13/2007,0
6/14/2007,2.6
6/15/2007,5.5
6/16/2007,0.7
6/17/2007,11.7
6/18/2007,0.9
6/19/2007,2.1
6/20/2007,0
6/21/2007,0
6/22/2007,3.7
6/23/2007,0.9
6/24/2007,0.4
6/25/2007,0
6/26/2007,0
6/27/2007,4.8
6/28/2007,0.7
6/29/2007,0
6/30/2007,0
7/1/2007,0
7/2/2007,0
7/3/2007,8.3
7/4/2007,0.3
7/5/2007,1.3
7/6/2007,0.3
7/7/2007,0
7/8/2007,0
7/9/2007,0
7/10/2007,2
7/11/2007,0.3
7/12/2007,13.2
7/13/2007,0
7/14/2007,0
7/15/2007,1.1
7/16/2007,2
7/17/2007,0
7/18/2007,1.1
7/19/2007,0.3
7/20/2007,0.3
7/21/2007,2
7/22/2007,0.3
7/23/2007,3.2
7/24/2007,20.6
7/25/2007,0
7/26/2007,27.3
7/27/2007,0.3
7/28/2007,0.9
7/29/2007,0.3
7/30/2007,2.4
7/31/2007,36
8/1/2007,11.7
8/2/2007,0.3
8/3/2007,0
8/4/2007,0
8/5/2007,0
8/6/2007,0
8/7/2007,0
8/8/2007,0
8/9/2007,0.7
8/10/2007,30
8/11/2007,1.1
8/12/2007,8.9
8/13/2007,2
8/14/2007,2.1
8/15/2007,6.3
8/16/2007,8.9
8/17/2007,0.7
8/18/2007,0
8/19/2007,0
8/20/2007,0
8/21/2007,0
8/22/2007,0.9
8/23/2007,15.6
8/24/2007,6.5
8/25/2007,4.4
8/26/2007,0.3
8/27/2007,0
8/28/2007,0
8/29/2007,0
8/30/2007,2.4
8/31/2007,0.4
9/1/2007,0.9
9/2/2007,11.1
9/3/2007,59
9/4/2007,21.9
9/5/2007,34.9
9/6/2007,1.5
9/7/2007,1.7
9/8/2007,0
9/9/2007,0.7
9/10/2007,0
9/11/2007,0
9/12/2007,13.9
9/13/2007,0.4
9/14/2007,2.8
9/15/2007,5.2
9/16/2007,12.5
9/17/2007,0.4
9/18/2007,10.8
9/19/2007,17.2
9/20/2007,0
9/21/2007,0
9/22/2007,1.5
9/23/2007,10.4
9/24/2007,79
9/25/2007,22.1
9/26/2007,1.1
9/27/2007,22.1
9/28/2007,19.7
9/29/2007,13
9/30/2007,5.2
10/1/2007,0.3
10/2/2007,0.7
10/3/2007,0
10/4/2007,0.9
10/5/2007,10.2
10/6/2007,1.7
10/7/2007,52.9
10/8/2007,3.7
10/9/2007,19.3
10/10/2007,28
10/11/2007,16.3
10/12/2007,11.1
10/13/2007,12.1
10/14/2007,3.5
10/15/2007,9.6
10/16/2007,0.3
10/17/2007,2.8
10/18/2007,2.4
10/19/2007,10.6
10/20/2007,47.7
10/21/2007,8.5
10/22/2007,14.3
10/23/2007,1.5
10/24/2007,0.9
10/25/2007,0.4
10/26/2007,14.3
10/27/2007,52.7
10/28/2007,0.3
10/29/2007,14.5
10/30/2007,5
10/31/2007,4.8
11/1/2007,22.5
11/2/2007,0
11/3/2007,1.7
11/4/2007,3.9
11/5/2007,11.1
11/6/2007,5.6
11/7/2007,2.1
11/8/2007,4.8
11/9/2007,1.1
11/10/2007,0
11/11/2007,0
11/12/2007,2.4
11/13/2007,18
11/14/2007,8.7
11/15/2007,4.8
11/16/2007,14.1
11/17/2007,3.1
11/18/2007,0
11/19/2007,0
11/20/2007,11.5
11/21/2007,101.2
11/22/2007,33.4
11/23/2007,2.4
11/24/2007,5.5
11/25/2007,0.3
11/26/2007,0
11/27/2007,0
11/28/2007,5.5
11/29/2007,50.7
11/30/2007,2.6
12/1/2007,13.2
12/2/2007,13.4
12/3/2007,1.3
12/4/2007,0
12/5/2007,10.6
12/6/2007,21.7
12/7/2007,4.1
12/8/2007,32.8
12/9/2007,2.1
12/10/2007,8
12/11/2007,5.6
12/12/2007,5.6
12/13/2007,0
12/14/2007,24.5
12/15/2007,5.9
12/16/2007,5.6
12/17/2007,0
12/18/2007,0.4
12/19/2007,19.7
12/20/2007,0.7
12/21/2007,0
12/22/2007,0
12/23/2007,0.4
12/24/2007,4.1
12/25/2007,2.6
12/26/2007,0
12/27/2007,9.7
12/28/2007,13.7
12/29/2007,7.8
12/30/2007,0
12/31/2007,0
1/1/2008,0
1/2/2008,5.9
1/3/2008,12.4
1/4/2008,0
1/5/2008,2.1
1/6/2008,78
1/7/2008,5.9
1/8/2008,52.9
1/9/2008,5
1/10/2008,0.4
1/11/2008,16.7
1/12/2008,25.8
1/13/2008,2
1/14/2008,12.8
1/15/2008,0.9
1/16/2008,21.9
1/17/2008,5.5
1/18/2008,0.4
1/19/2008,56.2
1/20/2008,50.1
1/21/2008,29
1/22/2008,5
1/23/2008,0
1/24/2008,18.4
1/25/2008,28.2
1/26/2008,3.1
1/27/2008,0
1/28/2008,2.6
1/29/2008,6.5
1/30/2008,28.9
1/31/2008,3.9
2/1/2008,0.3
2/2/2008,2.1
2/3/2008,6.5
2/4/2008,1.7
2/5/2008,2.4
2/6/2008,0.4
2/7/2008,2.4
2/8/2008,3.2
2/9/2008,1.3
2/10/2008,3.5
2/11/2008,0
2/12/2008,11.3
2/13/2008,1.1
2/14/2008,0
2/15/2008,3.2
2/16/2008,0
2/17/2008,0
2/18/2008,2.6
2/19/2008,11.7
2/20/2008,0.9
2/21/2008,0
2/22/2008,0.7
2/23/2008,12.1
2/24/2008,2.8
2/25/2008,4.4
2/26/2008,5.2
2/27/2008,10.6
2/28/2008,2.8
2/29/2008,13
3/1/2008,0.4
3/2/2008,6.5
3/3/2008,62.7
3/4/2008,39
3/5/2008,4.5
3/6/2008,4.4
3/7/2008,1.1
3/8/2008,0.4
3/9/2008,1.3
3/10/2008,2.6
3/11/2008,0
3/12/2008,0.4
3/13/2008,0
3/14/2008,0.4
3/15/2008,3.5
3/16/2008,2
3/17/2008,8
3/18/2008,0.4
3/19/2008,6.9
3/20/2008,0
3/21/2008,2.6
3/22/2008,3.7
3/23/2008,2.4
3/24/2008,41.2
3/25/2008,0
3/26/2008,0.3
3/27/2008,0
3/28/2008,3.7
3/29/2008,8
3/30/2008,11.3
3/31/2008,0.9
4/1/2008,9.7
4/2/2008,0
4/3/2008,0
4/4/2008,18.4
4/5/2008,4.5
4/6/2008,0.3
4/7/2008,0.4
4/8/2008,5.2
4/9/2008,0
4/10/2008,2.6
4/11/2008,0
4/12/2008,0
4/13/2008,13.4
4/14/2008,2.1
4/15/2008,25.6
4/16/2008,32.3
4/17/2008,112.5
4/18/2008,1.1
4/19/2008,0
4/20/2008,0
4/21/2008,8.3
4/22/2008,1.1
4/23/2008,7.8
4/24/2008,0
4/25/2008,0
4/26/2008,1.7
4/27/2008,25.2
4/28/2008,6.3
4/29/2008,0.7
4/30/2008,0.3
5/1/2008,0.4
5/2/2008,4.1
5/3/2008,0.9
5/4/2008,2.4
5/5/2008,3.1
5/6/2008,1.3
5/7/2008,0.3
5/8/2008,20.8
5/9/2008,4.4
5/10/2008,0.4
5/11/2008,0.4
5/12/2008,82
5/13/2008,1.1
5/14/2008,0
5/15/2008,0
5/16/2008,0
5/17/2008,2
5/18/2008,51.8
5/19/2008,73.5
5/20/2008,4.5
5/21/2008,21.7
5/22/2008,0
5/23/2008,0
5/24/2008,0
5/25/2008,12.1
5/26/2008,14.1
5/27/2008,3.2
5/28/2008,16.7
5/29/2008,6.5
5/30/2008,3.7
5/31/2008,98.7
6/1/2008,2.4
6/2/2008,3.9
6/3/2008,0
6/4/2008,1.3
6/5/2008,26.5
6/6/2008,2.4
6/7/2008,31.8
6/8/2008,0
6/9/2008,5.6
6/10/2008,0.3
6/11/2008,10.2
6/12/2008,3.9
6/13/2008,4.8
6/14/2008,81.5
6/15/2008,2.4
6/16/2008,0.3
6/17/2008,3.7
6/18/2008,20.8
6/19/2008,1.1
6/20/2008,0.7
6/21/2008,28.4
6/22/2008,0
6/23/2008,4.4
6/24/2008,18
6/25/2008,0
6/26/2008,0
6/27/2008,6.1
6/28/2008,0
6/29/2008,0
6/30/2008,0
7/1/2008,0
7/2/2008,13.2
7/3/2008,0.7
7/4/2008,2
7/5/2008,5
7/6/2008,1.5
7/7/2008,0.3
7/8/2008,0
7/9/2008,11.1
7/10/2008,5.5
7/11/2008,0.3
7/12/2008,0.3
7/13/2008,3.7
7/14/2008,38.6
7/15/2008,10.8
7/16/2008,1.5
7/17/2008,0
7/18/2008,0.4
7/19/2008,0.3
7/20/2008,2
7/21/2008,0
7/22/2008,0
7/23/2008,0
7/24/2008,0
7/25/2008,0
7/26/2008,0
7/27/2008,0
7/28/2008,0
7/29/2008,0
7/30/2008,0
7/31/2008,0
8/1/2008,0
8/2/2008,0
8/3/2008,1.1
8/4/2008,0
8/5/2008,0
8/6/2008,0
8/7/2008,0
8/8/2008,20.8
8/9/2008,8.7
8/10/2008,0
8/11/2008,0.9
8/12/2008,5.2
8/13/2008,0.7
8/14/2008,0
8/15/2008,4.1
8/16/2008,0
8/17/2008,0
8/18/2008,2.6
8/19/2008,15.6
8/20/2008,0
8/21/2008,0
8/22/2008,0.9
8/23/2008,2.8
8/24/2008,0
8/25/2008,1.1
8/26/2008,0
8/27/2008,0
8/28/2008,0
8/29/2008,0
8/30/2008,0
8/31/2008,13.4
9/1/2008,4.8
9/2/2008,24.8
9/3/2008,15.8
9/4/2008,0.9
9/5/2008,0
9/6/2008,0
9/7/2008,0.3
9/8/2008,0.4
9/9/2008,0.3
9/10/2008,0
9/11/2008,0
9/12/2008,0
9/13/2008,1.1
9/14/2008,0
9/15/2008,3.1
9/16/2008,31.4
9/17/2008,0
9/18/2008,0
9/19/2008,0.4
9/20/2008,0
9/21/2008,0.3
9/22/2008,0
9/23/2008,0
9/24/2008,3.2
9/25/2008,0
9/26/2008,0
9/27/2008,10
9/28/2008,1.5
9/29/2008,34.9
9/30/2008,0
10/1/2008,0.3
10/2/2008,3.1
10/3/2008,7.8
10/4/2008,4.5
10/5/2008,19.1
10/6/2008,0
10/7/2008,1.3
10/8/2008,0
10/9/2008,0
10/10/2008,5
10/11/2008,0
10/12/2008,0
10/13/2008,0
10/14/2008,2.4
10/15/2008,0
10/16/2008,0.3
10/17/2008,0.7
10/18/2008,0
10/19/2008,0
10/20/2008,0
10/21/2008,0
10/22/2008,0
10/23/2008,0.3
10/24/2008,8.3
10/25/2008,2
10/26/2008,0.3
10/27/2008,0
10/28/2008,0.3
10/29/2008,10.6
10/30/2008,4.4
10/31/2008,0
11/1/2008,1.1
11/2/2008,3.2
11/3/2008,2.6
11/4/2008,0
11/5/2008,6.1
11/6/2008,10.6
11/7/2008,4.8
11/8/2008,52.7
11/9/2008,0.4
11/10/2008,0
11/11/2008,21.9
11/12/2008,8.9
11/13/2008,0
11/14/2008,13.2
11/15/2008,4.4
11/16/2008,0.7
11/17/2008,0
11/18/2008,0
11/19/2008,20
11/20/2008,10.6
11/21/2008,5.5
11/22/2008,13.4
11/23/2008,0.9
11/24/2008,19.1
11/25/2008,2.8
11/26/2008,4.5
11/27/2008,18
11/28/2008,27.6
11/29/2008,0
11/30/2008,4.5
12/1/2008,2.4
12/2/2008,2.4
12/3/2008,25.2
12/4/2008,18.9
12/5/2008,36.6
12/6/2008,53.5
12/7/2008,81.8
12/8/2008,77.9
12/9/2008,0
12/10/2008,0
12/11/2008,11.1
12/12/2008,15.6
12/13/2008,32.8
12/14/2008,0
12/15/2008,0
12/16/2008,0
12/17/2008,1.1
12/18/2008,0
12/19/2008,0
12/20/2008,1.1
12/21/2008,0
12/22/2008,5
12/23/2008,0
12/24/2008,0.4
12/25/2008,0
12/26/2008,1.7
12/27/2008,13.2
12/28/2008,7.3
12/29/2008,1.3
12/30/2008,11.3
12/31/2008,0.9
1/1/2009,1.1
1/2/2009,0.7
1/3/2009,23.6
1/4/2009,18.2
1/5/2009,3.7
1/6/2009,0.4
1/7/2009,0
1/8/2009,5.6
1/9/2009,0.9
1/10/2009,0.4
1/11/2009,10.8
1/12/2009,9.3
1/13/2009,12.5
1/14/2009,16.5
1/15/2009,0
1/16/2009,14.5
1/17/2009,6.1
1/18/2009,16
1/19/2009,23.4
1/20/2009,1.1
1/21/2009,2
1/22/2009,12
1/23/2009,6.9
1/24/2009,5.9
1/25/2009,3.5
1/26/2009,11.1
1/27/2009,1.7
1/28/2009,2
1/29/2009,19.7
1/30/2009,7.8
1/31/2009,8.5
2/1/2009,5.9
2/2/2009,12.8
2/3/2009,0
2/4/2009,0.7
2/5/2009,0.9
2/6/2009,0.9
2/7/2009,4.8
2/8/2009,35.6
2/9/2009,1.1
2/10/2009,0
2/11/2009,2.4
2/12/2009,3.5
2/13/2009,10.8
2/14/2009,0.9
2/15/2009,0.7
2/16/2009,0
2/17/2009,1.3
2/18/2009,0
2/19/2009,19.7
2/20/2009,0.4
2/21/2009,32.3
2/22/2009,5.2
2/23/2009,8.9
2/24/2009,3.9
2/25/2009,10
2/26/2009,0
2/27/2009,0.4
2/28/2009,2.4
3/1/2009,2.1
3/2/2009,0.3
3/3/2009,5
3/4/2009,0
3/5/2009,1.1
3/6/2009,0.4
3/7/2009,0.4
3/8/2009,4.8
3/9/2009,0
3/10/2009,3.9
3/11/2009,17.2
3/12/2009,16.9
3/13/2009,9.6
3/14/2009,2.6
3/15/2009,1.5
3/16/2009,16.7
3/17/2009,0
3/18/2009,0
3/19/2009,0
3/20/2009,29.5
3/21/2009,11.3
3/22/2009,0.3
3/23/2009,0.3
3/24/2009,0.3
3/25/2009,0.4
3/26/2009,0.9
3/27/2009,1.3
3/28/2009,5.6
3/29/2009,3.7
3/30/2009,13.9
3/31/2009,67
4/1/2009,12.1
4/2/2009,43.1
4/3/2009,10.8
4/4/2009,40.1
4/5/2009,1.1
4/6/2009,1.5
4/7/2009,2.1
4/8/2009,39.4
4/9/2009,1.3
4/10/2009,17.8
4/11/2009,3.5
4/12/2009,0.4
4/13/2009,0
4/14/2009,0.3
4/15/2009,8.3
4/16/2009,0.7
4/17/2009,0
4/18/2009,0.4
4/19/2009,3.2
4/20/2009,0.9
4/21/2009,0
4/22/2009,0.3
4/23/2009,0
4/24/2009,0
4/25/2009,0
4/26/2009,1.5
4/27/2009,3.2
4/28/2009,9.1
4/29/2009,0
4/30/2009,0
5/1/2009,0
5/2/2009,0
5/3/2009,0
5/4/2009,12.8
5/5/2009,0
5/6/2009,3.1
5/7/2009,14.8
5/8/2009,14.8
5/9/2009,23.8
5/10/2009,87.8
5/11/2009,10.4
5/12/2009,11.1
5/13/2009,10.4
5/14/2009,51.8
5/15/2009,13.9
5/16/2009,6.1
5/17/2009,91.3
5/18/2009,0.7
5/19/2009,9.1
5/20/2009,25.6
5/21/2009,10.6
5/22/2009,3.1
5/23/2009,8.5
5/24/2009,0
5/25/2009,0.9
5/26/2009,0.3
5/27/2009,1.7
5/28/2009,0
5/29/2009,0
5/30/2009,3.2
5/31/2009,0.3
6/1/2009,3.9
6/2/2009,3.1
6/3/2009,4.5
6/4/2009,14.5
6/5/2009,0.7
6/6/2009,3.7
6/7/2009,0
6/8/2009,0
6/9/2009,0.3
6/10/2009,1.1
6/11/2009,0
6/12/2009,0
6/13/2009,0
6/14/2009,0
6/15/2009,0
6/16/2009,0
6/17/2009,0
6/18/2009,2
6/19/2009,0.7
6/20/2009,22.4
6/21/2009,2.6
6/22/2009,3.2
6/23/2009,1.7
6/24/2009,5.5
6/25/2009,2.4
6/26/2009,6.9
6/27/2009,0.3
6/28/2009,0
6/29/2009,0
6/30/2009,0
7/1/2009,10
7/2/2009,6.3
7/3/2009,52.7
7/4/2009,0.4
7/5/2009,0
7/6/2009,0
7/7/2009,0
7/8/2009,1.5
7/9/2009,3.7
7/10/2009,3.5
7/11/2009,3.9
7/12/2009,0.9
7/13/2009,0
7/14/2009,0
7/15/2009,3.9
7/16/2009,20.6
7/17/2009,1.5
7/18/2009,0
7/19/2009,0.3
7/20/2009,2.6
7/21/2009,3.1
7/22/2009,5.2
7/23/2009,0.4
7/24/2009,3.1
7/25/2009,2
7/26/2009,6.5
7/27/2009,63.3
7/28/2009,2.1
7/29/2009,2.6
7/30/2009,11.7
7/31/2009,4.4
8/1/2009,0
8/2/2009,0.3
8/3/2009,0.3
8/4/2009,0
8/5/2009,0.7
8/6/2009,27.1
8/7/2009,7.3
8/8/2009,0.3
8/9/2009,0.7
8/10/2009,17.2
8/11/2009,0.9
8/12/2009,1.7
8/13/2009,0.3
8/14/2009,0.7
8/15/2009,38
8/16/2009,25.8
8/17/2009,0.7
8/18/2009,2.1
8/19/2009,12.5
8/20/2009,0.3
8/21/2009,0
8/22/2009,0
8/23/2009,16.7
8/24/2009,67.2
8/25/2009,2
8/26/2009,0
8/27/2009,0
8/28/2009,0
8/29/2009,0
8/30/2009,1.3
8/31/2009,2.1
9/1/2009,9.1
9/2/2009,3.9
9/3/2009,24.2
9/4/2009,0.3
9/5/2009,4.8
9/6/2009,47.7
9/7/2009,1.7
9/8/2009,0.4
9/9/2009,2.1
9/10/2009,1.7
9/11/2009,0
9/12/2009,0
9/13/2009,1.7
9/14/2009,32.3
9/15/2009,0.3
9/16/2009,0.4
9/17/2009,2.4
9/18/2009,0
9/19/2009,0.3
9/20/2009,0.7
9/21/2009,1.5
9/22/2009,0
9/23/2009,0
9/24/2009,0
9/25/2009,0
9/26/2009,0
9/27/2009,0
9/28/2009,0.7
9/29/2009,0
9/30/2009,0
10/1/2009,0.3
10/2/2009,0
10/3/2009,0
10/4/2009,1.7
10/5/2009,0
10/6/2009,0
10/7/2009,0
10/8/2009,0.4
10/9/2009,0.9
10/10/2009,0
10/11/2009,0
10/12/2009,0
10/13/2009,51
10/14/2009,42.1
10/15/2009,7.8
10/16/2009,0.3
10/17/2009,1.1
10/18/2009,4.5
10/19/2009,0.4
10/20/2009,0.3
10/21/2009,5.2
10/22/2009,0
10/23/2009,1.1
10/24/2009,2
10/25/2009,0
10/26/2009,0
10/27/2009,0.9
10/28/2009,0
10/29/2009,0
10/30/2009,18
10/31/2009,25.6
11/1/2009,0
11/2/2009,1.3
11/3/2009,0
11/4/2009,1.7
11/5/2009,0
11/6/2009,11.7
11/7/2009,74.4
11/8/2009,54.9
11/9/2009,34.7
11/10/2009,13.9
11/11/2009,44.2
11/12/2009,0
11/13/2009,0
11/14/2009,22.5
11/15/2009,0
11/16/2009,0
11/17/2009,0
11/18/2009,0.3
11/19/2009,0
11/20/2009,0
11/21/2009,1.3
11/22/2009,0.9
11/23/2009,0
11/24/2009,0
11/25/2009,7.6
11/26/2009,35.8
11/27/2009,28.6
11/28/2009,16.9
11/29/2009,6.3
11/30/2009,4.1
12/1/2009,13.4
12/2/2009,5
12/3/2009,2.1
12/4/2009,12.5
12/5/2009,0.3
12/6/2009,1.1
12/7/2009,0.3
12/8/2009,12.4
12/9/2009,14.8
12/10/2009,143.1
12/11/2009,49
12/12/2009,0
12/13/2009,0
12/14/2009,0
12/15/2009,0
12/16/2009,0
12/17/2009,2.8
12/18/2009,0
12/19/2009,0
12/20/2009,0
12/21/2009,0
12/22/2009,0
12/23/2009,0
12/24/2009,0.3
12/25/2009,3.2
12/26/2009,88
12/27/2009,116.2
12/28/2009,59.8
12/29/2009,23.2
12/30/2009,17.6
12/31/2009,29
1/1/2010,9.3
1/2/2010,32.8
1/3/2010,11.5
1/4/2010,11.1
1/5/2010,3.5
1/6/2010,8.9
1/7/2010,4.4
1/8/2010,1.5
1/9/2010,0
1/10/2010,8.7
1/11/2010,1.3
1/12/2010,3.5
1/13/2010,4.4
1/14/2010,28
1/15/2010,8.5
1/16/2010,3.9
1/17/2010,0
1/18/2010,2.1
1/19/2010,1.3
1/20/2010,0.9
1/21/2010,8.3
1/22/2010,8
1/23/2010,6.9
1/24/2010,149.8
1/25/2010,47.5
1/26/2010,27.7
1/27/2010,119.3
1/28/2010,1.5
1/29/2010,0
1/30/2010,2.8
1/31/2010,96.7
2/1/2010,0
2/2/2010,39.9
2/3/2010,1.7
2/4/2010,1.1
2/5/2010,0
2/6/2010,0.4
2/7/2010,2
2/8/2010,0
2/9/2010,21.3
2/10/2010,4.4
2/11/2010,0.3
2/12/2010,67.6
2/13/2010,60.7
2/14/2010,0.9
2/15/2010,62
2/16/2010,0.4
2/17/2010,3.9
2/18/2010,1.3
2/19/2010,1.5
2/20/2010,2
2/21/2010,16.5
2/22/2010,46.2
2/23/2010,4.8
2/24/2010,3.2
2/25/2010,0.4
2/26/2010,0.9
2/27/2010,0
2/28/2010,0
3/1/2010,4.8
3/2/2010,0
3/3/2010,0.7
3/4/2010,1.5
3/5/2010,0.4
3/6/2010,0.9
3/7/2010,2.6
3/8/2010,1.1
3/9/2010,3.7
3/10/2010,5
3/11/2010,5.6
3/12/2010,0.3
3/13/2010,0.3
3/14/2010,0
3/15/2010,0
3/16/2010,0
3/17/2010,0
3/18/2010,0.9
3/19/2010,0
3/20/2010,0
3/21/2010,0.9
3/22/2010,0
3/23/2010,0.4
3/24/2010,0.4
3/25/2010,0
3/26/2010,0.7
3/27/2010,14.9
3/28/2010,57
3/29/2010,0
3/30/2010,6.3
3/31/2010,0
4/1/2010,0
4/2/2010,1.7
4/3/2010,5.5
4/4/2010,0.3
4/5/2010,0.7
4/6/2010,1.7
4/7/2010,9.6
4/8/2010,14.3
4/9/2010,0.3
4/10/2010,0.7
4/11/2010,0.3
4/12/2010,0.9
4/13/2010,71.5
4/14/2010,5.9
4/15/2010,0.3
4/16/2010,6.1
4/17/2010,24.9
4/18/2010,6.7
4/19/2010,0
4/20/2010,0
4/21/2010,8.9
4/22/2010,2.1
4/23/2010,10.4
4/24/2010,0
4/25/2010,2.8
4/26/2010,11.1
4/27/2010,0
4/28/2010,8.5
4/29/2010,29.3
4/30/2010,0
5/1/2010,0
5/2/2010,0.4
5/3/2010,4.8
5/4/2010,28
5/5/2010,0
5/6/2010,18.4
5/7/2010,35.8
5/8/2010,2
5/9/2010,8
5/10/2010,0.7
5/11/2010,13.9
5/12/2010,0
5/13/2010,0
5/14/2010,0
5/15/2010,0
5/16/2010,0
5/17/2010,3.2
5/18/2010,0.3
5/19/2010,0.4
5/20/2010,0
5/21/2010,2.1
5/22/2010,4.5
5/23/2010,3.9
5/24/2010,2
5/25/2010,1.1
5/26/2010,0
5/27/2010,2.8
5/28/2010,3.2
5/29/2010,2.8
5/30/2010,0
5/31/2010,5
6/1/2010,6.3
6/2/2010,4.5
6/3/2010,4.5
6/4/2010,2.6
6/5/2010,12.1
6/6/2010,2
6/7/2010,3.1
6/8/2010,0.7
6/9/2010,9.1
6/10/2010,14.3
6/11/2010,0
6/12/2010,6.1
6/13/2010,1.7
6/14/2010,2.6
6/15/2010,4.1
6/16/2010,13.4
6/17/2010,3.9
6/18/2010,0.7
6/19/2010,1.7
6/20/2010,4.1
6/21/2010,0.4
6/22/2010,1.1
6/23/2010,5.6
6/24/2010,0.7
6/25/2010,0.3
6/26/2010,1.1
6/27/2010,0
6/28/2010,2.8
6/29/2010,0
6/30/2010,0
7/1/2010,0
7/2/2010,12.1
7/3/2010,0
7/4/2010,0.7
7/5/2010,2.4
7/6/2010,0
7/7/2010,4.1
7/8/2010,1.3
7/9/2010,0.3
7/10/2010,26.2
7/11/2010,12.1
7/12/2010,14.9
7/13/2010,4.5
7/14/2010,21.3
7/15/2010,0
7/16/2010,3.2
7/17/2010,0.4
7/18/2010,2.8
7/19/2010,9.3
7/20/2010,0
7/21/2010,2.1
7/22/2010,3.5
7/23/2010,0
7/24/2010,1.5
7/25/2010,0.3
7/26/2010,2.1
7/27/2010,5.2
7/28/2010,2.6
7/29/2010,0.3
7/30/2010,7.2
7/31/2010,39.4
8/1/2010,1.7
8/2/2010,0
8/3/2010,0
8/4/2010,0
8/5/2010,0.4
8/6/2010,0
8/7/2010,2.6
8/8/2010,2.4
8/9/2010,0.3
8/10/2010,26.9
8/11/2010,0
8/12/2010,1.5
8/13/2010,2.6
8/14/2010,2
8/15/2010,8.9
8/16/2010,0.7
8/17/2010,3.7
8/18/2010,0
8/19/2010,0
8/20/2010,17.3
8/21/2010,0
8/22/2010,0
8/23/2010,0
8/24/2010,9.7
8/25/2010,0.3
8/26/2010,0
8/27/2010,3.1
8/28/2010,9.7
8/29/2010,0
8/30/2010,0
8/31/2010,0
9/1/2010,0
9/2/2010,0
9/3/2010,0
9/4/2010,0
9/5/2010,3.1
9/6/2010,1.5
9/7/2010,0.9
9/8/2010,7.2
9/9/2010,13.7
9/10/2010,20.6
9/11/2010,0.9
9/12/2010,1.1
9/13/2010,31.4
9/14/2010,68.1
9/15/2010,6.9
9/16/2010,11.1
9/17/2010,3.1
9/18/2010,8.7
9/19/2010,10
9/20/2010,0.7
9/21/2010,0.3
9/22/2010,2.4
9/23/2010,0.3
9/24/2010,4.5
9/25/2010,2.1
9/26/2010,1.3
9/27/2010,0
9/28/2010,8.5
9/29/2010,0.7
9/30/2010,1.3
10/1/2010,0
10/2/2010,0.3
10/3/2010,73.3
10/4/2010,0
10/5/2010,0
10/6/2010,0
10/7/2010,67.2
10/8/2010,2.6
10/9/2010,0
10/10/2010,8
10/11/2010,0
10/12/2010,0
10/13/2010,0.3
10/14/2010,7.8
10/15/2010,0.3
10/16/2010,1.7
10/17/2010,12.1
10/18/2010,5.6
10/19/2010,2.1
10/20/2010,7.2
10/21/2010,4.4
10/22/2010,0.9
10/23/2010,1.5
10/24/2010,0.7
10/25/2010,2.4
10/26/2010,6.3
10/27/2010,36.2
10/28/2010,16.3
10/29/2010,2.1
10/30/2010,0.9
10/31/2010,72.4
11/1/2010,1.5
11/2/2010,12
11/3/2010,0
11/4/2010,2.4
11/5/2010,0
11/6/2010,0.3
11/7/2010,0
11/8/2010,0
11/9/2010,19.5
11/10/2010,16.5
11/11/2010,3.2
11/12/2010,11.7
11/13/2010,3.1
11/14/2010,0
11/15/2010,0.3
11/16/2010,0
11/17/2010,27.7
11/18/2010,4.1
11/19/2010,42.7
11/20/2010,44.2
11/21/2010,1.3
11/22/2010,5.2
11/23/2010,0.9
11/24/2010,0
11/25/2010,0
11/26/2010,0
11/27/2010,0.4
11/28/2010,0.3
11/29/2010,1.3
11/30/2010,0
12/1/2010,27.1
12/2/2010,2.1
12/3/2010,11.5
12/4/2010,8.5
12/5/2010,5.6
12/6/2010,12.1
12/7/2010,4.8
12/8/2010,18.6
12/9/2010,3.1
12/10/2010,0.3
12/11/2010,10
12/12/2010,8.5
12/13/2010,2.6
12/14/2010,1.7
12/15/2010,10.8
12/16/2010,1.1
12/17/2010,7.6
12/18/2010,65
12/19/2010,11.7
12/20/2010,0.3
12/21/2010,0
12/22/2010,0
12/23/2010,1.5
12/24/2010,0
12/25/2010,0.4
12/26/2010,5.5
12/27/2010,23.8
12/28/2010,12.5
12/29/2010,0.3
12/30/2010,10.4
12/31/2010,0.3
1/1/2011,15.6
1/2/2011,24.2
1/3/2011,11.3
1/4/2011,13.4
1/5/2011,26.2
1/6/2011,6.1
1/7/2011,0.4
1/8/2011,1.7
1/9/2011,12.5
1/10/2011,48.8
1/11/2011,0
1/12/2011,14.8
1/13/2011,11.1
1/14/2011,3.1
1/15/2011,9.6
1/16/2011,3.2
1/17/2011,13.7
1/18/2011,17.6
1/19/2011,6.1
1/20/2011,19.3
1/21/2011,41.7
1/22/2011,47
1/23/2011,33.4
1/24/2011,126.9
1/25/2011,16.7
1/26/2011,10.4
1/27/2011,6.9
1/28/2011,2
1/29/2011,0
1/30/2011,13.7
1/31/2011,0.4
2/1/2011,46.6
2/2/2011,3.7
2/3/2011,0.3
2/4/2011,9.3
2/5/2011,9.3
2/6/2011,14.8
2/7/2011,9.7
2/8/2011,4.1
2/9/2011,4.8
2/10/2011,2.6
2/11/2011,16.9
2/12/2011,12.8
2/13/2011,84.3
2/14/2011,8
2/15/2011,24.8
2/16/2011,1.1
2/17/2011,13
2/18/2011,18.4
2/19/2011,0
2/20/2011,0.3
2/21/2011,0.9
2/22/2011,1.3
2/23/2011,2.4
2/24/2011,0
2/25/2011,0
2/26/2011,0
2/27/2011,1.1
2/28/2011,0
3/1/2011,0.7
3/2/2011,6.9
3/3/2011,12.5
3/4/2011,0
3/5/2011,0
3/6/2011,9.7
3/7/2011,0
3/8/2011,0
3/9/2011,10.6
3/10/2011,13.2
3/11/2011,0.3
3/12/2011,0
3/13/2011,1.3
3/14/2011,2.1
3/15/2011,6.3
3/16/2011,1.1
3/17/2011,2.4
3/18/2011,0.3
3/19/2011,0
3/20/2011,1.7
3/21/2011,3.9
3/22/2011,5.6
3/23/2011,2.8
3/24/2011,0
3/25/2011,0.4
3/26/2011,1.7
3/27/2011,0.9
3/28/2011,0
3/29/2011,2.8
3/30/2011,6.7
3/31/2011,31
4/1/2011,28.6
4/2/2011,8.7
4/3/2011,0.3
4/4/2011,0.4
4/5/2011,0
4/6/2011,0
4/7/2011,0
4/8/2011,0.4
4/9/2011,0.4
4/10/2011,1.3
4/11/2011,0
4/12/2011,0
4/13/2011,0.4
4/14/2011,0.3
4/15/2011,0
4/16/2011,0
4/17/2011,0
4/18/2011,1.5
4/19/2011,1.7
4/20/2011,6.5
4/21/2011,1.1
4/22/2011,6.1
4/23/2011,8.5
4/24/2011,0
4/25/2011,0.4
4/26/2011,2.1
4/27/2011,1.1
4/28/2011,16.5
4/29/2011,0.7
4/30/2011,0
5/1/2011,4.4
5/2/2011,2
5/3/2011,0
5/4/2011,0
5/5/2011,0
5/6/2011,0
5/7/2011,0.4
5/8/2011,18
5/9/2011,3.1
5/10/2011,0.3
5/11/2011,1.5
5/12/2011,0
5/13/2011,11.7
5/14/2011,6.5
5/15/2011,0
5/16/2011,0.4
5/17/2011,12.8
5/18/2011,0.9
5/19/2011,0
5/20/2011,0
5/21/2011,0
5/22/2011,0
5/23/2011,0
5/24/2011,2
5/25/2011,0.3
5/26/2011,0.9
5/27/2011,0.7
5/28/2011,3.7
5/29/2011,10
5/30/2011,0.9
5/31/2011,0
6/1/2011,0.3
6/2/2011,8.9
6/3/2011,52.9
6/4/2011,33
6/5/2011,3.1
6/6/2011,0.4
6/7/2011,0.3
6/8/2011,0
6/9/2011,5
6/10/2011,6.1
6/11/2011,2
6/12/2011,0.7
6/13/2011,0.4
6/14/2011,0
6/15/2011,0
6/16/2011,0
6/17/2011,6.3
6/18/2011,0
6/19/2011,0
6/20/2011,19.5
6/21/2011,6.9
6/22/2011,2
6/23/2011,0.3
6/24/2011,0.4
6/25/2011,2
6/26/2011,0
6/27/2011,0
6/28/2011,0
6/29/2011,1.3
6/30/2011,0.7
7/1/2011,0
7/2/2011,0
7/3/2011,0
7/4/2011,0
7/5/2011,1.1
7/6/2011,2.6
7/7/2011,0
7/8/2011,0
7/9/2011,0
7/10/2011,0
7/11/2011,0.3
7/12/2011,0
7/13/2011,3.9
7/14/2011,3.7
7/15/2011,0
7/16/2011,0
7/17/2011,3.5
7/18/2011,1.1
7/19/2011,0
7/20/2011,1.5
7/21/2011,0
7/22/2011,0
7/23/2011,0
7/24/2011,0
7/25/2011,0
7/26/2011,2.4
7/27/2011,8.9
7/28/2011,16.7
7/29/2011,4.1
7/30/2011,0.4
7/31/2011,0
8/1/2011,0
8/2/2011,21
8/3/2011,0
8/4/2011,0
8/5/2011,0
8/6/2011,3.1
8/7/2011,0.9
8/8/2011,0
8/9/2011,5.6
8/10/2011,0
8/11/2011,0
8/12/2011,0
8/13/2011,0
8/14/2011,1.3
8/15/2011,0.7
8/16/2011,0.3
8/17/2011,0
8/18/2011,0
8/19/2011,0
8/20/2011,0
8/21/2011,1.5
8/22/2011,11.3
8/23/2011,4.8
8/24/2011,1.7
8/25/2011,2
8/26/2011,5
8/27/2011,5
8/28/2011,2
8/29/2011,3.9
8/30/2011,9.1
8/31/2011,4.5
9/1/2011,0
9/2/2011,0
9/3/2011,0
9/4/2011,0
9/5/2011,0
9/6/2011,0.7
9/7/2011,0
9/8/2011,0
9/9/2011,0
9/10/2011,4.8
9/11/2011,0
9/12/2011,0
9/13/2011,0
9/14/2011,26.6
9/15/2011,3.5
9/16/2011,0
9/17/2011,0
9/18/2011,0
9/19/2011,1.7
9/20/2011,0
9/21/2011,0
9/22/2011,0
9/23/2011,0
9/24/2011,0
9/25/2011,0
9/26/2011,0
9/27/2011,1.7
9/28/2011,0
9/29/2011,0
9/30/2011,2.6
10/1/2011,0
10/2/2011,2.1
10/3/2011,0
10/4/2011,0.9
10/5/2011,1.3
10/6/2011,0
10/7/2011,0.9
10/8/2011,2.6
10/9/2011,0
10/10/2011,0.4
10/11/2011,1.7
10/12/2011,0.7
10/13/2011,0
10/14/2011,8.5
10/15/2011,14.1
10/16/2011,0.3
10/17/2011,2.4
10/18/2011,3.2
10/19/2011,1.5
10/20/2011,3.9
10/21/2011,4.4
10/22/2011,21.9
10/23/2011,3.9
10/24/2011,27.3
10/25/2011,28.9
10/26/2011,25.2
10/27/2011,24.2
10/28/2011,25.6
10/29/2011,33.2
10/30/2011,31.4
10/31/2011,4.4
11/1/2011,1.3
11/2/2011,2.1
11/3/2011,7.3
11/4/2011,0.3
11/5/2011,10.2
11/6/2011,0
11/7/2011,13.4
11/8/2011,8
11/9/2011,75.2
11/10/2011,1.7
11/11/2011,26.2
11/12/2011,6.7
11/13/2011,0.4
11/14/2011,0.3
11/15/2011,0
11/16/2011,0
11/17/2011,0
11/18/2011,0
11/19/2011,23.4
11/20/2011,28.4
11/21/2011,69.8
11/22/2011,1.1
11/23/2011,1.1
11/24/2011,2.1
11/25/2011,15.4
11/26/2011,28.4
11/27/2011,18.9
11/28/2011,0.4
11/29/2011,1.5
11/30/2011,1.1
12/1/2011,1.7
12/2/2011,3.5
12/3/2011,0.7
12/4/2011,47.9
12/5/2011,12.5
12/6/2011,8.3
12/7/2011,1.1
12/8/2011,0
12/9/2011,1.1
12/10/2011,1.1
12/11/2011,34.9
12/12/2011,5.9
12/13/2011,7.2
12/14/2011,0.3
12/15/2011,2.8
12/16/2011,0.4
12/17/2011,0.9
12/18/2011,3.1
12/19/2011,0
12/20/2011,0
12/21/2011,0.4
12/22/2011,0
12/23/2011,0
12/24/2011,8.7
12/25/2011,2.4
12/26/2011,12.5
12/27/2011,36
12/28/2011,16.3
12/29/2011,0
12/30/2011,0.7
12/31/2011,0
1/1/2012,25.6
1/2/2012,5.2
1/3/2012,0.3
1/4/2012,1.7
1/5/2012,1.1
1/6/2012,2
1/7/2012,0
1/8/2012,0
1/9/2012,0
1/10/2012,5
1/11/2012,0
1/12/2012,0
1/13/2012,0
1/14/2012,0
1/15/2012,0
1/16/2012,0
1/17/2012,0
1/18/2012,0
1/19/2012,0
1/20/2012,2
1/21/2012,0
1/22/2012,0
1/23/2012,0
1/24/2012,0.7
1/25/2012,67.9
1/26/2012,8.5
1/27/2012,10.6
1/28/2012,0.2
1/29/2012,8
1/30/2012,0
1/31/2012,22.3
2/1/2012,24.3
2/2/2012,23.6
2/3/2012,15.4
2/4/2012,13.2
2/5/2012,40.1
2/6/2012,37.3
2/7/2012,15.4
2/8/2012,0
2/9/2012,0
2/10/2012,0
2/11/2012,0
2/12/2012,5.2
2/13/2012,14.3
2/14/2012,2.2
2/15/2012,0
2/16/2012,0
2/17/2012,1.7
2/18/2012,1.1
2/19/2012,0.2
2/20/2012,3.5
2/21/2012,3.5
2/22/2012,8.2
2/23/2012,18.4
2/24/2012,0.2
2/25/2012,0.9
2/26/2012,0
2/27/2012,0
2/28/2012,2
2/29/2012,5
3/1/2012,0.4
3/2/2012,5.6
3/3/2012,1.1
3/4/2012,4.6
3/5/2012,19.7
3/6/2012,47.9
3/7/2012,2.6
3/8/2012,24.3
3/9/2012,16.5
3/10/2012,0
3/11/2012,0
3/12/2012,0.7
3/13/2012,0.7
3/14/2012,4.3
3/15/2012,16
3/16/2012,31.4
3/17/2012,26.5
3/18/2012,1.3
3/19/2012,0.2
3/20/2012,30.4
3/21/2012,29.3
3/22/2012,31
3/23/2012,15
3/24/2012,14.3
3/25/2012,42.3
3/26/2012,1.5
3/27/2012,6.7
3/28/2012,0
3/29/2012,2.2
3/30/2012,6.7
3/31/2012,13.4
4/1/2012,0
4/2/2012,10.2
4/3/2012,14.5
4/4/2012,5
4/5/2012,0.9
4/6/2012,10.2
4/7/2012,38.6
4/8/2012,1.3
4/9/2012,2.6
4/10/2012,3
4/11/2012,2
4/12/2012,0.7
4/13/2012,2.2
4/14/2012,0
4/15/2012,1.5
4/16/2012,0.2
4/17/2012,0
4/18/2012,0
4/19/2012,0
4/20/2012,9.3
4/21/2012,8.2
4/22/2012,0.2
4/23/2012,2.8
4/24/2012,0
4/25/2012,0.9
4/26/2012,0
4/27/2012,0
4/28/2012,6.1
4/29/2012,7.8
4/30/2012,0.4
5/1/2012,0.2
5/2/2012,32.7
5/3/2012,0
5/4/2012,0
5/5/2012,3.3
5/6/2012,0.2
5/7/2012,9.5
5/8/2012,21.9
5/9/2012,1.7
5/10/2012,10.6
5/11/2012,0.2
5/12/2012,6.5
5/13/2012,7.4
5/14/2012,0.2
5/15/2012,3
5/16/2012,1.1
5/17/2012,0.4
5/18/2012,0
5/19/2012,8.7
5/20/2012,8.2
5/21/2012,0.2
5/22/2012,43.4
5/23/2012,75.7
5/24/2012,26.5
5/25/2012,38.6
5/26/2012,10.2
5/27/2012,0.7
5/28/2012,0
5/29/2012,0
5/30/2012,0.2
5/31/2012,11.1
6/1/2012,4.1
6/2/2012,22.1
6/3/2012,32.7
6/4/2012,66.8
6/5/2012,15.4
6/6/2012,20.6
6/7/2012,11.9
6/8/2012,1.7
6/9/2012,0
6/10/2012,1.3
6/11/2012,1.3
6/12/2012,1.3
6/13/2012,0.7
6/14/2012,0.2
6/15/2012,2.2
6/16/2012,4.3
6/17/2012,0.9
6/18/2012,2.6
6/19/2012,0.2
6/20/2012,7.4
6/21/2012,0.7
6/22/2012,0.2
6/23/2012,7.2
6/24/2012,0
6/25/2012,0
6/26/2012,0
6/27/2012,0
6/28/2012,3.7
6/29/2012,0
6/30/2012,0
7/1/2012,0
7/2/2012,1.3
7/3/2012,0.7
7/4/2012,7.6
7/5/2012,0
7/6/2012,7.6
7/7/2012,34.3
7/8/2012,16.5
7/9/2012,2.8
7/10/2012,0.2
7/11/2012,5.6
7/12/2012,35.3
7/13/2012,5.2
7/14/2012,0.9
7/15/2012,0
7/16/2012,0.2
7/17/2012,1.1
7/18/2012,3.3
7/19/2012,0.2
7/20/2012,0
7/21/2012,0
7/22/2012,0
7/23/2012,3.9
7/24/2012,1.5
7/25/2012,3
7/26/2012,28.2
7/27/2012,16.7
7/28/2012,1.5
7/29/2012,0.9
7/30/2012,0
7/31/2012,0
8/1/2012,0
8/2/2012,0
8/3/2012,0
8/4/2012,0
8/5/2012,0
8/6/2012,3.5
8/7/2012,11.9
8/8/2012,7.2
8/9/2012,31.2
8/10/2012,3.9
8/11/2012,0.4
8/12/2012,0
8/13/2012,0
8/14/2012,0.2
8/15/2012,0
8/16/2012,0.4
8/17/2012,2.4
8/18/2012,0
8/19/2012,1.3
8/20/2012,0
8/21/2012,0.2
8/22/2012,2.2
8/23/2012,0
8/24/2012,35.1
8/25/2012,0
8/26/2012,12.6
8/27/2012,2
8/28/2012,12.4
8/29/2012,6.1
8/30/2012,1.5
8/31/2012,6.5
9/1/2012,51.2
9/2/2012,81.3
9/3/2012,0.9
9/4/2012,0.9
9/5/2012,2.4
9/6/2012,0
9/7/2012,1.1
9/8/2012,2.8
9/9/2012,0
9/10/2012,3.9
9/11/2012,1.1
9/12/2012,3.5
9/13/2012,1.7
9/14/2012,3
9/15/2012,0.7
9/16/2012,21.2
9/17/2012,0
9/18/2012,0
9/19/2012,3
9/20/2012,0.2
9/21/2012,16.3
9/22/2012,1.3
9/23/2012,0
9/24/2012,0
9/25/2012,5.2
9/26/2012,0.4
9/27/2012,4.1
9/28/2012,8.7
9/29/2012,19.5
9/30/2012,8.2
10/1/2012,0.9
10/2/2012,0
10/3/2012,2
10/4/2012,0
10/5/2012,0.4
10/6/2012,2.6
10/7/2012,5.9
10/8/2012,12.6
10/9/2012,8
10/10/2012,0
10/11/2012,0
10/12/2012,0
10/13/2012,17.6
10/14/2012,0.9
10/15/2012,0
10/16/2012,26
10/17/2012,8
10/18/2012,0
10/19/2012,1.5
10/20/2012,16.7
10/21/2012,15
10/22/2012,3.9
10/23/2012,2.2
10/24/2012,3
10/25/2012,3.9
10/26/2012,6.7
10/27/2012,7.8
10/28/2012,0
10/29/2012,4.3
10/30/2012,0
10/31/2012,0
11/1/2012,65.9
11/2/2012,0
11/3/2012,0
11/4/2012,7.8
11/5/2012,104.1
11/6/2012,6.7
11/7/2012,1.5
11/8/2012,28.4
11/9/2012,14.5
11/10/2012,29.7
11/11/2012,0.2
11/12/2012,0.2
11/13/2012,0.2
11/14/2012,14.5
11/15/2012,44.5
11/16/2012,16.3
11/17/2012,28.2
11/18/2012,2.2
11/19/2012,2.8
11/20/2012,3.3
11/21/2012,0
11/22/2012,0.9
11/23/2012,0
11/24/2012,7.6
11/25/2012,0.2
11/26/2012,0
11/27/2012,0
11/28/2012,0
11/29/2012,3.3
11/30/2012,11.7
12/1/2012,1.5
12/2/2012,51
12/3/2012,6.3
12/4/2012,20.6
12/5/2012,13.7
12/6/2012,5.4
12/7/2012,5
12/8/2012,4.3
12/9/2012,11.5
12/10/2012,0.7
12/11/2012,19.1
12/12/2012,86.3
12/13/2012,14.3
12/14/2012,22.6
12/15/2012,5.9
12/16/2012,0
12/17/2012,17.3
12/18/2012,0.2
12/19/2012,10.8
12/20/2012,6.3
12/21/2012,0
12/22/2012,5.2
12/23/2012,0.2
12/24/2012,0.4
12/25/2012,5.2
12/26/2012,5.4
12/27/2012,2.2
12/28/2012,0
12/29/2012,8.2
12/30/2012,0
12/31/2012,6.7
1/1/2013,23
1/2/2013,0.9
1/3/2013,13.2
1/4/2013,5.4
1/5/2013,21.9
1/6/2013,1.1
1/7/2013,0
1/8/2013,0
1/9/2013,60.5
1/10/2013,42.5
1/11/2013,45.3
1/12/2013,33.2
1/13/2013,12.8
1/14/2013,19.9
1/15/2013,15
1/16/2013,7.2
1/17/2013,27.5
1/18/2013,2.2
1/19/2013,9.1
1/20/2013,7.4
1/21/2013,1.5
1/22/2013,6.9
1/23/2013,0
1/24/2013,0
1/25/2013,5.6
1/26/2013,0
1/27/2013,7.2
1/28/2013,24.1
1/29/2013,60.5
1/30/2013,5.6
1/31/2013,32.5
2/1/2013,2.2
2/2/2013,5
2/3/2013,7.6
2/4/2013,20.6
2/5/2013,18.2
2/6/2013,2.8
2/7/2013,6.7
2/8/2013,60.3
2/9/2013,0.2
2/10/2013,0
2/11/2013,0
2/12/2013,0
2/13/2013,0
2/14/2013,0
2/15/2013,0
2/16/2013,0
2/17/2013,0
2/18/2013,0
2/19/2013,0
2/20/2013,0
2/21/2013,0
2/22/2013,0
2/23/2013,0
2/24/2013,0
2/25/2013,0
2/26/2013,0
2/27/2013,0
2/28/2013,0
3/1/2013,0
3/2/2013,0
3/3/2013,0
3/4/2013,0
3/5/2013,0
3/6/2013,0
3/7/2013,0
3/8/2013,0
3/9/2013,0
3/10/2013,0
3/11/2013,4.8
3/12/2013,0
3/13/2013,1.5
3/14/2013,0
3/15/2013,2.4
3/16/2013,12.1
3/17/2013,0.4
3/18/2013,0
3/19/2013,4.8
3/20/2013,5.4
3/21/2013,15.2
3/22/2013,1.7
3/23/2013,14.7
3/24/2013,0
3/25/2013,2.8
3/26/2013,10
3/27/2013,2.6
3/28/2013,0.9
3/29/2013,0.6
3/30/2013,0
3/31/2013,0
4/1/2013,0.2
4/2/2013,0.2
4/3/2013,0.2
4/4/2013,2.2
4/5/2013,1.9
4/6/2013,3.7
4/7/2013,0
4/8/2013,0
4/9/2013,1.5
4/10/2013,0
4/11/2013,10.2
4/12/2013,1.5
4/13/2013,1.1
4/14/2013,2.4
4/15/2013,1.9
4/16/2013,0
4/17/2013,0
4/18/2013,0
4/19/2013,0
4/20/2013,0.2
4/21/2013,0.9
4/22/2013,1.1
4/23/2013,83.7
4/24/2013,0.6
4/25/2013,0
4/26/2013,0.4
4/27/2013,6.1
4/28/2013,21.2
4/29/2013,3.2
4/30/2013,59.2
5/1/2013,3.9
5/2/2013,3.9
5/3/2013,3.9
5/4/2013,0
5/5/2013,0
5/6/2013,0.9
5/7/2013,1.7
5/8/2013,0.9
5/9/2013,0
5/10/2013,8.2
5/11/2013,28.6
5/12/2013,6.7
5/13/2013,1.5
5/14/2013,4.8
5/15/2013,0.4
5/16/2013,1.5
5/17/2013,0
5/18/2013,5.9
5/19/2013,10.2
5/20/2013,0.4
5/21/2013,0
5/22/2013,0
5/23/2013,4.8
5/24/2013,3.9
5/25/2013,0
5/26/2013,5.2
5/27/2013,1.1
5/28/2013,3.5
5/29/2013,0.7
5/30/2013,11.5
5/31/2013,0.7
6/1/2013,1.5
6/2/2013,1.5
6/3/2013,0
6/4/2013,8
6/5/2013,148.7
6/6/2013,0.2
6/7/2013,1.5
6/8/2013,0.2
6/9/2013,10
6/10/2013,4.6
6/11/2013,0.2
6/12/2013,0.7
6/13/2013,9.1
6/14/2013,0.7
6/15/2013,1.5
6/16/2013,26
6/17/2013,0.7
6/18/2013,1.3
6/19/2013,0.4
6/20/2013,0.2
6/21/2013,0
6/22/2013,3.5
6/23/2013,5.2
6/24/2013,7.6
6/25/2013,14.7
6/26/2013,0
6/27/2013,0
6/28/2013,2.6
6/29/2013,0.2
6/30/2013,4.1
7/1/2013,2
7/2/2013,11.9
7/3/2013,5.9
7/4/2013,0
7/5/2013,6.5
7/6/2013,1.3
7/7/2013,4.3
7/8/2013,0.2
7/9/2013,0
7/10/2013,2.4
7/11/2013,0.2
7/12/2013,12.6
7/13/2013,20.8
7/14/2013,1.7
7/15/2013,8
7/16/2013,4.3
7/17/2013,27.1
7/18/2013,8.9
7/19/2013,28.6
7/20/2013,23.4
7/21/2013,0
7/22/2013,0
7/23/2013,0
7/24/2013,11.7
7/25/2013,0
7/26/2013,0
7/27/2013,19.9
7/28/2013,3.5
7/29/2013,4.1
7/30/2013,0.4
7/31/2013,2.4
8/1/2013,8.2
8/2/2013,0.2
8/3/2013,18
8/4/2013,11.9
8/5/2013,14.1
8/6/2013,4.1
8/7/2013,0
8/8/2013,0.4
8/9/2013,6.1
8/10/2013,63.7
8/11/2013,0
8/12/2013,0.2
8/13/2013,0
8/14/2013,0
8/15/2013,25.6
8/16/2013,88
8/17/2013,75.7
8/18/2013,6.9
8/19/2013,32.1
8/20/2013,0.4
8/21/2013,11.1
8/22/2013,0
8/23/2013,0
8/24/2013,1.1
8/25/2013,0.7
8/26/2013,25.8
8/27/2013,0.4
8/28/2013,0
8/29/2013,0
8/30/2013,0
8/31/2013,4.3
9/1/2013,38.2
9/2/2013,2.4
9/3/2013,1.1
9/4/2013,0
9/5/2013,0
9/6/2013,0
9/7/2013,21.5
9/8/2013,10.8
9/9/2013,6.3
9/10/2013,3
9/11/2013,0.2
9/12/2013,1.1
9/13/2013,7.2
9/14/2013,0.2
9/15/2013,2
9/16/2013,2.8
9/17/2013,4.8
9/18/2013,14.1
9/19/2013,0.2
9/20/2013,0.2
9/21/2013,12.6
9/22/2013,1.3
9/23/2013,0.2
9/24/2013,0
9/25/2013,0.4
9/26/2013,0
9/27/2013,0
9/28/2013,9.3
9/29/2013,0.2
9/30/2013,2
10/1/2013,0
10/2/2013,6.1
10/3/2013,0.4
10/4/2013,0
10/5/2013,0.4
10/6/2013,1.3
10/7/2013,2.2
10/8/2013,0.2
10/9/2013,0.4
10/10/2013,61.8
10/11/2013,8.5
10/12/2013,0.2
10/13/2013,5.2
10/14/2013,0.2
10/15/2013,37.3
10/16/2013,0
10/17/2013,2
10/18/2013,1.7
10/19/2013,23.4
10/20/2013,5.2
10/21/2013,0
10/22/2013,0
10/23/2013,0
10/24/2013,0.9
10/25/2013,0
10/26/2013,0
10/27/2013,0
10/28/2013,0
10/29/2013,0.2
10/30/2013,10.8
10/31/2013,31.7
11/1/2013,1.1
11/2/2013,3
11/3/2013,0
11/4/2013,0
11/5/2013,0
11/6/2013,0
11/7/2013,0
11/8/2013,2.6
11/9/2013,4.6
11/10/2013,3
11/11/2013,2.6
11/12/2013,1.1
11/13/2013,32.7
11/14/2013,0
11/15/2013,0
11/16/2013,0
11/17/2013,0
11/18/2013,8
11/19/2013,4.1
11/20/2013,7.4
11/21/2013,2
11/22/2013,2.8
11/23/2013,0.2
11/24/2013,41.2
11/25/2013,0
11/26/2013,0
11/27/2013,4.6
11/28/2013,5.2
11/29/2013,0.4
11/30/2013,27.8
12/1/2013,9.3
12/2/2013,0.2
12/3/2013,5
12/4/2013,2
12/5/2013,3.7
12/6/2013,19.3
12/7/2013,12.4
12/8/2013,0.4
12/9/2013,43.1
12/10/2013,18.4
12/11/2013,35.1
12/12/2013,1.1
12/13/2013,15
12/14/2013,7.2
12/15/2013,1.3
12/16/2013,0.9
12/17/2013,5.6
12/18/2013,2.8
12/19/2013,0
12/20/2013,5.4
12/21/2013,5.6
12/22/2013,0
12/23/2013,2.8
12/24/2013,13.9
12/25/2013,2.8
12/26/2013,1.7
12/27/2013,0.9
12/28/2013,0
12/29/2013,6.1
12/30/2013,0.9
12/31/2013,41.6
1/1/2014,75.5
1/2/2014,51.6
1/3/2014,43.6
1/4/2014,27.8
1/5/2014,3
1/6/2014,33
1/7/2014,27.5
1/8/2014,25.2
1/9/2014,24.9
1/10/2014,2.2
1/11/2014,1.1
1/12/2014,0.4
1/13/2014,0.4
1/14/2014,6.1
1/15/2014,0
1/16/2014,38.8
1/17/2014,0.4
1/18/2014,0
1/19/2014,2.4
1/20/2014,6.9
1/21/2014,0.9
1/22/2014,4.5
1/23/2014,1.1
1/24/2014,9.5
1/25/2014,37.9
1/26/2014,28.8
1/27/2014,4.8
1/28/2014,0.4
1/29/2014,0.7
1/30/2014,4.1
1/31/2014,5.4
2/1/2014,0.9
2/2/2014,2.6
2/3/2014,0.4
2/4/2014,0
2/5/2014,0
2/6/2014,0
2/7/2014,0
2/8/2014,21.5
2/9/2014,22.6
2/10/2014,0
2/11/2014,0
2/12/2014,2.6
2/13/2014,1.7
2/14/2014,22.1
2/15/2014,14.7
2/16/2014,2
2/17/2014,3.5
2/18/2014,11.5
2/19/2014,1.7
2/20/2014,25.6
2/21/2014,44
2/22/2014,0.2
2/23/2014,0.7
2/24/2014,26.2
2/25/2014,26
2/26/2014,38.8
2/27/2014,30.6
2/28/2014,0.2
3/1/2014,4.3
3/2/2014,5.6
3/3/2014,7.4
3/4/2014,3
3/5/2014,0
3/6/2014,40.3
3/7/2014,0.9
3/8/2014,6.5
3/9/2014,3.7
3/10/2014,1.7
3/11/2014,0
3/12/2014,0.4
3/13/2014,44.7
3/14/2014,25.6
3/15/2014,2.6
3/16/2014,0.9
3/17/2014,5.4
3/18/2014,0.2
3/19/2014,0.2
3/20/2014,4.1
3/21/2014,0
3/22/2014,0
3/23/2014,8.7
3/24/2014,16.3
3/25/2014,0
3/26/2014,0
3/27/2014,0
3/28/2014,7.4
3/29/2014,0.2
3/30/2014,0
3/31/2014,0
4/1/2014,37.3
4/2/2014,0
4/3/2014,1.1
4/4/2014,2.2
4/5/2014,0
4/6/2014,52.7
4/7/2014,4.8
4/8/2014,18.2
4/9/2014,13
4/10/2014,7.2
4/11/2014,13.4
4/12/2014,3.5
4/13/2014,0.9
4/14/2014,5.2
4/15/2014,8.7
4/16/2014,8.5
4/17/2014,18.9
4/18/2014,16.5
4/19/2014,32.7
4/20/2014,4.1
4/21/2014,0
4/22/2014,0
4/23/2014,0
4/24/2014,1.1
4/25/2014,28.2
4/26/2014,16.3
4/27/2014,23
4/28/2014,33.8
4/29/2014,15.6
4/30/2014,31.7
5/1/2014,1.1
5/2/2014,0.2
5/3/2014,0.4
5/4/2014,0
5/5/2014,0
5/6/2014,8.5
5/7/2014,0.2
5/8/2014,0
5/9/2014,0.9
5/10/2014,6.1
5/11/2014,2.8
5/12/2014,3
5/13/2014,1.7
5/14/2014,1.3
5/15/2014,0
5/16/2014,1.7
5/17/2014,0
5/18/2014,7.2
5/19/2014,36.6
5/20/2014,11.5
5/21/2014,1.1
5/22/2014,54
5/23/2014,11.1
5/24/2014,6.7
5/25/2014,5.9
5/26/2014,4.3
5/27/2014,0
5/28/2014,5.4
5/29/2014,12.8
5/30/2014,0
5/31/2014,4.1
6/1/2014,2.2
6/2/2014,0
6/3/2014,9.8
6/4/2014,1.7
6/5/2014,51.6
6/6/2014,14.3
6/7/2014,2.4
6/8/2014,1.1
6/9/2014,0
6/10/2014,5
6/11/2014,7.2
6/12/2014,0.2
6/13/2014,8.5
6/14/2014,0.7
6/15/2014,12.1
6/16/2014,16.5
6/17/2014,18
6/18/2014,3.7
6/19/2014,0.4
6/20/2014,2.2
6/21/2014,0.9
6/22/2014,0
6/23/2014,6.5
6/24/2014,0.2
6/25/2014,0
6/26/2014,5.4
6/27/2014,4.1
6/28/2014,0
6/29/2014,0
6/30/2014,0
7/1/2014,0
7/2/2014,3.3
7/3/2014,55.9
7/4/2014,8
7/5/2014,31.7
7/6/2014,16
7/7/2014,3
7/8/2014,2.2
7/9/2014,11.7
7/10/2014,1.3
7/11/2014,0
7/12/2014,0
7/13/2014,4.8
7/14/2014,0.2
7/15/2014,4.1
7/16/2014,0
7/17/2014,1.5
7/18/2014,0
7/19/2014,0.4
7/20/2014,0
7/21/2014,0
7/22/2014,0
7/23/2014,7.2
7/24/2014,4.1
7/25/2014,0.7
7/26/2014,0
7/27/2014,7.4
7/28/2014,1.7
7/29/2014,278
7/30/2014,47.5
7/31/2014,131.8
8/1/2014,6.7
8/2/2014,18.9
8/3/2014,2.8
8/4/2014,3.5
8/5/2014,1.5
8/6/2014,2.4
8/7/2014,2.2
8/8/2014,0.2
8/9/2014,0.9
8/10/2014,0
8/11/2014,3.3
8/12/2014,6.3
8/13/2014,0
8/14/2014,0.4
8/15/2014,0
8/16/2014,3.7
8/17/2014,11.7
8/18/2014,0.2
8/19/2014,10.4
8/20/2014,1.1
8/21/2014,0
8/22/2014,0
8/23/2014,12.1
8/24/2014,0
8/25/2014,0
8/26/2014,0
8/27/2014,3
8/28/2014,0.9
8/29/2014,0
8/30/2014,4.1
8/31/2014,2.8
9/1/2014,0
9/2/2014,0
9/3/2014,0
9/4/2014,0
9/5/2014,0
9/6/2014,0.2
9/7/2014,1.1
9/8/2014,3.7
9/9/2014,0.4
9/10/2014,1.5
9/11/2014,0
9/12/2014,0.4
9/13/2014,3.7
9/14/2014,5
9/15/2014,14.1
9/16/2014,0
9/17/2014,1.1
9/18/2014,0.7
9/19/2014,0.2
9/20/2014,0
9/21/2014,0
9/22/2014,2.6
9/23/2014,17.6
9/24/2014,3
9/25/2014,31.2
9/26/2014,4.6
9/27/2014,0
9/28/2014,0.9
9/29/2014,1.5
9/30/2014,0
10/1/2014,0
10/2/2014,0.2
10/3/2014,0.4
10/4/2014,0
10/5/2014,0
10/6/2014,0
10/7/2014,0
10/8/2014,0
10/9/2014,0
10/10/2014,0
10/11/2014,0
10/12/2014,0.4
10/13/2014,0.9
10/14/2014,23.9
10/15/2014,30.4
10/16/2014,0
10/17/2014,1.5
10/18/2014,6.1
10/19/2014,0
10/20/2014,0
10/21/2014,0
10/22/2014,0
10/23/2014,0
10/24/2014,0
10/25/2014,0.4
10/26/2014,0
10/27/2014,3.9
10/28/2014,3.9
10/29/2014,0
10/30/2014,5.2
10/31/2014,0
11/1/2014,8.7
11/2/2014,34
11/3/2014,42.1
11/4/2014,0.7
11/5/2014,2.2
11/6/2014,0
11/7/2014,0
11/8/2014,2
11/9/2014,0
11/10/2014,7.4
11/11/2014,7.8
11/12/2014,17.6
11/13/2014,0.2
11/14/2014,0
11/15/2014,5.9
11/16/2014,21
11/17/2014,5.6
11/18/2014,10.8
11/19/2014,9.5
11/20/2014,0.9
11/21/2014,0.2
11/22/2014,23.2
11/23/2014,44.2
11/24/2014,16.5
11/25/2014,5
11/26/2014,10.4
11/27/2014,0.2
11/28/2014,3.3
11/29/2014,0.2
11/30/2014,3.9
12/1/2014,1.1
12/2/2014,1.3
12/3/2014,0.2
12/4/2014,34.7
12/5/2014,28.4
12/6/2014,3.9
12/7/2014,0.7
12/8/2014,2.4
12/9/2014,37.3
12/10/2014,5.2
12/11/2014,9.3
12/12/2014,1.7
12/13/2014,0.4
12/14/2014,0
12/15/2014,0.2
12/16/2014,15.8
12/17/2014,1.1
12/18/2014,17.1
12/19/2014,49.7
12/20/2014,0.7
12/21/2014,74.8
12/22/2014,47.7
12/23/2014,0
12/24/2014,0
12/25/2014,0
12/26/2014,20.4
12/27/2014,3.9
12/28/2014,12.6
12/29/2014,7.2
12/30/2014,0.2
12/31/2014,6.3
1/1/2015,34
1/2/2015,6.1
1/3/2015,1.3
1/4/2015,45.5
1/5/2015,26.2
1/6/2015,15
1/7/2015,17.1
1/8/2015,4.6
1/9/2015,3.7
1/10/2015,5
1/11/2015,27.5
1/12/2015,3
1/13/2015,20.8
1/14/2015,0.2
1/15/2015,0
1/16/2015,10.2
1/17/2015,0
1/18/2015,2.2
1/19/2015,0
1/20/2015,87.8
1/21/2015,62.7
1/22/2015,0.2
1/23/2015,0
1/24/2015,16.9
1/25/2015,0
1/26/2015,18.6
1/27/2015,26.5
1/28/2015,22.6
1/29/2015,85
1/30/2015,15.2
1/31/2015,24.7
2/1/2015,3.3
2/2/2015,28.6
2/3/2015,0
2/4/2015,0
2/5/2015,18.6
2/6/2015,8.2
2/7/2015,8
2/8/2015,63.3
2/9/2015,2.6
2/10/2015,14.3
2/11/2015,0.2
2/12/2015,1.3
2/13/2015,6.9
2/14/2015,5.6
2/15/2015,4.8
2/16/2015,19.9
2/17/2015,11.7
2/18/2015,1.1
2/19/2015,0
2/20/2015,9.1
2/21/2015,18.9
2/22/2015,34.5
2/23/2015,0
2/24/2015,0
2/25/2015,0.4
2/26/2015,1.3
2/27/2015,0.9
2/28/2015,1.3
3/1/2015,2.8
3/2/2015,0
3/3/2015,0
3/4/2015,0.2
3/5/2015,11.9
3/6/2015,4.3
3/7/2015,0.9
3/8/2015,0
3/9/2015,1.3
3/10/2015,15.2
3/11/2015,0.9
3/12/2015,0
3/13/2015,9.1
3/14/2015,10.2
3/15/2015,0
3/16/2015,14.1
3/17/2015,0.4
3/18/2015,0.2
3/19/2015,0
3/20/2015,5.4
3/21/2015,1.1
3/22/2015,20.2
3/23/2015,1.3
3/24/2015,4.1
3/25/2015,4.6
3/26/2015,27.1
3/27/2015,0.9
3/28/2015,0
3/29/2015,8
3/30/2015,3.9
3/31/2015,0.7
4/1/2015,12.1
4/2/2015,12.6
4/3/2015,26.2
4/4/2015,9.8
4/5/2015,14.1
4/6/2015,0.2
4/7/2015,0.4
4/8/2015,0
4/9/2015,0.2
4/10/2015,7.6
4/11/2015,1.1
4/12/2015,0
4/13/2015,5
4/14/2015,12.4
4/15/2015,3.9
4/16/2015,1.1
4/17/2015,7.6
4/18/2015,53.6
4/19/2015,0
4/20/2015,0.2
4/21/2015,0
4/22/2015,115.4
4/23/2015,5.6
4/24/2015,14.3
4/25/2015,6.1
4/26/2015,0
4/27/2015,0
4/28/2015,0
4/29/2015,0
4/30/2015,1.7
5/1/2015,6.7
5/2/2015,1.3
5/3/2015,21.2
5/4/2015,9.1
5/5/2015,5.9
5/6/2015,75.7
5/7/2015,34.3
5/8/2015,0.7
5/9/2015,0
5/10/2015,37.1
5/11/2015,9.3
5/12/2015,1.7
5/13/2015,1.7
5/14/2015,2.8
5/15/2015,6.7
5/16/2015,6.5
5/17/2015,33.4
5/18/2015,0
5/19/2015,2
5/20/2015,0.2
5/21/2015,15.6
5/22/2015,32.5
5/23/2015,11.7
5/24/2015,15.8
5/25/2015,6.7
5/26/2015,0
5/27/2015,5.6
5/28/2015,4.8
5/29/2015,3.5
5/30/2015,7.2
5/31/2015,0
6/1/2015,0
6/2/2015,0
6/3/2015,0
6/4/2015,0
6/5/2015,2.4
6/6/2015,0
6/7/2015,1.7
6/8/2015,0
6/9/2015,0
6/10/2015,0
6/11/2015,2.4
6/12/2015,29.3
6/13/2015,34
6/14/2015,0.2
6/15/2015,11.3
6/16/2015,0
6/17/2015,29.1
6/18/2015,29.1
6/19/2015,0
6/20/2015,0
6/21/2015,0
6/22/2015,0
6/23/2015,3.3
6/24/2015,30.6
6/25/2015,0.2
6/26/2015,0
6/27/2015,0.4
6/28/2015,0.4
6/29/2015,22.1
6/30/2015,0.2
7/1/2015,10.6
7/2/2015,6.9
7/3/2015,0.7
7/4/2015,0
7/5/2015,3.3
7/6/2015,0
7/7/2015,3.3
7/8/2015,0.9
7/9/2015,18.6
7/10/2015,14.1
7/11/2015,1.1
7/12/2015,1.7
7/13/2015,8.7
7/14/2015,0
7/15/2015,0
7/16/2015,0
7/17/2015,0
7/18/2015,0
7/19/2015,0
7/20/2015,0
7/21/2015,0
7/22/2015,1.7
7/23/2015,0.2
7/24/2015,1.3
7/25/2015,3.5
7/26/2015,6.7
7/27/2015,1.3
7/28/2015,0.4
7/29/2015,0
7/30/2015,0.2
7/31/2015,1.3
8/1/2015,13.2
8/2/2015,6.3
8/3/2015,0
8/4/2015,0.2
8/5/2015,0
8/6/2015,0
8/7/2015,3.5
8/8/2015,7.8
8/9/2015,18.9
8/10/2015,51.6
8/11/2015,38.8
8/12/2015,0.7
8/13/2015,2
8/14/2015,0
8/15/2015,0
8/16/2015,0
8/17/2015,0
8/18/2015,0.4
8/19/2015,0.9
8/20/2015,0
8/21/2015,0
8/22/2015,0
8/23/2015,0.4
8/24/2015,0
8/25/2015,0.2
8/26/2015,0
8/27/2015,0
8/28/2015,1.5
8/29/2015,0
8/30/2015,0
8/31/2015,0
9/1/2015,0
9/2/2015,0
9/3/2015,0
9/4/2015,0
9/5/2015,0
9/6/2015,0
9/7/2015,0
9/8/2015,0
9/9/2015,0
9/10/2015,2.4
9/11/2015,8.2
9/12/2015,0
9/13/2015,0.9
9/14/2015,0.9
9/15/2015,0
9/16/2015,2.6
9/17/2015,0
9/18/2015,0.2
9/19/2015,0.4
9/20/2015,5.2
9/21/2015,3
9/22/2015,0
9/23/2015,0
9/24/2015,0
9/25/2015,0
9/26/2015,0
9/27/2015,0.4
9/28/2015,0
9/29/2015,1.3
9/30/2015,0.4
10/1/2015,3
10/2/2015,0
10/3/2015,19.5
10/4/2015,2.8
10/5/2015,20.4
10/6/2015,2.6
10/7/2015,0.2
10/8/2015,0.7
10/9/2015,1.1
10/10/2015,31.7
10/11/2015,44.2
10/12/2015,3.9
10/13/2015,20.2
10/14/2015,16.5
10/15/2015,1.5
10/16/2015,2.6
10/17/2015,0.4
10/18/2015,0.9
10/19/2015,0
10/20/2015,0
10/21/2015,1.3
10/22/2015,0.9
10/23/2015,0.2
10/24/2015,0
10/25/2015,1.1
10/26/2015,0.2
10/27/2015,0
10/28/2015,0.2
10/29/2015,0.7
10/30/2015,0
10/31/2015,3.3
11/1/2015,0
11/2/2015,1.7
11/3/2015,0
11/4/2015,0
11/5/2015,0
11/6/2015,0
11/7/2015,3.3
11/8/2015,0
11/9/2015,0
11/10/2015,0
11/11/2015,0
11/12/2015,5
11/13/2015,2.6
11/14/2015,15.2
11/15/2015,51.4
11/16/2015,3.7
11/17/2015,2
11/18/2015,2.2
11/19/2015,8
11/20/2015,18.4
11/21/2015,39.7
11/22/2015,13.9
11/23/2015,11.3
11/24/2015,19.3
11/25/2015,33
11/26/2015,58.3
11/27/2015,88.5
11/28/2015,81.1
11/29/2015,0.9
11/30/2015,3.5
12/1/2015,5.2
12/2/2015,1.5
12/3/2015,0
12/4/2015,3
12/5/2015,0
12/6/2015,0
12/7/2015,0
12/8/2015,0
12/9/2015,0
12/10/2015,0
12/11/2015,0
12/12/2015,0
12/13/2015,3.7
12/14/2015,14.5
12/15/2015,11.7
12/16/2015,26.7
12/17/2015,9.1
12/18/2015,47.1
12/19/2015,2
12/20/2015,0
12/21/2015,1.1
12/22/2015,2.4
12/23/2015,4.3
12/24/2015,12.8
12/25/2015,3.7
12/26/2015,94.3
12/27/2015,75.7
12/28/2015,123.4
12/29/2015,2.4
12/30/2015,59.4
12/31/2015,6.3
1/1/2016,21
1/2/2016,2.6
1/3/2016,0
1/4/2016,0
1/5/2016,0
1/6/2016,0.4
1/7/2016,14.5
1/8/2016,11.7
1/9/2016,7.6
1/10/2016,0.4
1/11/2016,4.6
1/12/2016,4.3
1/13/2016,2.4
1/14/2016,4.3
1/15/2016,4.1
1/16/2016,2
1/17/2016,1.1
1/18/2016,11.7
1/19/2016,0.4
1/20/2016,0.2
1/21/2016,0.9
1/22/2016,1.5
1/23/2016,1.3
1/24/2016,0
1/25/2016,0.9
1/26/2016,5.9
1/27/2016,0
1/28/2016,0
1/29/2016,0.4
1/30/2016,0
1/31/2016,0
2/1/2016,0
2/2/2016,0
2/3/2016,4.8
2/4/2016,2.4
2/5/2016,0
2/6/2016,0.2
2/7/2016,0.2
2/8/2016,0
2/9/2016,0.2
2/10/2016,0
2/11/2016,0
2/12/2016,0.7
2/13/2016,0
2/14/2016,0
2/15/2016,12.4
2/16/2016,18.4
2/17/2016,17.3
2/18/2016,0.9
2/19/2016,10.2
2/20/2016,18.4
2/21/2016,1.7
2/22/2016,20.2
2/23/2016,23.2
2/24/2016,3.5
2/25/2016,3.7
2/26/2016,13
2/27/2016,0
2/28/2016,4.1
2/29/2016,0
3/1/2016,0
3/2/2016,14.1
3/3/2016,9.8
3/4/2016,0
3/5/2016,2.6
3/6/2016,0.7
3/7/2016,24.1
3/8/2016,11.3
3/9/2016,6.5
3/10/2016,54.6
3/11/2016,3.9
3/12/2016,6.7
3/13/2016,1.7
3/14/2016,8
3/15/2016,0
3/16/2016,4.1
3/17/2016,1.7
3/18/2016,1.5
3/19/2016,1.3
3/20/2016,2.4
3/21/2016,5.6
3/22/2016,0
3/23/2016,0
3/24/2016,0
3/25/2016,2.4
3/26/2016,1.3
3/27/2016,48.8
3/28/2016,10.6
3/29/2016,24.3
3/30/2016,9.8
3/31/2016,0.7
4/1/2016,42.9
4/2/2016,43.6
4/3/2016,1.3
4/4/2016,18.2
4/5/2016,9.3
4/6/2016,6.7
4/7/2016,1.3
4/8/2016,2
4/9/2016,69.2
4/10/2016,77.6
4/11/2016,31.9
4/12/2016,13.9
4/13/2016,60.9
4/14/2016,58.3
4/15/2016,21.9
4/16/2016,8.7
4/17/2016,1.5
4/18/2016,26.5
4/19/2016,12.6
4/20/2016,0.4
4/21/2016,0
4/22/2016,45.3
4/23/2016,32.1
4/24/2016,0.4
4/25/2016,0.4
4/26/2016,34.5
4/27/2016,2.2
4/28/2016,5.4
4/29/2016,110.6
4/30/2016,102.6
5/1/2016,34.5
5/2/2016,12.4
5/3/2016,0
5/4/2016,0.9
5/5/2016,0
5/6/2016,0
5/7/2016,0
5/8/2016,0
5/9/2016,0
5/10/2016,0
5/11/2016,0
5/12/2016,0
5/13/2016,0
5/14/2016,0
5/15/2016,0
5/16/2016,0
5/17/2016,0
5/18/2016,0
5/19/2016,0
5/20/2016,0
5/21/2016,0
5/22/2016,0
5/23/2016,0
5/24/2016,0
5/25/2016,0
5/26/2016,0
5/27/2016,0
5/28/2016,0
5/29/2016,0
5/30/2016,0
5/31/2016,0
6/1/2016,0
6/2/2016,0
6/3/2016,0
6/4/2016,0
6/5/2016,0
6/6/2016,0
6/7/2016,0
6/8/2016,0
6/9/2016,0
6/10/2016,0
6/11/2016,0
6/12/2016,0
6/13/2016,0
6/14/2016,0
6/15/2016,0
6/16/2016,0
6/17/2016,0
6/18/2016,0
6/19/2016,0
6/20/2016,0
6/21/2016,0
6/22/2016,0
6/23/2016,0
6/24/2016,0
6/25/2016,0
6/26/2016,0
6/27/2016,0
6/28/2016,2
6/29/2016,0
6/30/2016,0.2
7/1/2016,0.2
7/2/2016,0
7/3/2016,0.2
7/4/2016,1.7
7/5/2016,2.4
7/6/2016,0.2
7/7/2016,0
7/8/2016,0.2
7/9/2016,4.3
7/10/2016,3.5
7/11/2016,1.3
7/12/2016,4.1
7/13/2016,0
7/14/2016,0
7/15/2016,0
7/16/2016,0
7/17/2016,0
7/18/2016,44.2
7/19/2016,43.6
7/20/2016,1.3
7/21/2016,0.7
7/22/2016,2.6
7/23/2016,0.4
7/24/2016,0
7/25/2016,0
7/26/2016,0
7/27/2016,0
7/28/2016,1.3
7/29/2016,0
7/30/2016,0.4
7/31/2016,0
8/1/2016,0
8/2/2016,7.2
8/3/2016,0.9
8/4/2016,0
8/5/2016,5
8/6/2016,0.4
8/7/2016,0
8/8/2016,0.2
8/9/2016,2.4
8/10/2016,0
8/11/2016,5.6
8/12/2016,28
8/13/2016,0
8/14/2016,2.4
8/15/2016,6.3
8/16/2016,0.4
8/17/2016,0
8/18/2016,0
8/19/2016,0.4
8/20/2016,23
8/21/2016,4.3
8/22/2016,18
8/23/2016,22.6
8/24/2016,2.6
8/25/2016,0
8/26/2016,0.2
8/27/2016,0
8/28/2016,0.9
8/29/2016,0.2
8/30/2016,0.9
8/31/2016,4.8
9/1/2016,0
9/2/2016,10
9/3/2016,21.5
9/4/2016,31.4
9/5/2016,1.5
9/6/2016,4.8
9/7/2016,0.7
9/8/2016,10.8
9/9/2016,4.1
9/10/2016,0.7
9/11/2016,0
9/12/2016,0.9
9/13/2016,0.4
9/14/2016,0.4
9/15/2016,1.5
9/16/2016,2.4
9/17/2016,5
9/18/2016,0.4
9/19/2016,4.3
9/20/2016,10.8
9/21/2016,0
9/22/2016,0
9/23/2016,2.6
9/24/2016,11.1
9/25/2016,3.3
9/26/2016,0.7
9/27/2016,10
9/28/2016,1.1
9/29/2016,0.7
9/30/2016,1.7
10/1/2016,0.2
10/2/2016,0
10/3/2016,0
10/4/2016,0
10/5/2016,0.2
10/6/2016,0.4
10/7/2016,0
10/8/2016,0.7
10/9/2016,17.8
10/10/2016,0.2
10/11/2016,18
10/12/2016,1.1
10/13/2016,0.4
10/14/2016,4.1
10/15/2016,0
10/16/2016,0.2
10/17/2016,0.7
10/18/2016,6.1
10/19/2016,0.2
10/20/2016,0
10/21/2016,2
10/22/2016,10.4
10/23/2016,8
10/24/2016,13.4
10/25/2016,2.4
10/26/2016,2.4
10/27/2016,12.6
10/28/2016,9.5
10/29/2016,1.3
10/30/2016,5.2
10/31/2016,18
11/1/2016,3
11/2/2016,0
11/3/2016,0.2
11/4/2016,6.7
11/5/2016,0.2
11/6/2016,47.3
11/7/2016,70.3
11/8/2016,2.8
11/9/2016,5.4
11/10/2016,68.7
11/11/2016,0.2
11/12/2016,4.6
11/13/2016,0
11/14/2016,0.2
11/15/2016,1.1
11/16/2016,0.2
11/17/2016,19.5
11/18/2016,3.5
11/19/2016,13.4
11/20/2016,0.4
11/21/2016,1.5
11/22/2016,3
11/23/2016,19.5
11/24/2016,0
11/25/2016,13
11/26/2016,0
11/27/2016,0
11/28/2016,0.2
11/29/2016,0
11/30/2016,0
12/1/2016,0
12/2/2016,0
12/3/2016,6.9
12/4/2016,0
12/5/2016,20.8
12/6/2016,4.8
12/7/2016,0
12/8/2016,3.7
12/9/2016,3
12/10/2016,1.3
12/11/2016,1.7
12/12/2016,11.7
12/13/2016,3.3
12/14/2016,0.4
12/15/2016,27.3
12/16/2016,9.5
12/17/2016,37.9
12/18/2016,0.4
12/19/2016,34
12/20/2016,1.5
12/21/2016,19.9
12/22/2016,32.1
12/23/2016,32.3
12/24/2016,4.3
12/25/2016,8.5
12/26/2016,0
12/27/2016,0
12/28/2016,33.2
12/29/2016,2.6
12/30/2016,37.7
12/31/2016,1.3
