Date,Temp_max,Temp_min
1/1/2005,30.2,25.6
1/2/2005,31.4,25.3
1/3/2005,31.4,25.3
1/4/2005,31.9,25.3
1/5/2005,31.9,26.8
1/6/2005,31.4,25.3
1/7/2005,30.8,24.9
1/8/2005,30.8,24.9
1/9/2005,31.4,25.3
1/10/2005,31.4,26.8
1/11/2005,30.2,26
1/12/2005,31.9,26
1/13/2005,31.4,26.4
1/14/2005,31.4,25.6
1/15/2005,31.9,26
1/16/2005,30.8,26.4
1/17/2005,30.2,26
1/18/2005,29,25.3
1/19/2005,29,25.3
1/20/2005,30.2,24.9
1/21/2005,30.2,25.6
1/22/2005,31.9,25.6
1/23/2005,31.4,25.6
1/24/2005,31.4,26
1/25/2005,31.9,26
1/26/2005,31.4,26
1/27/2005,31.9,26
1/28/2005,32.5,26
1/29/2005,31.4,26
1/30/2005,30.8,25.6
1/31/2005,31.4,26.4
2/1/2005,27.9,24.9
2/2/2005,30.2,27.1
2/3/2005,30.8,26
2/4/2005,31.9,26.8
2/5/2005,31.9,27.1
2/6/2005,31.9,26.8
2/7/2005,31.9,26
2/8/2005,31.4,26
2/9/2005,31.4,26
2/10/2005,31.9,26.4
2/11/2005,31.4,27.1
2/12/2005,31.9,26.8
2/13/2005,30.8,26.8
2/14/2005,31.9,26.8
2/15/2005,29,26
2/16/2005,29,26.4
2/17/2005,30.8,26.4
2/18/2005,31.4,26
2/19/2005,31.4,26
2/20/2005,31.4,25.6
2/21/2005,30.8,24.9
2/22/2005,31.9,24.9
2/23/2005,31.9,25.6
2/24/2005,31.9,26.8
2/25/2005,31.4,26
2/26/2005,31.4,26.4
2/27/2005,31.4,26.4
2/28/2005,31.9,27.1
3/1/2005,31.9,26
3/2/2005,31.4,26.4
3/3/2005,30.8,25.6
3/4/2005,31.9,25.6
3/5/2005,31.9,27.5
3/6/2005,31.9,27.9
3/7/2005,31.9,25.3
3/8/2005,31.9,25.3
3/9/2005,31.9,25.6
3/10/2005,31.9,25.3
3/11/2005,30.8,25.3
3/12/2005,31.9,26
3/13/2005,31.4,25.6
3/14/2005,29,24.9
3/15/2005,30.2,25.3
3/16/2005,30.8,24.5
3/17/2005,31.4,27.1
3/18/2005,31.4,26.8
3/19/2005,31.4,27.1
3/20/2005,30.8,26
3/21/2005,31.4,25.6
3/22/2005,31.4,26.4
3/23/2005,31.4,27.1
3/24/2005,31.4,25.3
3/25/2005,30.8,24.9
3/26/2005,31.4,26.4
3/27/2005,31.4,26
3/28/2005,30.8,26
3/29/2005,32.5,26.8
3/30/2005,31.9,27.1
3/31/2005,31.4,26.4
4/1/2005,31.9,26.8
4/2/2005,31.4,26.8
4/3/2005,30.2,26
4/4/2005,31.4,26.4
4/5/2005,30.8,25.3
4/6/2005,29.6,25.6
4/7/2005,31.4,26
4/8/2005,31.4,26.4
4/9/2005,31.4,25.3
4/10/2005,31.9,25.6
4/11/2005,31.4,26
4/12/2005,31.4,26.4
4/13/2005,31.4,25.6
4/14/2005,31.4,26
4/15/2005,31.9,26
4/16/2005,30.2,25.3
4/17/2005,31.9,26
4/18/2005,31.4,26
4/19/2005,30.8,26
4/20/2005,30.2,26
4/21/2005,29.6,25.6
4/22/2005,28.5,25.3
4/23/2005,28.5,25.6
4/24/2005,29.6,25.6
4/25/2005,30.8,24.5
4/26/2005,30.2,24.5
4/27/2005,30.2,24.5
4/28/2005,30.8,24.9
4/29/2005,31.4,24.9
4/30/2005,30.8,25.6
5/1/2005,30.8,26
5/2/2005,29.6,24.5
5/3/2005,30.2,25.6
5/4/2005,30.2,26.8
5/5/2005,30.2,26.4
5/6/2005,29.6,25.6
5/7/2005,30.2,25.3
5/8/2005,29.6,26
5/9/2005,29.6,26
5/10/2005,30.8,24.9
5/11/2005,30.8,24.5
5/12/2005,29.6,24.9
5/13/2005,29.6,26
5/14/2005,29,26
5/15/2005,29,25.6
5/16/2005,29.6,25.6
5/17/2005,29.6,25.3
5/18/2005,29.6,24.9
5/19/2005,27.4,24.9
5/20/2005,29,26
5/21/2005,29,25.3
5/22/2005,29,24.9
5/23/2005,29.6,26
5/24/2005,28.5,23.8
5/25/2005,29.6,25.3
5/26/2005,29.6,25.3
5/27/2005,29,25.3
5/28/2005,29,26
5/29/2005,29,25.6
5/30/2005,27.9,24.9
5/31/2005,28.5,24.2
6/1/2005,27.4,24.5
6/2/2005,28.5,24.2
6/3/2005,27.9,24.2
6/4/2005,28.5,24.2
6/5/2005,28.5,23.8
6/6/2005,29,26
6/7/2005,29,25.6
6/8/2005,29,25.6
6/9/2005,29.6,25.3
6/10/2005,30.2,25.3
6/11/2005,29,25.3
6/12/2005,30.2,25.6
6/13/2005,29.6,25.3
6/14/2005,29,23.8
6/15/2005,27.4,24.9
6/16/2005,28.5,24.9
6/17/2005,28.5,25.3
6/18/2005,27.9,26
6/19/2005,29.6,25.3
6/20/2005,29.6,26
6/21/2005,29,26
6/22/2005,29.6,24.9
6/23/2005,28.5,24.9
6/24/2005,29,25.3
6/25/2005,29,25.6
6/26/2005,28.5,24.5
6/27/2005,26.2,24.2
6/28/2005,28.5,24.9
6/29/2005,27.4,24.9
6/30/2005,26.7,24.5
7/1/2005,25.6,24.2
7/2/2005,24.5,23.4
7/3/2005,25.1,23.8
7/4/2005,26.2,23.8
7/5/2005,27.4,24.2
7/6/2005,27.4,24.2
7/7/2005,29,24.5
7/8/2005,29,24.5
7/9/2005,27.4,23.8
7/10/2005,29,26
7/11/2005,29,26
7/12/2005,28.5,24.9
7/13/2005,29.6,24.5
7/14/2005,29.6,26.4
7/15/2005,29.6,26.4
7/16/2005,29.6,26
7/17/2005,29,26
7/18/2005,29.6,26
7/19/2005,29.6,26
7/20/2005,29,25.3
7/21/2005,28.5,25.3
7/22/2005,29.6,26
7/23/2005,29,24.5
7/24/2005,29.6,25.6
7/25/2005,30.2,23.8
7/26/2005,28.5,24.5
7/27/2005,27.9,24.5
7/28/2005,29.6,23.4
7/29/2005,28.5,23.8
7/30/2005,28.5,23.8
7/31/2005,29,24.2
8/1/2005,26.7,25.3
8/2/2005,27.9,24.2
8/3/2005,29.6,24.2
8/4/2005,25.1,24.2
8/5/2005,27.9,23.8
8/6/2005,29,24.9
8/7/2005,30.2,24.5
8/8/2005,29.6,25.6
8/9/2005,29.6,26
8/10/2005,28.5,25.3
8/11/2005,27.4,25.6
8/12/2005,27.9,25.3
8/13/2005,28.5,25.3
8/14/2005,29.6,25.6
8/15/2005,29,24.2
8/16/2005,29,25.3
8/17/2005,26.7,23.8
8/18/2005,29.6,23.8
8/19/2005,29.6,24.9
8/20/2005,30.2,23.8
8/21/2005,29.6,24.2
8/22/2005,27.4,24.5
8/23/2005,28.5,25.3
8/24/2005,29.6,26
8/25/2005,29.6,26.4
8/26/2005,29,25.6
8/27/2005,29.6,26.4
8/28/2005,30.2,24.9
8/29/2005,29,24.5
8/30/2005,28.5,25.6
8/31/2005,27.9,23.8
9/1/2005,29,24.2
9/2/2005,29.6,26.4
9/3/2005,30.8,25.3
9/4/2005,30.2,24.9
9/5/2005,29.6,25.3
9/6/2005,30.2,26
9/7/2005,29,25.6
9/8/2005,29.6,26
9/9/2005,29.6,26
9/10/2005,27.4,24.2
9/11/2005,31.4,25.6
9/12/2005,29.6,24.5
9/13/2005,30.2,26
9/14/2005,30.2,26
9/15/2005,30.2,25.3
9/16/2005,29.6,25.6
9/17/2005,29.6,26.4
9/18/2005,29.6,26
9/19/2005,29.6,25.3
9/20/2005,29.6,25.3
9/21/2005,30.2,25.3
9/22/2005,29.6,24.5
9/23/2005,29.6,25.3
9/24/2005,29,24.9
9/25/2005,27.9,26.4
9/26/2005,29.6,25.6
9/27/2005,29,24.9
9/28/2005,27.9,24.9
9/29/2005,26.7,24.5
9/30/2005,27.9,24.2
10/1/2005,27.9,25.3
10/2/2005,29.6,24.9
10/3/2005,29,24.5
10/4/2005,29,24.9
10/5/2005,29,25.3
10/6/2005,29.6,26
10/7/2005,30.2,26.4
10/8/2005,29.6,26.4
10/9/2005,29,26
10/10/2005,29.6,25.6
10/11/2005,30.2,25.3
10/12/2005,29.6,24.5
10/13/2005,30.2,24.5
10/14/2005,30.2,24.2
10/15/2005,29.6,24.5
10/16/2005,30.2,24.5
10/17/2005,30.2,25.3
10/18/2005,30.2,25.3
10/19/2005,30.2,26
10/20/2005,30.8,25.6
10/21/2005,30.8,25.6
10/22/2005,30.8,24.9
10/23/2005,30.8,26.8
10/24/2005,30.8,26
10/25/2005,31.4,25.3
10/26/2005,30.8,24.2
10/27/2005,30.8,24.9
10/28/2005,31.4,26.8
10/29/2005,31.4,25.6
10/30/2005,31.4,25.3
10/31/2005,31.9,24.9
11/1/2005,30.8,25.6
11/2/2005,31.4,26.4
11/3/2005,30.2,25.6
11/4/2005,30.2,25.6
11/5/2005,30.8,26.4
11/6/2005,29.6,25.3
11/7/2005,30.8,25.3
11/8/2005,30.2,24.5
11/9/2005,28.5,25.3
11/10/2005,30.8,25.3
11/11/2005,30.8,25.3
11/12/2005,30.8,26
11/13/2005,30.2,25.6
11/14/2005,31.4,25.3
11/15/2005,30.8,25.3
11/16/2005,31.4,25.6
11/17/2005,30.8,25.3
11/18/2005,30.2,25.3
11/19/2005,31.4,26
11/20/2005,31.4,25.3
11/21/2005,30.8,25.6
11/22/2005,31.4,27.1
11/23/2005,31.4,26
11/24/2005,31.4,25.6
11/25/2005,32.5,25.3
11/26/2005,32.5,26.8
11/27/2005,30.8,26
11/28/2005,30.8,26
11/29/2005,27.9,25.3
11/30/2005,31.4,26
12/1/2005,30.2,25.6
12/2/2005,29.6,25.3
12/3/2005,29.6,25.6
12/4/2005,30.8,25.6
12/5/2005,31.4,26
12/6/2005,30.8,27.1
12/7/2005,28.5,24.5
12/8/2005,27.9,24.9
12/9/2005,30.2,25.3
12/10/2005,30.2,25.3
12/11/2005,30.2,25.6
12/12/2005,30.8,25.3
12/13/2005,30.2,26.4
12/14/2005,30.2,25.3
12/15/2005,29.6,25.6
12/16/2005,29.6,25.6
12/17/2005,28.5,24.5
12/18/2005,30.8,24.9
12/19/2005,30.8,25.6
12/20/2005,30.8,26
12/21/2005,30.8,24.9
12/22/2005,31.9,25.6
12/23/2005,30.8,25.3
12/24/2005,30.8,24.9
12/25/2005,30.2,24.5
12/26/2005,28.5,24.5
12/27/2005,30.8,24.5
12/28/2005,29,24.2
12/29/2005,31.4,24.9
12/30/2005,31.9,24.9
12/31/2005,27.9,24.9
1/1/2006,31.4,25.6
1/2/2006,30.2,24.9
1/3/2006,30.8,25.3
1/4/2006,29,25.3
1/5/2006,30.8,24.5
1/6/2006,30.8,24.9
1/7/2006,30.8,24.5
1/8/2006,29,24.5
1/9/2006,28.5,23.8
1/10/2006,30.8,24.5
1/11/2006,30.8,25.3
1/12/2006,28.5,25.6
1/13/2006,29,24.2
1/14/2006,31.4,26.8
1/15/2006,30.8,26
1/16/2006,30.8,26
1/17/2006,30.8,25.6
1/18/2006,30.8,24.5
1/19/2006,29,24.5
1/20/2006,28.5,24.5
1/21/2006,30.8,26
1/22/2006,30.8,26
1/23/2006,31.4,25.3
1/24/2006,30.2,24.9
1/25/2006,30.8,24.9
1/26/2006,30.8,24.9
1/27/2006,30.8,24.9
1/28/2006,29.6,24.5
1/29/2006,27.4,24.5
1/30/2006,27.4,24.2
1/31/2006,28.5,24.9
2/1/2006,27.9,25.3
2/2/2006,27.9,25.6
2/3/2006,28.5,24.9
2/4/2006,27.9,25.3
2/5/2006,28.5,25.3
2/6/2006,27.9,24.9
2/7/2006,27.9,24.9
2/8/2006,27.4,25.3
2/9/2006,29,25.3
2/10/2006,29,25.3
2/11/2006,29,26.4
2/12/2006,31.4,26.4
2/13/2006,30.8,26.8
2/14/2006,31.4,26.8
2/15/2006,30.2,26
2/16/2006,30.8,25.3
2/17/2006,29.6,24.9
2/18/2006,29.6,24.5
2/19/2006,29.6,24.5
2/20/2006,30.8,24.9
2/21/2006,30.8,24.9
2/22/2006,27.9,24.5
2/23/2006,31.4,25.3
2/24/2006,30.8,25.3
2/25/2006,31.4,26.4
2/26/2006,30.8,25.3
2/27/2006,31.4,26.8
2/28/2006,31.4,26.8
3/1/2006,31.4,26.8
3/2/2006,31.4,25.6
3/3/2006,31.4,25.3
3/4/2006,31.4,25.3
3/5/2006,31.9,25.6
3/6/2006,31.4,25.6
3/7/2006,30.8,25.3
3/8/2006,30.8,25.3
3/9/2006,31.4,25.3
3/10/2006,30.8,24.9
3/11/2006,30.8,24.9
3/12/2006,31.4,25.3
3/13/2006,30.8,25.3
3/14/2006,29.6,24.5
3/15/2006,31.4,25.6
3/16/2006,31.4,24.5
3/17/2006,31.4,26
3/18/2006,30.8,25.3
3/19/2006,30.8,25.3
3/20/2006,30.8,26.4
3/21/2006,31.9,25.3
3/22/2006,31.4,24.9
3/23/2006,31.4,26.4
3/24/2006,31.4,26.8
3/25/2006,31.4,26.8
3/26/2006,31.4,25.3
3/27/2006,30.8,25.6
3/28/2006,31.4,25.3
3/29/2006,30.8,25.3
3/30/2006,31.4,26.8
3/31/2006,30.8,24.9
4/1/2006,31.9,26.4
4/2/2006,30.8,26
4/3/2006,31.4,26.8
4/4/2006,30.2,26
4/5/2006,30.8,26
4/6/2006,30.8,25.6
4/7/2006,30.8,25.6
4/8/2006,31.4,25.6
4/9/2006,31.4,26
4/10/2006,30.8,25.6
4/11/2006,28.5,25.3
4/12/2006,31.4,24.2
4/13/2006,30.8,24.2
4/14/2006,31.9,24.9
4/15/2006,31.4,24.5
4/16/2006,32.5,24.5
4/17/2006,31.4,24.9
4/18/2006,30.8,25.3
4/19/2006,31.4,25.3
4/20/2006,31.4,25.6
4/21/2006,31.4,25.3
4/22/2006,31.4,25.3
4/23/2006,30.8,25.3
4/24/2006,31.4,25.6
4/25/2006,32.5,27.1
4/26/2006,31.9,27.1
4/27/2006,31.4,26.4
4/28/2006,31.4,25.6
4/29/2006,30.8,24.9
4/30/2006,31.4,24.5
5/1/2006,33,25.3
5/2/2006,30.2,25.6
5/3/2006,31.4,25.3
5/4/2006,32.5,25.6
5/5/2006,30.8,25.3
5/6/2006,31.9,25.6
5/7/2006,31.4,26.4
5/8/2006,32.5,26
5/9/2006,31.4,25.6
5/10/2006,31.4,25.6
5/11/2006,32.5,26.4
5/12/2006,30.8,25.3
5/13/2006,32.5,26
5/14/2006,31.4,25.3
5/15/2006,29,26
5/16/2006,31.4,25.6
5/17/2006,31.9,24.9
5/18/2006,31.9,25.6
5/19/2006,31.4,25.3
5/20/2006,30.2,25.3
5/21/2006,30.8,25.6
5/22/2006,30.2,25.3
5/23/2006,31.4,26
5/24/2006,30.2,26
5/25/2006,29.6,26.4
5/26/2006,29.6,26.4
5/27/2006,30.8,26
5/28/2006,30.2,26.4
5/29/2006,30.2,26
5/30/2006,30.2,26.8
5/31/2006,31.4,25.6
6/1/2006,31.4,24.5
6/2/2006,30.8,24.2
6/3/2006,30.8,24.2
6/4/2006,30.8,24.9
6/5/2006,30.2,26.4
6/6/2006,28.5,25.3
6/7/2006,29.6,26
6/8/2006,30.8,26.8
6/9/2006,30.2,26
6/10/2006,29.6,25.3
6/11/2006,30.2,25.3
6/12/2006,29.6,26
6/13/2006,29,26
6/14/2006,29,25.6
6/15/2006,28.5,25.6
6/16/2006,29,24.9
6/17/2006,30.2,24.5
6/18/2006,31.4,24.2
6/19/2006,30.2,24.2
6/20/2006,27.4,24.9
6/21/2006,29,25.3
6/22/2006,30.2,24.5
6/23/2006,30.2,24.9
6/24/2006,29.6,24.5
6/25/2006,28.5,24.5
6/26/2006,29.6,25.3
6/27/2006,29,24.5
6/28/2006,27.9,24.9
6/29/2006,29.6,26.4
6/30/2006,30.2,24.9
7/1/2006,29,24.2
7/2/2006,29.6,24.9
7/3/2006,29,25.3
7/4/2006,29.6,25.6
7/5/2006,29.6,24.9
7/6/2006,29.6,24.2
7/7/2006,28.5,24.5
7/8/2006,27.4,24.9
7/9/2006,27.9,25.3
7/10/2006,27.4,24.9
7/11/2006,30.2,24.5
7/12/2006,26.7,24.5
7/13/2006,26.7,24.9
7/14/2006,29,24.9
7/15/2006,29,24.5
7/16/2006,30.2,26
7/17/2006,27.4,24.2
7/18/2006,26.7,24.2
7/19/2006,28.5,24.9
7/20/2006,28.5,25.3
7/21/2006,29.6,26
7/22/2006,29,24.5
7/23/2006,29,24.2
7/24/2006,29,26
7/25/2006,27.9,24.5
7/26/2006,27.9,24.2
7/27/2006,29,23.8
7/28/2006,27.9,23.8
7/29/2006,27.9,24.5
7/30/2006,27.9,24.2
7/31/2006,27.4,25.3
8/1/2006,27.4,24.9
8/2/2006,28.5,24.2
8/3/2006,28.5,25.6
8/4/2006,27.9,25.6
8/5/2006,27.4,24.9
8/6/2006,27.9,25.3
8/7/2006,27.9,24.9
8/8/2006,29,25.3
8/9/2006,29,25.6
8/10/2006,29.6,26
8/11/2006,27.9,24.9
8/12/2006,29,24.9
8/13/2006,29.6,26
8/14/2006,30.2,25.6
8/15/2006,30.2,24.9
8/16/2006,29.6,26
8/17/2006,29,24.9
8/18/2006,26.2,24.5
8/19/2006,27.9,24.5
8/20/2006,29,25.6
8/21/2006,30.2,25.3
8/22/2006,30.2,24.9
8/23/2006,30.2,24.5
8/24/2006,29.6,26
8/25/2006,30.2,26
8/26/2006,29.6,24.9
8/27/2006,28.5,24.2
8/28/2006,29.6,25.3
8/29/2006,28.5,24.5
8/30/2006,29,23.8
8/31/2006,29.6,24.2
9/1/2006,26.7,24.5
9/2/2006,29,24.9
9/3/2006,26.7,24.9
9/4/2006,27.9,24.5
9/5/2006,27.9,24.5
9/6/2006,29.6,25.3
9/7/2006,29.6,26
9/8/2006,29.6,24.2
9/9/2006,29.6,26
9/10/2006,29.6,25.3
9/11/2006,30.2,25.6
9/12/2006,30.2,25.6
9/13/2006,29,25.3
9/14/2006,30.2,25.6
9/15/2006,30.8,24.9
9/16/2006,30.8,24.5
9/17/2006,29.6,24.9
9/18/2006,26.7,24.2
9/19/2006,29,24.9
9/20/2006,29.6,25.3
9/21/2006,29,25.3
9/22/2006,27.9,25.3
9/23/2006,26.7,23.8
9/24/2006,26.7,24.5
9/25/2006,27.9,24.9
9/26/2006,27.9,24.2
9/27/2006,27.9,23.8
9/28/2006,28.5,25.3
9/29/2006,29,26
9/30/2006,29.6,26
10/1/2006,29.6,25.6
10/2/2006,29,24.2
10/3/2006,28.5,23.8
10/4/2006,30.2,23.8
10/5/2006,30.2,24.5
10/6/2006,30.2,24.5
10/7/2006,27.9,24.5
10/8/2006,29,25.6
10/9/2006,29,24.9
10/10/2006,29,25.6
10/11/2006,30.2,26
10/12/2006,29.6,26
10/13/2006,29.6,26
10/14/2006,29,25.3
10/15/2006,29.6,25.3
10/16/2006,30.8,25.3
10/17/2006,30.2,24.9
10/18/2006,29,24.2
10/19/2006,27.4,24.2
10/20/2006,28.5,24.2
10/21/2006,26.7,24.9
10/22/2006,27.4,24.9
10/23/2006,29,24.5
10/24/2006,29,24.5
10/25/2006,26.7,24.2
10/26/2006,29,25.3
10/27/2006,29,25.6
10/28/2006,29,25.3
10/29/2006,29,25.6
10/30/2006,28.5,25.6
10/31/2006,27.9,24.5
11/1/2006,29,24.5
11/2/2006,29,26
11/3/2006,28.5,24.2
11/4/2006,29.6,24.2
11/5/2006,26.2,24.2
11/6/2006,26.7,23.8
11/7/2006,29.6,25.3
11/8/2006,28.5,24.2
11/9/2006,30.8,23.8
11/10/2006,30.8,24.9
11/11/2006,30.2,26.4
11/12/2006,30.2,26.4
11/13/2006,29.6,26
11/14/2006,29.6,24.5
11/15/2006,29,24.9
11/16/2006,29,24.2
11/17/2006,29,23.4
11/18/2006,29,24.2
11/19/2006,29,24.5
11/20/2006,27.9,23.8
11/21/2006,29,23.8
11/22/2006,30.2,25.6
11/23/2006,29.6,26.4
11/24/2006,30.2,25.3
11/25/2006,30.2,25.3
11/26/2006,30.2,24.5
11/27/2006,30.2,25.3
11/28/2006,31.4,26.4
11/29/2006,28.5,24.9
11/30/2006,30.2,24.5
12/1/2006,30.8,25.6
12/2/2006,30.8,25.3
12/3/2006,31.4,24.5
12/4/2006,27.9,24.2
12/5/2006,29,24.5
12/6/2006,30.2,24.2
12/7/2006,31.4,24.5
12/8/2006,31.4,25.3
12/9/2006,31.9,24.2
12/10/2006,31.4,24.9
12/11/2006,29,24.9
12/12/2006,27.4,24.9
12/13/2006,29,24.9
12/14/2006,27.4,24.9
12/15/2006,29.6,25.3
12/16/2006,29.6,25.3
12/17/2006,30.2,24.5
12/18/2006,30.8,25.3
12/19/2006,30.8,25.6
12/20/2006,30.8,25.3
12/21/2006,30.8,26.4
12/22/2006,30.2,26.8
12/23/2006,30.8,24.9
12/24/2006,29.6,25.3
12/25/2006,29.6,24.9
12/26/2006,30.2,25.3
12/27/2006,30.2,24.9
12/28/2006,29,24.5
12/29/2006,30.8,25.6
12/30/2006,31.4,26.8
12/31/2006,31.4,25.6
1/1/2007,31.4,26
1/2/2007,31.4,25.3
1/3/2007,30.8,26
1/4/2007,31.4,26
1/5/2007,30.8,25.6
1/6/2007,29.6,24.5
1/7/2007,29.6,24.5
1/8/2007,30.2,26.4
1/9/2007,30.8,24.9
1/10/2007,30.8,25.3
1/11/2007,31.4,25.6
1/12/2007,31.4,26
1/13/2007,29,26
1/14/2007,30.2,24.5
1/15/2007,31.4,27.1
1/16/2007,31.4,26
1/17/2007,31.4,25.6
1/18/2007,30.2,25.3
1/19/2007,29,25.3
1/20/2007,30.8,26
1/21/2007,30.2,24.9
1/22/2007,27.9,24.9
1/23/2007,29,25.3
1/24/2007,30.2,26.8
1/25/2007,30.2,26.8
1/26/2007,30.2,25.3
1/27/2007,30.8,25.6
1/28/2007,29,25.3
1/29/2007,30.8,25.3
1/30/2007,31.4,26
1/31/2007,30.2,26.8
2/1/2007,30.2,24.9
2/2/2007,30.8,24.9
2/3/2007,29.6,24.9
2/4/2007,30.8,24.5
2/5/2007,31.4,26.8
2/6/2007,32.5,27.1
2/7/2007,32.5,26
2/8/2007,31.4,26
2/9/2007,31.4,25.6
2/10/2007,31.4,26
2/11/2007,31.4,25.6
2/12/2007,30.2,26
2/13/2007,31.4,25.6
2/14/2007,31.4,26
2/15/2007,30.2,25.3
2/16/2007,30.8,24.9
2/17/2007,30.8,24.9
2/18/2007,31.9,26
2/19/2007,30.8,25.6
2/20/2007,29.6,24.9
2/21/2007,30.2,25.6
2/22/2007,30.8,24.9
2/23/2007,30.2,24.9
2/24/2007,31.4,26.8
2/25/2007,31.4,25.6
2/26/2007,30.2,25.3
2/27/2007,31.9,24.9
2/28/2007,31.4,24.9
3/1/2007,31.4,26
3/2/2007,31.4,26.8
3/3/2007,30.2,25.6
3/4/2007,29.6,25.3
3/5/2007,33,25.6
3/6/2007,31.9,26
3/7/2007,30.8,25.6
3/8/2007,30.2,25.6
3/9/2007,30.8,25.3
3/10/2007,33,26.4
3/11/2007,31.9,24.5
3/12/2007,29.6,24.9
3/13/2007,31.4,26.4
3/14/2007,31.4,26
3/15/2007,30.8,25.6
3/16/2007,29.6,24.5
3/17/2007,30.8,25.3
3/18/2007,31.4,25.3
3/19/2007,29,25.3
3/20/2007,31.4,26
3/21/2007,30.2,25.3
3/22/2007,31.4,26
3/23/2007,32.5,25.6
3/24/2007,31.4,26
3/25/2007,32.5,25.6
3/26/2007,30.8,25.6
3/27/2007,30.8,25.3
3/28/2007,29,25.3
3/29/2007,30.8,24.9
3/30/2007,31.4,25.3
3/31/2007,28.5,24.9
4/1/2007,31.9,25.6
4/2/2007,30.8,24.9
4/3/2007,30.2,25.3
4/4/2007,31.9,24.9
4/5/2007,31.4,24.5
4/6/2007,31.9,25.3
4/7/2007,31.9,26.4
4/8/2007,31.9,27.1
4/9/2007,31.4,26.8
4/10/2007,31.4,25.6
4/11/2007,31.9,24.5
4/12/2007,31.4,24.5
4/13/2007,31.9,25.3
4/14/2007,31.4,26
4/15/2007,31.9,26.4
4/16/2007,31.9,25.6
4/17/2007,30.8,26
4/18/2007,31.4,25.6
4/19/2007,30.8,25.3
4/20/2007,29.6,25.6
4/21/2007,31.4,25.6
4/22/2007,31.9,25.6
4/23/2007,31.4,25.6
4/24/2007,31.4,26
4/25/2007,30.8,25.3
4/26/2007,31.4,26.8
4/27/2007,30.2,25.6
4/28/2007,31.4,27.5
4/29/2007,31.4,26.4
4/30/2007,31.4,27.1
5/1/2007,30.8,25.3
5/2/2007,31.4,26.8
5/3/2007,31.4,27.1
5/4/2007,29.6,25.3
5/5/2007,30.8,26
5/6/2007,29,25.6
5/7/2007,29,25.6
5/8/2007,30.2,26
5/9/2007,30.2,25.6
5/10/2007,27.9,25.3
5/11/2007,31.4,25.3
5/12/2007,30.2,25.6
5/13/2007,30.2,26
5/14/2007,31.4,26.4
5/15/2007,30.8,25.6
5/16/2007,31.4,25.3
5/17/2007,30.2,25.6
5/18/2007,30.8,25.3
5/19/2007,27.4,24.5
5/20/2007,30.2,24.5
5/21/2007,30.2,24.2
5/22/2007,30.2,24.2
5/23/2007,30.2,24.9
5/24/2007,29.6,24.5
5/25/2007,30.2,26
5/26/2007,30.2,25.3
5/27/2007,29,24.9
5/28/2007,29,24.5
5/29/2007,29,25.3
5/30/2007,30.2,24.9
5/31/2007,28.5,25.3
6/1/2007,30.2,24.9
6/2/2007,30.8,25.6
6/3/2007,29.6,25.3
6/4/2007,30.2,26
6/5/2007,30.8,26.8
6/6/2007,30.8,26
6/7/2007,30.8,27.1
6/8/2007,30.2,27.1
6/9/2007,30.2,26.8
6/10/2007,30.2,26.4
6/11/2007,30.2,25.3
6/12/2007,30.8,26.8
6/13/2007,30.8,26.8
6/14/2007,30.2,25.6
6/15/2007,30.2,25.3
6/16/2007,30.8,24.9
6/17/2007,30.8,24.5
6/18/2007,30.8,24.9
6/19/2007,30.2,26.4
6/20/2007,30.8,27.1
6/21/2007,30.8,27.1
6/22/2007,30.2,26
6/23/2007,30.2,26.8
6/24/2007,30.2,26
6/25/2007,30.8,25.3
6/26/2007,30.2,25.3
6/27/2007,29,25.6
6/28/2007,28.5,25.3
6/29/2007,28.5,26
6/30/2007,29.6,26
7/1/2007,30.2,26.4
7/2/2007,30.2,26
7/3/2007,30.8,24.5
7/4/2007,31.9,25.3
7/5/2007,28.5,26
7/6/2007,29.6,26
7/7/2007,27.9,26
7/8/2007,29,25.6
7/9/2007,27.9,26
7/10/2007,29,26
7/11/2007,30.8,24.5
7/12/2007,30.8,25.6
7/13/2007,30.2,24.9
7/14/2007,30.2,26.8
7/15/2007,30.2,25.6
7/16/2007,29.6,26.4
7/17/2007,30.8,25.3
7/18/2007,29.6,24.9
7/19/2007,30.2,26.4
7/20/2007,30.2,26.4
7/21/2007,30.2,25.6
7/22/2007,30.8,25.3
7/23/2007,30.2,25.6
7/24/2007,30.8,25.6
7/25/2007,30.2,26.4
7/26/2007,28.5,24.9
7/27/2007,30.8,25.3
7/28/2007,30.8,24.9
7/29/2007,30.2,26.4
7/30/2007,30.2,26
7/31/2007,30.2,25.3
8/1/2007,29.6,24.5
8/2/2007,29.6,25.6
8/3/2007,29.6,26.4
8/4/2007,29.6,26.4
8/5/2007,30.2,26.4
8/6/2007,30.2,26.4
8/7/2007,30.8,24.2
8/8/2007,30.8,24.5
8/9/2007,30.2,26.4
8/10/2007,29.6,24.9
8/11/2007,30.2,25.6
8/12/2007,29.6,25.3
8/13/2007,29,24.9
8/14/2007,30.2,26.4
8/15/2007,30.2,26.4
8/16/2007,30.2,25.6
8/17/2007,30.2,26.4
8/18/2007,29.6,26.4
8/19/2007,30.2,26.4
8/20/2007,29,26
8/21/2007,28.5,26
8/22/2007,30.2,26
8/23/2007,29.6,24.9
8/24/2007,30.2,26
8/25/2007,30.2,26
8/26/2007,30.8,26
8/27/2007,30.2,26.8
8/28/2007,30.2,26.8
8/29/2007,30.2,26.8
8/30/2007,30.2,26
8/31/2007,30.8,26.8
9/1/2007,30.2,26.4
9/2/2007,30.2,25.3
9/3/2007,27.4,24.9
9/4/2007,28.5,25.6
9/5/2007,27.9,25.3
9/6/2007,30.2,25.6
9/7/2007,29.6,25.3
9/8/2007,29.6,26
9/9/2007,30.8,26
9/10/2007,30.8,26.4
9/11/2007,30.8,26.8
9/12/2007,29.6,25.6
9/13/2007,30.2,25.6
9/14/2007,30.8,26
9/15/2007,30.8,25.3
9/16/2007,30.8,25.3
9/17/2007,30.8,26.4
9/18/2007,29.6,25.3
9/19/2007,30.2,25.3
9/20/2007,30.2,24.9
9/21/2007,30.2,24.9
9/22/2007,30.8,26
9/23/2007,30.8,26
9/24/2007,30.8,25.3
9/25/2007,31.4,25.3
9/26/2007,30.8,26
9/27/2007,30.8,25.6
9/28/2007,30.8,25.3
9/29/2007,30.2,25.3
9/30/2007,30.2,25.6
10/1/2007,31.4,25.3
10/2/2007,31.4,25.6
10/3/2007,29.6,25.3
10/4/2007,31.4,26
10/5/2007,29,25.3
10/6/2007,30.2,25.3
10/7/2007,30.2,24.9
10/8/2007,30.2,25.3
10/9/2007,31.9,25.6
10/10/2007,31.4,25.6
10/11/2007,30.2,25.6
10/12/2007,30.2,24.5
10/13/2007,29.6,24.2
10/14/2007,30.2,25.3
10/15/2007,30.8,25.3
10/16/2007,31.4,26.4
10/17/2007,31.4,26
10/18/2007,31.4,25.3
10/19/2007,30.2,25.3
10/20/2007,29.6,25.3
10/21/2007,29,24.9
10/22/2007,30.2,25.3
10/23/2007,31.4,26
10/24/2007,31.9,25.3
10/25/2007,30.8,24.9
10/26/2007,31.9,24.9
10/27/2007,30.8,25.3
10/28/2007,31.4,24.9
10/29/2007,30.2,24.5
10/30/2007,31.9,26.8
10/31/2007,31.9,26
11/1/2007,31.4,24.9
11/2/2007,30.8,25.3
11/3/2007,31.9,26
11/4/2007,31.4,26.8
11/5/2007,31.4,25.6
11/6/2007,31.4,26.4
11/7/2007,30.2,26
11/8/2007,30.2,26
11/9/2007,31.4,24.9
11/10/2007,30.8,25.6
11/11/2007,31.4,27.1
11/12/2007,32.5,25.6
11/13/2007,29.6,25.6
11/14/2007,30.2,25.6
11/15/2007,30.8,25.3
11/16/2007,31.4,25.6
11/17/2007,30.2,25.6
11/18/2007,30.2,27.1
11/19/2007,31.4,26.8
11/20/2007,27.4,24.9
11/21/2007,29.6,24.9
11/22/2007,30.8,24.9
11/23/2007,28.5,25.6
11/24/2007,30.2,25.6
11/25/2007,31.4,26
11/26/2007,31.9,26
11/27/2007,32.5,25.6
11/28/2007,31.9,26.8
11/29/2007,29,24.2
11/30/2007,31.4,25.6
12/1/2007,30.2,25.3
12/2/2007,30.2,25.3
12/3/2007,31.4,26
12/4/2007,31.9,26
12/5/2007,31.4,25.3
12/6/2007,28.5,25.6
12/7/2007,31.4,26
12/8/2007,30.8,25.6
12/9/2007,29.6,25.3
12/10/2007,30.2,25.3
12/11/2007,30.2,25.3
12/12/2007,30.8,25.3
12/13/2007,31.4,26
12/14/2007,30.8,24.9
12/15/2007,31.4,24.5
12/16/2007,31.9,26
12/17/2007,31.4,26.8
12/18/2007,31.9,26.4
12/19/2007,30.8,26
12/20/2007,31.4,26.4
12/21/2007,31.4,26
12/22/2007,31.9,26.4
12/23/2007,31.9,25.6
12/24/2007,31.4,25.6
12/25/2007,30.2,26
12/26/2007,30.8,24.9
12/27/2007,30.2,25.3
12/28/2007,29,24.9
12/29/2007,29,24.9
12/30/2007,31.9,24.9
12/31/2007,31.4,25.3
1/1/2008,31.9,26
1/2/2008,31.4,26
1/3/2008,30.2,25.3
1/4/2008,31.4,25.3
1/5/2008,31.4,25.6
1/6/2008,30.2,24.2
1/7/2008,29,24.9
1/8/2008,29,24.9
1/9/2008,30.2,26
1/10/2008,31.4,27.1
1/11/2008,29.6,26
1/12/2008,30.2,26.4
1/13/2008,31.9,26.4
1/14/2008,31.9,25.6
1/15/2008,30.8,25.6
1/16/2008,30.8,25.6
1/17/2008,30.8,26.4
1/18/2008,30.2,26
1/19/2008,27.9,24.5
1/20/2008,30.8,25.3
1/21/2008,30.2,26
1/22/2008,31.4,26
1/23/2008,31.4,24.9
1/24/2008,30.2,25.6
1/25/2008,28.5,25.3
1/26/2008,31.4,26
1/27/2008,31.4,26
1/28/2008,31.4,27.1
1/29/2008,30.8,25.3
1/30/2008,29.6,24.9
1/31/2008,30.8,25.6
2/1/2008,31.4,26.4
2/2/2008,31.9,26.4
2/3/2008,31.4,26.4
2/4/2008,31.4,26
2/5/2008,31.9,25.6
2/6/2008,31.9,25.6
2/7/2008,31.9,25.6
2/8/2008,31.9,26
2/9/2008,31.9,26
2/10/2008,31.9,26.4
2/11/2008,31.4,27.1
2/12/2008,30.8,26
2/13/2008,30.2,25.6
2/14/2008,31.4,24.9
2/15/2008,30.8,25.3
2/16/2008,31.4,25.3
2/17/2008,31.9,25.3
2/18/2008,31.4,25.3
2/19/2008,31.9,25.3
2/20/2008,31.9,25.6
2/21/2008,31.9,25.6
2/22/2008,31.9,26
2/23/2008,30.2,26
2/24/2008,31.4,25.6
2/25/2008,31.9,26.4
2/26/2008,31.4,25.6
2/27/2008,31.4,25.3
2/28/2008,31.4,25.3
2/29/2008,29.6,25.3
3/1/2008,29,25.3
3/2/2008,30.2,25.6
3/3/2008,29,24.9
3/4/2008,28.5,24.5
3/5/2008,30.2,24.9
3/6/2008,30.8,24.5
3/7/2008,30.8,26
3/8/2008,31.4,24.9
3/9/2008,31.4,25.3
3/10/2008,30.8,25.3
3/11/2008,31.4,25.3
3/12/2008,31.4,24.5
3/13/2008,31.4,25.3
3/14/2008,32.5,25.3
3/15/2008,32.5,26.4
3/16/2008,30.8,25.3
3/17/2008,31.4,24.9
3/18/2008,32.5,27.5
3/19/2008,31.4,25.3
3/20/2008,31.9,26
3/21/2008,29.6,24.5
3/22/2008,31.4,25.3
3/23/2008,30.8,26
3/24/2008,30.8,25.3
3/25/2008,31.4,25.3
3/26/2008,31.9,25.6
3/27/2008,31.9,25.3
3/28/2008,31.9,26
3/29/2008,30.2,26
3/30/2008,31.9,25.6
3/31/2008,31.4,26
4/1/2008,30.2,25.6
4/2/2008,31.9,26.4
4/3/2008,31.9,25.6
4/4/2008,31.4,24.9
4/5/2008,31.4,26
4/6/2008,31.4,25.6
4/7/2008,31.4,26
4/8/2008,30.2,25.3
4/9/2008,30.8,24.9
4/10/2008,29.6,24.9
4/11/2008,31.4,24.9
4/12/2008,30.2,24.9
4/13/2008,30.2,25.3
4/14/2008,30.8,24.9
4/15/2008,30.8,25.3
4/16/2008,31.4,24.9
4/17/2008,30.2,24.5
4/18/2008,31.4,24.5
4/19/2008,31.9,26
4/20/2008,31.4,26.8
4/21/2008,29,25.6
4/22/2008,31.4,26.8
4/23/2008,31.9,25.6
4/24/2008,31.4,27.1
4/25/2008,31.4,27.1
4/26/2008,31.4,26
4/27/2008,28.5,24.5
4/28/2008,30.2,24.5
4/29/2008,29.6,24.2
4/30/2008,31.4,23.8
5/1/2008,31.4,25.3
5/2/2008,30.8,25.3
5/3/2008,31.4,26.8
5/4/2008,31.4,26.8
5/5/2008,31.4,26.4
5/6/2008,30.8,25.3
5/7/2008,31.9,25.3
5/8/2008,31.4,25.3
5/9/2008,31.4,24.9
5/10/2008,31.4,25.3
5/11/2008,30.8,22.7
5/12/2008,29,24.9
5/13/2008,30.8,26
5/14/2008,31.4,25.3
5/15/2008,31.9,25.3
5/16/2008,31.9,24.9
5/17/2008,31.9,25.6
5/18/2008,29.6,24.9
5/19/2008,29,24.5
5/20/2008,30.2,25.3
5/21/2008,28.5,25.3
5/22/2008,31.4,24.9
5/23/2008,30.8,24.2
5/24/2008,30.2,24.5
5/25/2008,29.6,24.9
5/26/2008,29.6,25.3
5/27/2008,30.8,25.6
5/28/2008,30.8,24.5
5/29/2008,28.5,24.5
5/30/2008,29,25.3
5/31/2008,27.4,24.2
6/1/2008,30.2,24.2
6/2/2008,29.6,24.2
6/3/2008,30.2,25.3
6/4/2008,30.2,25.6
6/5/2008,29,24.5
6/6/2008,30.2,25.6
6/7/2008,29,23.8
6/8/2008,29.6,24.2
6/9/2008,29.6,26
6/10/2008,29,25.6
6/11/2008,29,24.9
6/12/2008,29.6,25.6
6/13/2008,30.2,26
6/14/2008,27.4,24.5
6/15/2008,29.6,25.6
6/16/2008,29,26
6/17/2008,27.4,24.9
6/18/2008,27.9,24.2
6/19/2008,29,24.2
6/20/2008,28.5,24.2
6/21/2008,29,24.5
6/22/2008,28.5,25.3
6/23/2008,29,25.6
6/24/2008,27.4,24.5
6/25/2008,27.9,25.6
6/26/2008,29,26
6/27/2008,27.9,24.5
6/28/2008,30.2,24.5
6/29/2008,30.2,23.8
6/30/2008,29,23.4
7/1/2008,29.6,25.6
7/2/2008,28.5,25.3
7/3/2008,29.6,25.3
7/4/2008,29.6,25.6
7/5/2008,27.4,25.3
7/6/2008,29.6,24.2
7/7/2008,29,24.5
7/8/2008,29.6,24.2
7/9/2008,28.5,24.9
7/10/2008,26.2,24.5
7/11/2008,27.4,24.5
7/12/2008,26.7,24.9
7/13/2008,27.9,24.9
7/14/2008,27.4,24.5
7/15/2008,26.2,24.9
7/16/2008,27.4,24.9
7/17/2008,27.9,25.3
7/18/2008,26.7,24.9
7/19/2008,27.4,25.6
7/20/2008,27.4,24.9
7/21/2008,27.9,25.6
7/22/2008,27.9,25.3
7/23/2008,28.5,25.6
7/24/2008,27.9,25.3
7/25/2008,28.5,23.8
7/26/2008,29,25.3
7/27/2008,29,24.5
7/28/2008,29.6,25.6
7/29/2008,30.2,26
7/30/2008,29,26
7/31/2008,29.6,26
8/1/2008,30.2,26
8/2/2008,29.6,26
8/3/2008,30.2,26
8/4/2008,29.6,26
8/5/2008,30.2,26
8/6/2008,30.2,25.6
8/7/2008,30.2,26
8/8/2008,27.9,24.5
8/9/2008,29,25.3
8/10/2008,27.9,25.3
8/11/2008,28.5,24.9
8/12/2008,29,24.5
8/13/2008,29.6,25.6
8/14/2008,29.6,26
8/15/2008,29.6,25.3
8/16/2008,29,25.3
8/17/2008,29.6,25.3
8/18/2008,29,25.6
8/19/2008,29,25.3
8/20/2008,27.9,25.6
8/21/2008,29,25.6
8/22/2008,28.5,24.5
8/23/2008,28.5,24.2
8/24/2008,29,25.6
8/25/2008,29,25.6
8/26/2008,29,25.6
8/27/2008,29,25.6
8/28/2008,29,25.3
8/29/2008,29,25.6
8/30/2008,29.6,25.6
8/31/2008,27.9,24.5
9/1/2008,28.5,24.5
9/2/2008,29,24.2
9/3/2008,26.7,24.2
9/4/2008,29.6,25.3
9/5/2008,28.5,25.3
9/6/2008,28.5,25.3
9/7/2008,29,25.6
9/8/2008,29,25.3
9/9/2008,29,25.6
9/10/2008,29.6,25.3
9/11/2008,29.6,25.6
9/12/2008,29.6,25.6
9/13/2008,29.6,25.3
9/14/2008,30.8,25.6
9/15/2008,27.9,24.5
9/16/2008,29,24.5
9/17/2008,29.6,24.9
9/18/2008,29,25.6
9/19/2008,28.5,25.3
9/20/2008,28.5,24.5
9/21/2008,29,24.5
9/22/2008,29,25.6
9/23/2008,29,25.6
9/24/2008,29,25.6
9/25/2008,27.9,25.3
9/26/2008,28.5,25.6
9/27/2008,29.6,25.3
9/28/2008,29.6,25.3
9/29/2008,29.6,25.3
9/30/2008,29,24.2
10/1/2008,29.6,26.4
10/2/2008,28.5,25.6
10/3/2008,29.6,24.2
10/4/2008,30.2,24.9
10/5/2008,29,24.2
10/6/2008,29.6,25.3
10/7/2008,29,25.3
10/8/2008,29.6,25.6
10/9/2008,29,26
10/10/2008,29,25.3
10/11/2008,30.2,26.4
10/12/2008,29.6,26
10/13/2008,29.6,26
10/14/2008,30.2,26
10/15/2008,30.8,26.8
10/16/2008,30.2,26
10/17/2008,30.2,26
10/18/2008,30.8,26
10/19/2008,30.8,26
10/20/2008,30.8,26
10/21/2008,30.8,24.5
10/22/2008,30.8,26
10/23/2008,30.8,25.3
10/24/2008,29.6,25.3
10/25/2008,30.8,26
10/26/2008,30.2,26.4
10/27/2008,30.8,26.4
10/28/2008,30.8,25.6
10/29/2008,30.2,25.3
10/30/2008,29,24.9
10/31/2008,30.2,24.5
11/1/2008,30.2,26
11/2/2008,30.8,26
11/3/2008,30.8,25.3
11/4/2008,30.8,24.9
11/5/2008,30.2,25.3
11/6/2008,31.9,24.9
11/7/2008,31.4,25.6
11/8/2008,29,24.9
11/9/2008,31.4,25.3
11/10/2008,31.4,25.3
11/11/2008,31.4,25.3
11/12/2008,30.2,24.2
11/13/2008,31.4,26
11/14/2008,30.8,25.6
11/15/2008,30.2,24.9
11/16/2008,30.8,25.6
11/17/2008,31.4,25.6
11/18/2008,31.4,25.6
11/19/2008,31.4,24.9
11/20/2008,31.4,24.9
11/21/2008,29,24.5
11/22/2008,30.8,25.3
11/23/2008,30.2,25.6
11/24/2008,28.5,25.3
11/25/2008,31.4,25.6
11/26/2008,31.9,26
11/27/2008,31.9,25.6
11/28/2008,31.4,25.6
11/29/2008,30.8,25.6
11/30/2008,31.4,26
12/1/2008,31.9,26.4
12/2/2008,31.4,26.8
12/3/2008,31.4,25.6
12/4/2008,30.8,26
12/5/2008,30.8,24.9
12/6/2008,27.9,24.9
12/7/2008,27.4,24.5
12/8/2008,29.6,24.2
12/9/2008,31.4,26
12/10/2008,31.4,25.3
12/11/2008,31.9,26.4
12/12/2008,31.4,26.4
12/13/2008,30.2,25.3
12/14/2008,32.5,26.4
12/15/2008,31.9,25.6
12/16/2008,31.9,25.6
12/17/2008,31.4,25.6
12/18/2008,32.5,26.4
12/19/2008,31.9,25.6
12/20/2008,33,26.4
12/21/2008,32.5,26.8
12/22/2008,32.5,26
12/23/2008,32.5,26.4
12/24/2008,33.6,26
12/25/2008,31.9,25.6
12/26/2008,32.5,26.4
12/27/2008,33,25.6
12/28/2008,32.5,25.6
12/29/2008,32.5,27.1
12/30/2008,31.9,26
12/31/2008,33,26.8
1/1/2009,31.9,26
1/2/2009,32.5,26.4
1/3/2009,32.5,25.6
1/4/2009,30.2,25.3
1/5/2009,30.2,26
1/6/2009,33,26.8
1/7/2009,32.5,26.4
1/8/2009,31.9,26.4
1/9/2009,31.9,27.5
1/10/2009,31.9,28.3
1/11/2009,31.4,26.8
1/12/2009,30.8,26.8
1/13/2009,31.9,26
1/14/2009,31.4,26.4
1/15/2009,33,26.4
1/16/2009,31.9,26
1/17/2009,31.9,26.4
1/18/2009,30.8,26
1/19/2009,31.9,25.6
1/20/2009,30.8,26.8
1/21/2009,31.9,26.8
1/22/2009,30.2,26
1/23/2009,31.4,25.6
1/24/2009,30.8,25.6
1/25/2009,32.5,26
1/26/2009,30.8,25.6
1/27/2009,31.4,26
1/28/2009,31.9,25.6
1/29/2009,31.4,25.3
1/30/2009,31.4,25.3
1/31/2009,32.5,24.9
2/1/2009,31.9,25.3
2/2/2009,32.5,26
2/3/2009,31.4,26
2/4/2009,32.5,26
2/5/2009,33,26
2/6/2009,33.6,26.8
2/7/2009,33,27.1
2/8/2009,30.8,26
2/9/2009,31.4,26.4
2/10/2009,32.5,25.6
2/11/2009,32.5,25.6
2/12/2009,30.8,25.6
2/13/2009,32.5,25.6
2/14/2009,32.5,24.9
2/15/2009,32.5,26.4
2/16/2009,33,26.8
2/17/2009,33,26
2/18/2009,33,27.1
2/19/2009,33,25.6
2/20/2009,32.5,25.6
2/21/2009,32.5,25.3
2/22/2009,30.8,25.3
2/23/2009,32.5,25.3
2/24/2009,32.5,26
2/25/2009,32.5,25.6
2/26/2009,32.5,26.8
2/27/2009,32.5,26.8
2/28/2009,32.5,27.1
3/1/2009,32.5,26
3/2/2009,33,27.1
3/3/2009,33,26.8
3/4/2009,32.5,25.6
3/5/2009,31.9,26
3/6/2009,32.5,26
3/7/2009,33,26
3/8/2009,31.4,24.9
3/9/2009,32.5,26
3/10/2009,31.9,26
3/11/2009,31.4,25.6
3/12/2009,31.9,25.3
3/13/2009,31.9,26
3/14/2009,31.9,26
3/15/2009,31.4,26
3/16/2009,31.9,25.6
3/17/2009,33,26
3/18/2009,32.5,26
3/19/2009,32.5,26.8
3/20/2009,32.5,25.3
3/21/2009,31.9,25.6
3/22/2009,32.5,26.4
3/23/2009,32.5,26
3/24/2009,32.5,26.4
3/25/2009,32.5,27.1
3/26/2009,32.5,26
3/27/2009,31.9,26
3/28/2009,32.5,26
3/29/2009,31.4,26
3/30/2009,30.2,25.6
3/31/2009,29,25.6
4/1/2009,29,26
4/2/2009,30.2,25.6
4/3/2009,30.2,25.6
4/4/2009,31.9,26
4/5/2009,30.8,25.6
4/6/2009,32.5,26
4/7/2009,31.9,26.4
4/8/2009,31.9,25.6
4/9/2009,31.9,26.4
4/10/2009,30.2,25.6
4/11/2009,31.4,26.8
4/12/2009,31.9,27.5
4/13/2009,31.9,26.8
4/14/2009,31.4,26
4/15/2009,31.9,26.4
4/16/2009,30.8,26
4/17/2009,32.5,26.4
4/18/2009,33,26.8
4/19/2009,32.5,26.8
4/20/2009,32.5,27.1
4/21/2009,32.5,27.5
4/22/2009,33,27.9
4/23/2009,33,27.9
4/24/2009,33,27.1
4/25/2009,31.9,26.4
4/26/2009,31.4,26.4
4/27/2009,32.5,26.4
4/28/2009,31.4,26
4/29/2009,30.2,26.4
4/30/2009,30.8,26
5/1/2009,30.2,25.3
5/2/2009,30.8,24.9
5/3/2009,32.5,25.3
5/4/2009,30.2,26
5/5/2009,30.2,25.6
5/6/2009,30.8,25.6
5/7/2009,30.2,24.5
5/8/2009,30.2,24.5
5/9/2009,28.5,25.3
5/10/2009,27.4,24.2
5/11/2009,29.6,24.9
5/12/2009,32.5,24.9
5/13/2009,29.6,25.3
5/14/2009,27.9,24.9
5/15/2009,29,25.3
5/16/2009,28.5,25.3
5/17/2009,27.4,24.2
5/18/2009,30.2,24.9
5/19/2009,29.6,25.3
5/20/2009,29,24.5
5/21/2009,27.9,25.6
5/22/2009,28.5,25.3
5/23/2009,29,25.6
5/24/2009,29.6,24.5
5/25/2009,29.6,26.4
5/26/2009,30.8,24.5
5/27/2009,30.2,24.9
5/28/2009,30.2,26.8
5/29/2009,30.2,26.8
5/30/2009,30.2,25.3
5/31/2009,30.2,24.9
6/1/2009,29.6,24.9
6/2/2009,29,25.3
6/3/2009,29.6,25.3
6/4/2009,26.2,24.5
6/5/2009,28.5,24.5
6/6/2009,27.9,24.5
6/7/2009,27.9,25.6
6/8/2009,27.4,25.3
6/9/2009,27.9,24.2
6/10/2009,27.4,24.2
6/11/2009,28.5,25.3
6/12/2009,28.5,25.3
6/13/2009,28.5,25.6
6/14/2009,29.6,24.2
6/15/2009,29,26
6/16/2009,29,26
6/17/2009,30.2,24.9
6/18/2009,29.6,24.2
6/19/2009,27.9,25.6
6/20/2009,27.4,24.5
6/21/2009,30.2,25.6
6/22/2009,29.6,25.3
6/23/2009,27.4,24.9
6/24/2009,26.7,24.9
6/25/2009,28.5,25.6
6/26/2009,28.5,25.3
6/27/2009,30.2,26
6/28/2009,30.2,26.4
6/29/2009,30.2,26.4
6/30/2009,30.8,25.3
7/1/2009,27.4,24.5
7/2/2009,30.2,24.9
7/3/2009,27.9,24.9
7/4/2009,29.6,25.6
7/5/2009,30.8,26.4
7/6/2009,30.8,26.4
7/7/2009,29,26.4
7/8/2009,28.5,25.3
7/9/2009,29,24.9
7/10/2009,27.9,25.6
7/11/2009,29,25.6
7/12/2009,29.6,24.9
7/13/2009,29,22.3
7/14/2009,29.6,26.4
7/15/2009,29,25.6
7/16/2009,27.4,24.9
7/17/2009,29,25.3
7/18/2009,29,26
7/19/2009,29,25.3
7/20/2009,29,24.9
7/21/2009,27.9,24.2
7/22/2009,25.6,23.8
7/23/2009,26.2,24.9
7/24/2009,28.5,25.6
7/25/2009,29,24.5
7/26/2009,29,23.8
7/27/2009,25.6,23.8
7/28/2009,26.2,24.5
7/29/2009,26.7,24.5
7/30/2009,27.4,24.9
7/31/2009,27.4,24.2
8/1/2009,27.9,24.9
8/2/2009,27.9,24.5
8/3/2009,28.5,24.2
8/4/2009,28.5,24.5
8/5/2009,28.5,24.9
8/6/2009,27.4,24.5
8/7/2009,27.9,25.3
8/8/2009,29,24.5
8/9/2009,28.5,24.5
8/10/2009,28.5,25.3
8/11/2009,26.7,24.9
8/12/2009,27.4,24.5
8/13/2009,27.4,24.2
8/14/2009,29,24.5
8/15/2009,27.9,23.8
8/16/2009,27.4,24.2
8/17/2009,28.5,24.2
8/18/2009,29,25.6
8/19/2009,28.5,24.9
8/20/2009,30.2,24.9
8/21/2009,29.6,23.8
8/22/2009,29.6,24.2
8/23/2009,28.5,24.9
8/24/2009,26.2,23
8/25/2009,26.2,23.4
8/26/2009,27.4,24.5
8/27/2009,27.9,24.5
8/28/2009,27.9,24.9
8/29/2009,27.4,25.3
8/30/2009,27.9,25.3
8/31/2009,27.9,24.5
9/1/2009,27.4,24.2
9/2/2009,29,24.5
9/3/2009,28.5,24.2
9/4/2009,29.6,24.2
9/5/2009,27.9,24.5
9/6/2009,26.2,23
9/7/2009,26.2,23.8
9/8/2009,27.4,25.3
9/9/2009,27.9,24.5
9/10/2009,26.7,24.5
9/11/2009,27.4,25.3
9/12/2009,29,25.6
9/13/2009,28.5,25.6
9/14/2009,27.9,24.9
9/15/2009,29,25.6
9/16/2009,29,25.6
9/17/2009,28.5,25.3
9/18/2009,29,25.3
9/19/2009,29,25.6
9/20/2009,29,25.6
9/21/2009,29,24.9
9/22/2009,29,26
9/23/2009,29,25.6
9/24/2009,29,25.6
9/25/2009,29,24.9
9/26/2009,28.5,23
9/27/2009,29,22
9/28/2009,29,24.9
9/29/2009,28.5,24.9
9/30/2009,30.2,23.8
10/1/2009,29.6,23
10/2/2009,29.6,23
10/3/2009,30.2,25.6
10/4/2009,29.6,24.9
10/5/2009,30.8,25.3
10/6/2009,30.2,26
10/7/2009,30.8,25.6
10/8/2009,29.6,25.6
10/9/2009,29,25.3
10/10/2009,29.6,24.2
10/11/2009,31.4,26
10/12/2009,31.4,26.4
10/13/2009,30.8,25.3
10/14/2009,28.5,25.6
10/15/2009,28.5,25.3
10/16/2009,28.5,25.3
10/17/2009,28.5,24.9
10/18/2009,28.5,24.9
10/19/2009,29,25.6
10/20/2009,29.6,25.3
10/21/2009,28.5,24.5
10/22/2009,29,25.3
10/23/2009,29.6,25.3
10/24/2009,27.9,25.3
10/25/2009,28.5,25.3
10/26/2009,27.9,24.9
10/27/2009,27.4,23.8
10/28/2009,27.9,23.4
10/29/2009,27.9,23.4
10/30/2009,27.4,24.5
10/31/2009,28.5,24.2
11/1/2009,29,24.2
11/2/2009,28.5,24.5
11/3/2009,29.6,24.9
11/4/2009,30.2,25.3
11/5/2009,29.6,25.6
11/6/2009,28.5,25.3
11/7/2009,28.5,24.9
11/8/2009,26.7,24.9
11/9/2009,28.5,25.3
11/10/2009,27.9,25.3
11/11/2009,26.2,24.9
11/12/2009,29,25.6
11/13/2009,29.6,25.6
11/14/2009,29.6,25.3
11/15/2009,29,25.6
11/16/2009,28.5,25.6
11/17/2009,29.6,25.3
11/18/2009,29.6,25.3
11/19/2009,29,25.3
11/20/2009,29.6,25.6
11/21/2009,30.2,25.3
11/22/2009,29,25.6
11/23/2009,28.5,25.3
11/24/2009,28.5,23.4
11/25/2009,29.6,25.3
11/26/2009,30.2,24.9
11/27/2009,27.9,24.5
11/28/2009,29.6,25.3
11/29/2009,29.6,25.6
11/30/2009,29,24.9
12/1/2009,29,24.2
12/2/2009,29.6,24.9
12/3/2009,29.6,25.3
12/4/2009,29.6,25.3
12/5/2009,29.6,26.4
12/6/2009,29.6,25.3
12/7/2009,30.2,25.3
12/8/2009,28.5,24.9
12/9/2009,29.6,24.5
12/10/2009,26.7,23.4
12/11/2009,27.9,24.5
12/12/2009,30.8,24.5
12/13/2009,29.6,24.9
12/14/2009,29.6,26
12/15/2009,30.8,24.5
12/16/2009,31.4,25.3
12/17/2009,29.6,24.9
12/18/2009,27.9,25.3
12/19/2009,27.9,24.5
12/20/2009,29.6,23
12/21/2009,29,25.3
12/22/2009,30.2,24.2
12/23/2009,29.6,26
12/24/2009,30.8,25.6
12/25/2009,30.2,25.6
12/26/2009,27.9,24.5
12/27/2009,29,24.5
12/28/2009,27.4,24.5
12/29/2009,26.7,24.9
12/30/2009,30.2,25.3
12/31/2009,32.5,25.6
1/1/2010,31.4,25.6
1/2/2010,32.5,25.3
1/3/2010,27.4,25.3
1/4/2010,30.2,25.3
1/5/2010,31.9,25.6
1/6/2010,31.9,24.9
1/7/2010,31.9,27.1
1/8/2010,31.9,26.8
1/9/2010,31.4,25.6
1/10/2010,31.9,25.6
1/11/2010,31.9,26
1/12/2010,33,27.1
1/13/2010,33.6,26
1/14/2010,31.9,25.6
1/15/2010,31.4,26
1/16/2010,33,25.6
1/17/2010,32.5,26.8
1/18/2010,32.5,26.4
1/19/2010,33,26.8
1/20/2010,32.5,26.8
1/21/2010,32.5,27.1
1/22/2010,32.5,26.4
1/23/2010,31.9,26.8
1/24/2010,29.6,25.3
1/25/2010,29,25.6
1/26/2010,30.2,26.4
1/27/2010,30.8,26.8
1/28/2010,31.9,26.8
1/29/2010,31.9,26.8
1/30/2010,31.4,26.4
1/31/2010,30.2,26
2/1/2010,31.9,26.8
2/2/2010,30.2,25.6
2/3/2010,31.4,25.6
2/4/2010,30.2,26.8
2/5/2010,30.2,25.6
2/6/2010,30.2,26.4
2/7/2010,30.8,26.4
2/8/2010,31.4,25.6
2/9/2010,30.8,25.3
2/10/2010,30.8,25.6
2/11/2010,29.6,26
2/12/2010,28.5,25.6
2/13/2010,30.2,25.6
2/14/2010,31.4,27.1
2/15/2010,30.2,24.9
2/16/2010,30.2,24.9
2/17/2010,30.8,26.8
2/18/2010,31.9,26.4
2/19/2010,31.4,26.8
2/20/2010,31.4,26.8
2/21/2010,31.4,25.3
2/22/2010,31.4,24.5
2/23/2010,30.8,26
2/24/2010,31.4,26
2/25/2010,30.2,26.8
2/26/2010,30.8,25.6
2/27/2010,31.4,25.6
2/28/2010,31.4,25.3
3/1/2010,31.4,26
3/2/2010,31.4,26.4
3/3/2010,32.5,27.5
3/4/2010,33,26.8
3/5/2010,31.4,26.4
3/6/2010,31.4,25.6
3/7/2010,30.8,26
3/8/2010,31.4,25.6
3/9/2010,30.8,25.6
3/10/2010,31.4,26.4
3/11/2010,31.4,26.8
3/12/2010,31.9,26.8
3/13/2010,31.9,27.1
3/14/2010,33,27.1
3/15/2010,33,27.1
3/16/2010,32.5,26
3/17/2010,31.9,25.6
3/18/2010,31.9,27.1
3/19/2010,33,27.5
3/20/2010,32.5,25.6
3/21/2010,33,26
3/22/2010,33,26.4
3/23/2010,31.4,25.6
3/24/2010,33,26
3/25/2010,33,27.5
3/26/2010,32.5,26.8
3/27/2010,31.4,26
3/28/2010,32.5,25.6
3/29/2010,31.9,26.4
3/30/2010,31.9,26.4
3/31/2010,32.5,25.6
4/1/2010,31.4,25.3
4/2/2010,33,25.3
4/3/2010,31.4,26.4
4/4/2010,31.4,27.1
4/5/2010,31.4,27.1
4/6/2010,31.4,26.4
4/7/2010,31.4,26
4/8/2010,28.5,24.9
4/9/2010,31.4,25.6
4/10/2010,30.8,25.3
4/11/2010,30.8,25.6
4/12/2010,30.8,26
4/13/2010,28.5,23.8
4/14/2010,30.2,24.2
4/15/2010,30.2,26.4
4/16/2010,30.2,24.9
4/17/2010,29,25.3
4/18/2010,29.6,25.3
4/19/2010,30.8,24.5
4/20/2010,30.8,25.3
4/21/2010,30.8,25.6
4/22/2010,30.2,24.9
4/23/2010,28.5,24.9
4/24/2010,30.8,24.9
4/25/2010,30.2,24.9
4/26/2010,30.2,25.6
4/27/2010,30.8,25.3
4/28/2010,30.8,24.9
4/29/2010,30.2,24.5
4/30/2010,30.8,24.5
5/1/2010,30.8,25.3
5/2/2010,30.2,24.2
5/3/2010,30.2,25.3
5/4/2010,29.6,24.9
5/5/2010,30.2,26.8
5/6/2010,30.2,25.6
5/7/2010,29,24.5
5/8/2010,30.2,24.9
5/9/2010,30.2,24.9
5/10/2010,30.2,25.3
5/11/2010,29,25.3
5/12/2010,29.6,24.5
5/13/2010,29.6,25.3
5/14/2010,30.2,26.8
5/15/2010,30.8,24.9
5/16/2010,31.4,25.3
5/17/2010,30.8,24.9
5/18/2010,30.2,26.4
5/19/2010,30.2,26.8
5/20/2010,30.2,26.8
5/21/2010,29.6,25.6
5/22/2010,30.8,26
5/23/2010,30.2,24.9
5/24/2010,30.2,25.3
5/25/2010,30.2,25.6
5/26/2010,30.2,24.9
5/27/2010,30.2,25.6
5/28/2010,30.2,25.3
5/29/2010,29.6,25.6
5/30/2010,30.2,27.1
5/31/2010,29,25.3
6/1/2010,30.2,24.5
6/2/2010,29.6,25.3
6/3/2010,30.2,24.5
6/4/2010,29.6,24.9
6/5/2010,28.5,24.5
6/6/2010,28.5,25.3
6/7/2010,28.5,24.9
6/8/2010,29.6,25.6
6/9/2010,29.6,24.9
6/10/2010,27.4,24.5
6/11/2010,29,26
6/12/2010,27.9,25.3
6/13/2010,29,24.5
6/14/2010,29,24.5
6/15/2010,30.2,24.9
6/16/2010,28.5,24.5
6/17/2010,27.9,25.3
6/18/2010,29.6,25.6
6/19/2010,29,24.9
6/20/2010,29,24.5
6/21/2010,29,25.6
6/22/2010,29.6,25.3
6/23/2010,28.5,25.3
6/24/2010,29.6,24.5
6/25/2010,29.6,26
6/26/2010,30.2,25.6
6/27/2010,29.6,26.8
6/28/2010,30.2,25.3
6/29/2010,29.6,25.3
6/30/2010,29.6,24.5
7/1/2010,29,24.5
7/2/2010,26.2,24.2
7/3/2010,27.4,24.9
7/4/2010,28.5,25.3
7/5/2010,30.2,24.5
7/6/2010,30.2,24.2
7/7/2010,29.6,25.6
7/8/2010,29.6,26
7/9/2010,29.6,26
7/10/2010,29,24.5
7/11/2010,29,24.9
7/12/2010,29.6,24.2
7/13/2010,29.6,24.5
7/14/2010,27.9,24.5
7/15/2010,28.5,24.2
7/16/2010,29.6,25.6
7/17/2010,29,24.9
7/18/2010,29,25.6
7/19/2010,28.5,24.9
7/20/2010,29,25.6
7/21/2010,27.4,24.9
7/22/2010,28.5,24.5
7/23/2010,29.6,26.4
7/24/2010,29.6,26
7/25/2010,29.6,26
7/26/2010,29,25.3
7/27/2010,29,24.9
7/28/2010,27.9,25.3
7/29/2010,29,26
7/30/2010,28.5,25.3
7/31/2010,27.9,23.4
8/1/2010,26.2,22.3
8/2/2010,27.4,21.6
8/3/2010,27.9,22.7
8/4/2010,29,26
8/5/2010,29,25.6
8/6/2010,29.6,26
8/7/2010,27.9,25.3
8/8/2010,29,24.9
8/9/2010,29.6,25.3
8/10/2010,29,24.5
8/11/2010,29,23.8
8/12/2010,26.2,24.5
8/13/2010,26.7,24.2
8/14/2010,27.9,24.9
8/15/2010,26.2,23.8
8/16/2010,29,25.3
8/17/2010,28.5,24.5
8/18/2010,29,25.6
8/19/2010,29,25.3
8/20/2010,28.5,24.2
8/21/2010,29,26
8/22/2010,29,26
8/23/2010,29,25.3
8/24/2010,29,24.5
8/25/2010,29,26
8/26/2010,29.6,25.6
8/27/2010,29,25.3
8/28/2010,29.6,24.2
8/29/2010,29,25.6
8/30/2010,29.6,24.2
8/31/2010,30.2,23.8
9/1/2010,29,23.8
9/2/2010,29.6,26
9/3/2010,29.6,25.6
9/4/2010,30.2,26
9/5/2010,28.5,24.2
9/6/2010,29.6,25.3
9/7/2010,29.6,25.6
9/8/2010,29,24.5
9/9/2010,27.9,24.2
9/10/2010,27.4,24.2
9/11/2010,27.9,25.6
9/12/2010,28.5,24.9
9/13/2010,27.4,23.4
9/14/2010,28.5,24.2
9/15/2010,27.4,24.5
9/16/2010,28.5,23.8
9/17/2010,29,25.3
9/18/2010,29,24.2
9/19/2010,30.2,23.8
9/20/2010,29.6,25.3
9/21/2010,29.6,25.6
9/22/2010,30.2,24.9
9/23/2010,30.2,26
9/24/2010,29.6,24.2
9/25/2010,30.2,24.9
9/26/2010,29.6,24.9
9/27/2010,29.6,24.9
9/28/2010,30.2,24.9
9/29/2010,29,24.2
9/30/2010,29,24.2
10/1/2010,29.6,26
10/2/2010,29.6,25.3
10/3/2010,27.9,23.8
10/4/2010,30.2,25.6
10/5/2010,30.8,24.9
10/6/2010,30.2,23.8
10/7/2010,29,23.4
10/8/2010,29.6,23.8
10/9/2010,30.2,25.6
10/10/2010,29.6,24.2
10/11/2010,30.2,24.9
10/12/2010,29.6,24.9
10/13/2010,30.2,26
10/14/2010,27.9,25.3
10/15/2010,29.6,25.3
10/16/2010,30.2,24.9
10/17/2010,30.2,24.5
10/18/2010,27.9,24.2
10/19/2010,29.6,25.6
10/20/2010,29.6,24.5
10/21/2010,30.2,24.5
10/22/2010,30.2,26.4
10/23/2010,30.2,24.9
10/24/2010,29.6,25.3
10/25/2010,28.5,24.9
10/26/2010,30.2,24.5
10/27/2010,30.8,24.5
10/28/2010,29,24.9
10/29/2010,29,25.3
10/30/2010,29.6,26
10/31/2010,27.4,24.2
11/1/2010,30.2,24.9
11/2/2010,30.2,24.5
11/3/2010,29.6,26
11/4/2010,29,24.2
11/5/2010,30.2,24.2
11/6/2010,30.2,26
11/7/2010,30.2,24.9
11/8/2010,30.2,24.9
11/9/2010,29,24.9
11/10/2010,26.7,24.9
11/11/2010,30.2,24.9
11/12/2010,30.2,23.8
11/13/2010,29,24.2
11/14/2010,30.2,24.5
11/15/2010,30.2,25.3
11/16/2010,30.2,25.3
11/17/2010,27.9,24.5
11/18/2010,29.6,24.5
11/19/2010,26.2,24.2
11/20/2010,27.4,23.4
11/21/2010,27.9,24.2
11/22/2010,28.5,23.8
11/23/2010,30.8,23.8
11/24/2010,30.2,23.8
11/25/2010,29,23
11/26/2010,30.2,24.2
11/27/2010,30.2,25.3
11/28/2010,30.8,24.9
11/29/2010,30.2,25.3
11/30/2010,30.8,24.5
12/1/2010,30.2,24.5
12/2/2010,31.4,25.3
12/3/2010,28.5,24.5
12/4/2010,30.2,24.2
12/5/2010,30.8,25.3
12/6/2010,31.4,25.6
12/7/2010,30.8,26
12/8/2010,30.2,24.9
12/9/2010,30.2,24.9
12/10/2010,30.2,25.3
12/11/2010,30.8,24.9
12/12/2010,29.6,24.5
12/13/2010,30.2,26
12/14/2010,31.4,25.3
12/15/2010,30.8,24.5
12/16/2010,29.6,24.5
12/17/2010,30.8,24.2
12/18/2010,27.9,23.8
12/19/2010,26.7,24.5
12/20/2010,30.8,24.5
12/21/2010,30.8,23.8
12/22/2010,31.4,24.9
12/23/2010,29.6,24.5
12/24/2010,30.8,26.4
12/25/2010,31.4,26.4
12/26/2010,28.5,24.9
12/27/2010,29.6,24.5
12/28/2010,27.4,23.8
12/29/2010,30.2,23.8
12/30/2010,30.2,24.2
12/31/2010,30.2,24.9
1/1/2011,30.2,24.5
1/2/2011,29.6,24.2
1/3/2011,27.4,24.2
1/4/2011,30.2,24.2
1/5/2011,29.6,24.5
1/6/2011,27.4,23.8
1/7/2011,29.6,23.8
1/8/2011,30.8,24.9
1/9/2011,30.2,25.3
1/10/2011,29.6,23.8
1/11/2011,30.8,24.2
1/12/2011,31.4,23.8
1/13/2011,30.8,24.2
1/14/2011,30.8,24.9
1/15/2011,30.2,24.9
1/16/2011,30.2,24.9
1/17/2011,30.8,24.5
1/18/2011,28.5,24.2
1/19/2011,27.9,24.5
1/20/2011,27.9,24.9
1/21/2011,30.8,24.9
1/22/2011,28.5,24.5
1/23/2011,27.9,24.9
1/24/2011,27.4,24.5
1/25/2011,30.2,24.2
1/26/2011,30.2,24.2
1/27/2011,27.4,24.9
1/28/2011,28.5,25.6
1/29/2011,29.6,25.3
1/30/2011,30.2,24.2
1/31/2011,29.6,26
2/1/2011,27.9,24.5
2/2/2011,30.2,24.9
2/3/2011,29,25.3
2/4/2011,29,24.2
2/5/2011,27.9,23.4
2/6/2011,29,24.9
2/7/2011,27.9,24.5
2/8/2011,29,25.3
2/9/2011,27.4,24.2
2/10/2011,27.9,24.2
2/11/2011,29,24.2
2/12/2011,29,24.2
2/13/2011,26.2,24.2
2/14/2011,29,23.8
2/15/2011,29.6,23.8
2/16/2011,28.5,23.4
2/17/2011,26.2,23.8
2/18/2011,29.6,23.8
2/19/2011,29.6,23.8
2/20/2011,29.6,23.8
2/21/2011,29.6,24.2
2/22/2011,29.6,24.9
2/23/2011,29,24.5
2/24/2011,29,24.2
2/25/2011,30.2,23.8
2/26/2011,30.2,23.8
2/27/2011,30.8,26
2/28/2011,31.4,26.4
3/1/2011,30.8,24.9
3/2/2011,30.2,24.2
3/3/2011,26.7,23.8
3/4/2011,30.8,22.3
3/5/2011,31.4,24.2
3/6/2011,29,24.2
3/7/2011,30.2,24.2
3/8/2011,29.6,24.2
3/9/2011,30.8,24.5
3/10/2011,30.2,24.9
3/11/2011,30.8,26.8
3/12/2011,30.2,26.4
3/13/2011,30.2,24.9
3/14/2011,30.2,26
3/15/2011,30.8,25.3
3/16/2011,30.2,26
3/17/2011,30.2,26
3/18/2011,30.2,26
3/19/2011,29.6,24.5
3/20/2011,29.6,24.5
3/21/2011,26.7,24.5
3/22/2011,30.2,24.5
3/23/2011,30.8,24.9
3/24/2011,30.8,24.5
3/25/2011,30.8,24.9
3/26/2011,30.8,24.5
3/27/2011,30.2,24.2
3/28/2011,30.8,23.8
3/29/2011,30.8,24.9
3/30/2011,30.8,24.5
3/31/2011,29.6,24.2
4/1/2011,29,23.8
4/2/2011,30.2,23.4
4/3/2011,30.8,24.2
4/4/2011,30.8,25.6
4/5/2011,30.2,26.4
4/6/2011,30.8,25.6
4/7/2011,31.4,24.9
4/8/2011,30.2,24.9
4/9/2011,31.4,25.6
4/10/2011,30.8,26.8
4/11/2011,30.8,26.4
4/12/2011,30.8,25.3
4/13/2011,29.6,23.8
4/14/2011,31.9,24.5
4/15/2011,30.8,24.5
4/16/2011,31.4,24.5
4/17/2011,30.8,24.2
4/18/2011,29,24.2
4/19/2011,27.9,24.2
4/20/2011,30.8,24.2
4/21/2011,29.6,24.2
4/22/2011,29.6,24.5
4/23/2011,29.6,26
4/24/2011,30.2,24.5
4/25/2011,30.2,26
4/26/2011,30.8,25.6
4/27/2011,31.4,25.3
4/28/2011,30.8,24.9
4/29/2011,30.8,25.3
4/30/2011,30.2,26.8
5/1/2011,30.2,25.3
5/2/2011,29,24.5
5/3/2011,30.2,23.8
5/4/2011,30.2,24.9
5/5/2011,30.2,24.5
5/6/2011,30.2,24.5
5/7/2011,28.5,24.2
5/8/2011,27.9,24.2
5/9/2011,28.5,23.8
5/10/2011,29,24.5
5/11/2011,29,24.5
5/12/2011,29,23
5/13/2011,29,23.8
5/14/2011,30.2,24.2
5/15/2011,30.2,26
5/16/2011,29.6,25.6
5/17/2011,29.6,25.3
5/18/2011,29.6,24.5
5/19/2011,29.6,23.8
5/20/2011,30.8,23.8
5/21/2011,29,23.4
5/22/2011,30.2,23.8
5/23/2011,30.8,23.8
5/24/2011,29.6,25.3
5/25/2011,30.2,26
5/26/2011,30.2,26
5/27/2011,30.2,26.8
5/28/2011,30.2,26
5/29/2011,29.6,24.9
5/30/2011,29.6,26.4
5/31/2011,30.2,24.5
6/1/2011,30.2,23.8
6/2/2011,29.6,24.2
6/3/2011,27.4,24.2
6/4/2011,27.9,24.2
6/5/2011,29.6,24.2
6/6/2011,28.5,23.8
6/7/2011,29.6,25.6
6/8/2011,30.2,26
6/9/2011,27.9,23.8
6/10/2011,28.5,23.8
6/11/2011,27.9,23.4
6/12/2011,29.6,22.7
6/13/2011,30.2,24.2
6/14/2011,30.2,26.4
6/15/2011,30.2,26
6/16/2011,29,24.9
6/17/2011,29,24.9
6/18/2011,30.2,26
6/19/2011,29.6,26.4
6/20/2011,29,24.5
6/21/2011,29.6,24.5
6/22/2011,29.6,24.9
6/23/2011,29.6,26.4
6/24/2011,29.6,26.4
6/25/2011,29.6,25.6
6/26/2011,30.2,24.2
6/27/2011,29.6,25.6
6/28/2011,29.6,25.3
6/29/2011,29.6,24.9
6/30/2011,29,25.3
7/1/2011,30.2,26
7/2/2011,30.2,26
7/3/2011,30.8,25.6
7/4/2011,29.6,23.8
7/5/2011,29,24.5
7/6/2011,29.6,26
7/7/2011,29.6,26
7/8/2011,29.6,26
7/9/2011,27.9,25.3
7/10/2011,29.6,25.6
7/11/2011,29.6,25.6
7/12/2011,30.2,25.6
7/13/2011,29,24.9
7/14/2011,29,24.5
7/15/2011,29.6,25.6
7/16/2011,29,25.6
7/17/2011,29.6,25.3
7/18/2011,30.2,25.3
7/19/2011,30.2,24.2
7/20/2011,29,24.2
7/21/2011,30.2,25.6
7/22/2011,30.2,25.3
7/23/2011,30.2,23.4
7/24/2011,30.2,23.8
7/25/2011,29.6,24.2
7/26/2011,29.6,24.9
7/27/2011,27.9,24.5
7/28/2011,26.7,24.5
7/29/2011,29,25.3
7/30/2011,29.6,25.6
7/31/2011,29.6,25.6
8/1/2011,29.6,26
8/2/2011,29,23
8/3/2011,29,22.7
8/4/2011,29.6,23.4
8/5/2011,29,23.8
8/6/2011,25.1,23.4
8/7/2011,28.5,24.2
8/8/2011,29.6,24.9
8/9/2011,29,24.9
8/10/2011,30.2,24.2
8/11/2011,29,24.2
8/12/2011,29,23.8
8/13/2011,29.6,24.9
8/14/2011,29.6,24.5
8/15/2011,29,25.3
8/16/2011,30.2,23.4
8/17/2011,30.2,23.4
8/18/2011,30.2,23.8
8/19/2011,30.2,23.4
8/20/2011,30.2,23.8
8/21/2011,30.2,25.3
8/22/2011,26.7,24.5
8/23/2011,28.5,23.8
8/24/2011,27.4,24.5
8/25/2011,28.5,24.5
8/26/2011,29,24.9
8/27/2011,29.6,25.3
8/28/2011,28.5,24.5
8/29/2011,27.4,24.9
8/30/2011,28.5,24.5
8/31/2011,29,24.9
9/1/2011,29.6,25.3
9/2/2011,29,24.9
9/3/2011,29.6,23.4
9/4/2011,29,22.7
9/5/2011,28.5,22.7
9/6/2011,29.6,25.6
9/7/2011,29.6,24.5
9/8/2011,30.2,23.4
9/9/2011,30.2,24.2
9/10/2011,29.6,25.3
9/11/2011,29,25.6
9/12/2011,30.2,25.6
9/13/2011,29.6,25.6
9/14/2011,29.6,24.2
9/15/2011,29,24.9
9/16/2011,29,23.4
9/17/2011,29.6,24.5
9/18/2011,27.9,24.2
9/19/2011,29.6,23.4
9/20/2011,30.2,23
9/21/2011,30.8,24.2
9/22/2011,29.6,22.7
9/23/2011,30.2,24.5
9/24/2011,30.8,23.8
9/25/2011,30.2,24.2
9/26/2011,30.8,26
9/27/2011,30.8,26
9/28/2011,31.4,24.9
9/29/2011,31.4,24.9
9/30/2011,28.5,24.2
10/1/2011,31.4,23.8
10/2/2011,31.4,24.5
10/3/2011,30.8,25.3
10/4/2011,31.4,25.3
10/5/2011,29.6,23.4
10/6/2011,30.2,23.4
10/7/2011,30.8,24.9
10/8/2011,30.8,24.2
10/9/2011,31.4,26
10/10/2011,31.4,24.9
10/11/2011,30.2,25.3
10/12/2011,30.8,24.5
10/13/2011,31.4,24.9
10/14/2011,26.7,24.9
10/15/2011,29.6,23.8
10/16/2011,29.6,25.6
10/17/2011,30.2,25.3
10/18/2011,30.8,25.3
10/19/2011,30.8,25.3
10/20/2011,29.6,24.5
10/21/2011,30.8,25.3
10/22/2011,30.2,25.3
10/23/2011,30.2,25.3
10/24/2011,29,24.9
10/25/2011,29,24.2
10/26/2011,29.6,24.2
10/27/2011,28.5,24.2
10/28/2011,29,24.5
10/29/2011,27.9,24.2
10/30/2011,26.2,24.2
10/31/2011,29,25.3
11/1/2011,30.2,24.5
11/2/2011,30.8,25.6
11/3/2011,30.2,24.9
11/4/2011,29.6,24.9
11/5/2011,28.5,24.9
11/6/2011,31.4,24.9
11/7/2011,30.2,24.5
11/8/2011,30.2,24.5
11/9/2011,26.2,23.8
11/10/2011,29,24.2
11/11/2011,26.7,24.5
11/12/2011,28.5,24.5
11/13/2011,30.8,25.3
11/14/2011,30.2,24.5
11/15/2011,30.8,23.4
11/16/2011,30.2,23
11/17/2011,29.6,23.8
11/18/2011,31.4,25.3
11/19/2011,29,24.5
11/20/2011,29.6,24.2
11/21/2011,26.7,24.2
11/22/2011,28.5,25.6
11/23/2011,29,25.3
11/24/2011,30.2,24.5
11/25/2011,29.6,23.8
11/26/2011,29.6,24.5
11/27/2011,25.6,23.8
11/28/2011,30.2,25.3
11/29/2011,29,25.3
11/30/2011,29,25.3
12/1/2011,30.2,24.5
12/2/2011,29.6,23.8
12/3/2011,30.2,24.2
12/4/2011,27.9,23.8
12/5/2011,29.6,23.8
12/6/2011,29,23.8
12/7/2011,30.2,23.4
12/8/2011,30.8,24.5
12/9/2011,30.2,26
12/10/2011,30.8,25.3
12/11/2011,30.2,23.4
12/12/2011,29.6,23.8
12/13/2011,26.7,23.8
12/14/2011,31.4,23.8
12/15/2011,30.2,25.3
12/16/2011,30.8,26.4
12/17/2011,31.4,26.4
12/18/2011,30.8,26.4
12/19/2011,31.4,26.4
12/20/2011,31.4,26.4
12/21/2011,30.8,25.6
12/22/2011,31.4,26.4
12/23/2011,31.4,24.9
12/24/2011,30.2,24.5
12/25/2011,30.2,25.3
12/26/2011,27.4,24.5
12/27/2011,26.7,24.5
12/28/2011,29.6,24.2
12/29/2011,30.2,24.9
12/30/2011,29.6,24.2
12/31/2011,30.2,24.2
1/1/2012,29.6,24.9
1/2/2012,28.5,25.3
1/3/2012,30.2,25.6
1/4/2012,30.2,26.8
1/5/2012,29,26
1/6/2012,28.5,25.6
1/7/2012,27.4,25.6
1/8/2012,27.9,25.3
1/9/2012,30.8,25.3
1/10/2012,30.2,24.2
1/11/2012,29,24.5
1/12/2012,29,24.5
1/13/2012,29.6,24.5
1/14/2012,30.2,24.5
1/15/2012,30.2,24.5
1/16/2012,30.8,25.3
1/17/2012,30.2,24.9
1/18/2012,27.9,24.5
1/19/2012,26.7,23.8
1/20/2012,31.4,24.2
1/21/2012,30.8,26.4
1/22/2012,30.8,26.8
1/23/2012,31.4,24.5
1/24/2012,30.8,24.2
1/25/2012,29,23.8
1/26/2012,30.8,24.5
1/27/2012,29,24.9
1/28/2012,29.9,26.1
1/29/2012,32.2,24.8
1/30/2012,31.8,24.7
1/31/2012,31.7,24.6
2/1/2012,29.2,24
2/2/2012,30.8,23.7
2/3/2012,29.8,23.6
2/4/2012,32.2,24.4
2/5/2012,28.1,24.7
2/6/2012,29.1,24.1
2/7/2012,29.7,25.1
2/8/2012,32.7,25.9
2/9/2012,31.8,26.5
2/10/2012,32.7,25.2
2/11/2012,32.4,24.2
2/12/2012,32,26.3
2/13/2012,32.2,24.7
2/14/2012,32.5,23.7
2/15/2012,29,24.6
2/16/2012,29.4,24
2/17/2012,31.9,25.2
2/18/2012,31.1,24.6
2/19/2012,29.9,23.9
2/20/2012,30.4,24.6
2/21/2012,29.7,24.4
2/22/2012,28.1,25.1
2/23/2012,28.6,23.1
2/24/2012,29.7,23.6
2/25/2012,28.4,24.2
2/26/2012,30.4,24.2
2/27/2012,29.1,24.9
2/28/2012,29.2,27.1
2/29/2012,29.3,27.3
3/1/2012,30.8,24.9
3/2/2012,30.2,25.6
3/3/2012,29.6,24.5
3/4/2012,29.6,24.5
3/5/2012,30.8,24.9
3/6/2012,30.8,23.4
3/7/2012,29.6,27.3
3/8/2012,29.4,24.7
3/9/2012,28.9,24.1
3/10/2012,29.8,23.9
3/11/2012,29.9,24.4
3/12/2012,29.3,25.2
3/13/2012,29.1,25.4
3/14/2012,29,25.4
3/15/2012,29.9,25
3/16/2012,26.8,24.7
3/17/2012,29.7,24.2
3/18/2012,28.5,24.5
3/19/2012,29,25.7
3/20/2012,28,24.6
3/21/2012,29.2,25.1
3/22/2012,32.2,24.6
3/23/2012,30.9,23.9
3/24/2012,28.8,24.1
3/25/2012,27.9,23.2
3/26/2012,28.9,23.8
3/27/2012,28.5,24.9
3/28/2012,29.6,24.5
3/29/2012,29.6,24.9
3/30/2012,30.2,24.9
3/31/2012,29.6,23.8
4/1/2012,29.6,23.8
4/2/2012,30.8,24.9
4/3/2012,29.6,24.5
4/4/2012,30.2,24.5
4/5/2012,29.6,24.2
4/6/2012,29.6,24.5
4/7/2012,27.9,24.9
4/8/2012,30.2,24.2
4/9/2012,27.4,24.2
4/10/2012,29,24.2
4/11/2012,29,24.2
4/12/2012,29,24.2
4/13/2012,30.2,23.8
4/14/2012,29.6,23.4
4/15/2012,29,24.5
4/16/2012,29.6,24.9
4/17/2012,29.6,24.2
4/18/2012,29.6,24.5
4/19/2012,30.2,24.5
4/20/2012,30.2,25.3
4/21/2012,30.2,24.9
4/22/2012,29.6,24.2
4/23/2012,30.8,24.5
4/24/2012,30.8,25.3
4/25/2012,30.8,26.4
4/26/2012,30.2,26.8
4/27/2012,30.2,26.4
4/28/2012,29,24.2
4/29/2012,29,23.8
4/30/2012,29,23.4
5/1/2012,29,23.8
5/2/2012,30.2,23.8
5/3/2012,29.6,24.2
5/4/2012,30.2,24.5
5/5/2012,29,24.9
5/6/2012,29,24.2
5/7/2012,30.2,24.5
5/8/2012,29.6,24.5
5/9/2012,29.6,25.6
5/10/2012,30.8,25.3
5/11/2012,29.6,26.4
5/12/2012,30.2,25.3
5/13/2012,30.2,26.8
5/14/2012,30.8,26
5/15/2012,31.4,25.3
5/16/2012,30.8,24.9
5/17/2012,29,24.9
5/18/2012,29.6,24.9
5/19/2012,30.2,25.3
5/20/2012,29,24.5
5/21/2012,29.6,24.5
5/22/2012,27.4,24.5
5/23/2012,26.7,24.5
5/24/2012,26.2,24.2
5/25/2012,26.7,24.5
5/26/2012,27.9,23.4
5/27/2012,28.5,23.4
5/28/2012,28.5,23
5/29/2012,29.6,23.4
5/30/2012,29.6,23.8
5/31/2012,27.4,24.2
6/1/2012,26.7,24.2
6/2/2012,26.7,24.9
6/3/2012,26.2,24.5
6/4/2012,26.2,23.8
6/5/2012,27.4,25.3
6/6/2012,29,24.9
6/7/2012,28.5,24.9
6/8/2012,29,26
6/9/2012,29,25.3
6/10/2012,27.9,24.9
6/11/2012,29,24.5
6/12/2012,29.6,23.8
6/13/2012,29.6,24.5
6/14/2012,30.2,24.5
6/15/2012,30.2,25.3
6/16/2012,29,25.6
6/17/2012,29,25.6
6/18/2012,27.9,25.6
6/19/2012,29,26
6/20/2012,29.6,26
6/21/2012,29,26
6/22/2012,29,25.6
6/23/2012,27.4,24.5
6/24/2012,27.4,25.3
6/25/2012,27.4,24.9
6/26/2012,27.9,24.9
6/27/2012,27.4,25.3
6/28/2012,27.4,24.5
6/29/2012,29.6,25.6
6/30/2012,28.5,25.6
7/1/2012,28.5,25.3
7/2/2012,28.5,25.3
7/3/2012,29,25.3
7/4/2012,27.4,24.9
7/5/2012,28.5,25.6
7/6/2012,28.5,24.9
7/7/2012,29,24.5
7/8/2012,26.7,24.9
7/9/2012,27.9,25.3
7/10/2012,27.9,24.9
7/11/2012,27.9,24.5
7/12/2012,25.6,23.8
7/13/2012,25.6,23.8
7/14/2012,25.1,23.8
7/15/2012,26.7,24.2
7/16/2012,26.2,24.5
7/17/2012,26.7,24.9
7/18/2012,27.4,24.9
7/19/2012,29,25.6
7/20/2012,27.2,26.8
7/21/2012,27.7,26.6
7/22/2012,27.6,26.5
7/23/2012,27.4,25.2
7/24/2012,27.2,26.1
7/25/2012,27.1,24.7
7/26/2012,27.7,25.7
7/27/2012,28.3,24.3
7/28/2012,28.7,24.4
7/29/2012,28.2,24.6
7/30/2012,27.9,24.9
7/31/2012,27.6,26
8/1/2012,27.8,25.9
8/2/2012,27.3,25.8
8/3/2012,27.7,24.3
8/4/2012,28,23.4
8/5/2012,27.8,23.4
8/6/2012,27.7,25.5
8/7/2012,27.2,24.3
8/8/2012,27.3,26.1
8/9/2012,28,24.9
8/10/2012,27.7,23.9
8/11/2012,27.5,26.1
8/12/2012,27.5,26.4
8/13/2012,27.4,26.2
8/14/2012,27.2,25.3
8/15/2012,27.7,22.3
8/16/2012,27.6,24.4
8/17/2012,29,25.6
8/18/2012,28.5,25.6
8/19/2012,27.4,25.3
8/20/2012,27.9,24.5
8/21/2012,28.5,24.9
8/22/2012,27.9,24.5
8/23/2012,29,25.3
8/24/2012,26.2,23.8
8/25/2012,29.6,23.8
8/26/2012,29,25.6
8/27/2012,28.5,25.3
8/28/2012,27.4,24.5
8/29/2012,29,24.9
8/30/2012,29.6,25.3
8/31/2012,29.6,24.9
9/1/2012,26.2,24.2
9/2/2012,26.2,24.5
9/3/2012,27.9,25.3
9/4/2012,29,24.9
9/5/2012,30.2,24.9
9/6/2012,29.6,24.5
9/7/2012,28.5,25.3
9/8/2012,30.2,25.3
9/9/2012,30.2,26
9/10/2012,28.5,25.3
9/11/2012,29,25.6
9/12/2012,30.2,24.9
9/13/2012,30.2,24.5
9/14/2012,28.5,24.2
9/15/2012,29.6,26
9/16/2012,29,24.5
9/17/2012,29,25.6
9/18/2012,29,25.3
9/19/2012,30.2,25.3
9/20/2012,29.6,26
9/21/2012,30.2,24.5
9/22/2012,27.4,24.5
9/23/2012,29.6,23.8
9/24/2012,30.2,26
9/25/2012,30.2,26
9/26/2012,30.8,24.5
9/27/2012,31.4,26.4
9/28/2012,30.8,25.6
9/29/2012,30.2,24.2
9/30/2012,29.6,24.2
10/1/2012,29.6,23.8
10/2/2012,30.2,25.3
10/3/2012,30.2,25.3
10/4/2012,30.8,24.9
10/5/2012,29.6,24.5
10/6/2012,30.8,26
10/7/2012,29.6,25.3
10/8/2012,30.8,24.9
10/9/2012,31.4,25.6
10/10/2012,29.6,24.9
10/11/2012,29.6,25.6
10/12/2012,31.4,26
10/13/2012,29,25.3
10/14/2012,30.8,26
10/15/2012,30.8,26.4
10/16/2012,27.9,24.5
10/17/2012,29,24.5
10/18/2012,29.6,26
10/19/2012,29.6,26
10/20/2012,28.5,24.2
10/21/2012,30.2,25.6
10/22/2012,30.2,26
10/23/2012,30.8,26.4
10/24/2012,30.2,26.4
10/25/2012,30.2,25.6
10/26/2012,30.2,24.5
10/27/2012,29.6,24.2
10/28/2012,29.6,23.8
10/29/2012,30.2,24.9
10/30/2012,30.2,26.4
10/31/2012,30.8,26
11/1/2012,29.6,25.3
11/2/2012,30.8,25.3
11/3/2012,30.2,26
11/4/2012,30.8,26
11/5/2012,26.7,24.2
11/6/2012,30.2,24.5
11/7/2012,30.8,25.3
11/8/2012,29.6,24.9
11/9/2012,27.4,24.9
11/10/2012,29,24.5
11/11/2012,29.6,25.3
11/12/2012,30.8,25.6
11/13/2012,30.8,25.3
11/14/2012,31.9,25.6
11/15/2012,31.4,24.5
11/16/2012,31.9,24.5
11/17/2012,28.5,24.9
11/18/2012,31.4,26.4
11/19/2012,31.9,26.4
11/20/2012,31.4,26.4
11/21/2012,31.9,24.5
11/22/2012,31.4,24.9
11/23/2012,31.4,24.9
11/24/2012,31.4,25.3
11/25/2012,31.9,25.3
11/26/2012,31.9,26
11/27/2012,31.4,25.6
11/28/2012,31.9,25.3
11/29/2012,31.4,25.6
11/30/2012,31.9,25.3
12/1/2012,31.4,25.6
12/2/2012,27.9,24.5
12/3/2012,30.2,24.9
12/4/2012,30.8,24.9
12/5/2012,30.2,24.9
12/6/2012,31.4,25.3
12/7/2012,30.8,24.9
12/8/2012,30.2,26
12/9/2012,30.2,24.5
12/10/2012,30.2,24.5
12/11/2012,28.5,24.9
12/12/2012,27.9,25.3
12/13/2012,30.2,24.9
12/14/2012,29.6,25.6
12/15/2012,30.2,26
12/16/2012,30.2,25.6
12/17/2012,30.2,25.6
12/18/2012,29.6,26.4
12/19/2012,31.4,25.3
12/20/2012,30.2,24.5
12/21/2012,31.4,24.2
12/22/2012,31.9,25.6
12/23/2012,31.4,25.3
12/24/2012,30.8,25.6
12/25/2012,30.8,25.6
12/26/2012,30.8,24.5
12/27/2012,30.8,23.8
12/28/2012,30.2,23.4
12/29/2012,29,24.2
12/30/2012,29,24.2
12/31/2012,27.4,24.5
1/1/2013,28.5,24.5
1/2/2013,30.2,24.5
1/3/2013,30.8,25.3
1/4/2013,30.8,26
1/5/2013,30.2,25.3
1/6/2013,31.4,25.6
1/7/2013,30.2,24.9
1/8/2013,30.8,24.5
1/9/2013,27.9,24.9
1/10/2013,27.4,24.5
1/11/2013,29,24.5
1/12/2013,29,24.9
1/13/2013,29,25.3
1/14/2013,28.5,25.3
1/15/2013,29,25.3
1/16/2013,29,26
1/17/2013,27.9,25.3
1/18/2013,30.2,25.3
1/19/2013,30.2,24.2
1/20/2013,30.2,25.3
1/21/2013,29.6,25.6
1/22/2013,29.6,24.9
1/23/2013,30.2,25.3
1/24/2013,29.6,24.9
1/25/2013,31.4,25.3
1/26/2013,31.4,25.3
1/27/2013,30.2,26.4
1/28/2013,27.4,25.6
1/29/2013,27.4,24.5
1/30/2013,30.2,24.5
1/31/2013,27.4,25.3
2/1/2013,31.4,24.9
2/2/2013,30.2,24.9
2/3/2013,29,25.3
2/4/2013,29,25.6
2/5/2013,31.4,24.9
2/6/2013,27.9,25.6
2/7/2013,29.6,25.3
2/8/2013,27.9,24.5
2/9/2013,29.6,24.2
2/10/2013,30.8,24.9
2/11/2013,30.8,24.5
2/12/2013,30.8,24.5
2/13/2013,30.8,26.4
2/14/2013,30.8,25.6
2/15/2013,29.6,25.3
2/16/2013,29.6,24.9
2/17/2013,30.2,26.4
2/18/2013,31.4,26.4
2/19/2013,31.9,24.5
2/20/2013,30.8,24.5
2/21/2013,31.9,25.6
2/22/2013,31.4,25.6
2/23/2013,31.4,24.9
2/24/2013,31.4,24.9
2/25/2013,31.9,25.6
2/26/2013,32.5,25.3
2/27/2013,30.8,24.9
2/28/2013,31.4,26
3/1/2013,31.4,25.3
3/2/2013,31.4,23.8
3/3/2013,31.4,24.5
3/4/2013,31.4,25.6
3/5/2013,29.6,25.3
3/6/2013,27.9,24.9
3/7/2013,29.6,24.9
3/8/2013,29.6,24.5
3/9/2013,31.4,26.4
3/10/2013,31.4,25.3
3/11/2013,31.4,23.8
3/12/2013,30.8,25.6
3/13/2013,31.4,25.3
3/14/2013,31.9,24.9
3/15/2013,31.4,25.3
3/16/2013,30.8,24.9
3/17/2013,31.4,24.9
3/18/2013,30.2,24.9
3/19/2013,30.8,24.5
3/20/2013,31.4,25.3
3/21/2013,30.8,25.3
3/22/2013,28.5,24.9
3/23/2013,29,24.5
3/24/2013,30.2,24.2
3/25/2013,30.8,24.9
3/26/2013,32.5,25.3
3/27/2013,30.8,24.9
3/28/2013,31.4,25.3
3/29/2013,31.4,25.3
3/30/2013,31.9,25.3
3/31/2013,30.2,24.5
4/1/2013,32,25.2
4/2/2013,31.5,24.6
4/3/2013,31.9,25.2
4/4/2013,32.2,25.7
4/5/2013,32.2,25.6
4/6/2013,31.7,25.4
4/7/2013,31.9,26.8
4/8/2013,32,24.9
4/9/2013,32.2,24.6
4/10/2013,30.9,25.1
4/11/2013,32.3,26.5
4/12/2013,31.3,25.5
4/13/2013,31.5,25.3
4/14/2013,28.3,24.7
4/15/2013,30.7,24.7
4/16/2013,28.3,25.2
4/17/2013,28.8,24.8
4/18/2013,29.8,25.6
4/19/2013,31.3,24.9
4/20/2013,28.4,25
4/21/2013,30.5,25.9
4/22/2013,30.6,26.4
4/23/2013,29.6,24.8
4/24/2013,30.9,24.5
4/25/2013,29.9,26.7
4/26/2013,29.6,25.8
4/27/2013,30.4,25.1
4/28/2013,29.7,25.3
4/29/2013,30.8,26.2
4/30/2013,30.1,23.4
5/1/2013,29.6,24.2
5/2/2013,30.7,25.5
5/3/2013,29.7,24.5
5/4/2013,28.8,24.2
5/5/2013,29,23.7
5/6/2013,28.1,25.8
5/7/2013,29.9,25.4
5/8/2013,29.9,25.4
5/9/2013,30.8,24.5
5/10/2013,30.9,25.4
5/11/2013,27.3,24.7
5/12/2013,30.7,25.3
5/13/2013,30.4,24.8
5/14/2013,30.8,24.8
5/15/2013,30.8,26.4
5/16/2013,30.6,26
5/17/2013,30.8,26
5/18/2013,30.2,26.2
5/19/2013,30.4,25.4
5/20/2013,30.9,26.8
5/21/2013,30.4,26.9
5/22/2013,29.9,26.7
5/23/2013,31.4,26.5
5/24/2013,30.9,26.5
5/25/2013,30,26.6
5/26/2013,31.4,26.5
5/27/2013,31.4,26
5/28/2013,30.7,25.6
5/29/2013,30,26.1
5/30/2013,28.1,25.7
5/31/2013,30.4,26.3
6/1/2013,31,24.3
6/2/2013,31.5,25.3
6/3/2013,30.6,26.5
6/4/2013,28.8,26.3
6/5/2013,26.6,23.4
6/6/2013,29.7,26.2
6/7/2013,30,26.1
6/8/2013,29.9,25.6
6/9/2013,29.3,24.6
6/10/2013,30.6,24.7
6/11/2013,29,25.4
6/12/2013,30.7,25.6
6/13/2013,30,24.7
6/14/2013,30.1,26.4
6/15/2013,27.8,25
6/16/2013,29.1,24.6
6/17/2013,29.4,26
6/18/2013,30.1,25
6/19/2013,31,24.9
6/20/2013,30.2,24.6
6/21/2013,30.1,25.4
6/22/2013,29.6,25.8
6/23/2013,27.1,25
6/24/2013,28.6,25.1
6/25/2013,27,24.4
6/26/2013,29.9,25.3
6/27/2013,29.7,25.4
6/28/2013,29.5,24.8
6/29/2013,29.6,24.2
6/30/2013,29.9,24.3
7/1/2013,29.2,25.4
7/2/2013,26.1,24.9
7/3/2013,26.7,24.8
7/4/2013,28.6,25.1
7/5/2013,26.5,23.8
7/6/2013,28.8,25.5
7/7/2013,29.3,25.2
7/8/2013,30,25
7/9/2013,29.3,24.4
7/10/2013,28.6,25
7/11/2013,29.7,24.4
7/12/2013,30.6,24.8
7/13/2013,27.9,24.8
7/14/2013,29,25.2
7/15/2013,30.1,24.5
7/16/2013,28.6,25.4
7/17/2013,25.9,24
7/18/2013,27,24.4
7/19/2013,27.3,24.8
7/20/2013,28.6,23.8
7/21/2013,29.8,23.4
7/22/2013,28.8,23.4
7/23/2013,29.5,23.3
7/24/2013,29.5,25.6
7/25/2013,29.5,26
7/26/2013,29.2,25.6
7/27/2013,28.8,24.8
7/28/2013,28.8,25
7/29/2013,29.4,25.2
7/30/2013,28.5,25.8
7/31/2013,28.4,25.1
8/1/2013,29.6,24.5
8/2/2013,30.2,24
8/3/2013,28.4,23.8
8/4/2013,29.1,24.2
8/5/2013,28.5,24.2
8/6/2013,28,25
8/7/2013,27.6,25.2
8/8/2013,27.8,25.4
8/9/2013,29.6,25.5
8/10/2013,26.6,23.3
8/11/2013,29.6,25.6
8/12/2013,29.1,24.3
8/13/2013,28.9,23.4
8/14/2013,28.4,25.3
8/15/2013,28.3,24.8
8/16/2013,26.1,24.1
8/17/2013,25.1,23.2
8/18/2013,28.2,25.3
8/19/2013,27.6,24.1
8/20/2013,29.9,23.4
8/21/2013,30.6,24.1
8/22/2013,30.9,25.7
8/23/2013,30.6,25.6
8/24/2013,30.7,24.8
8/25/2013,30.8,24.2
8/26/2013,30.2,24.6
8/27/2013,30.5,25.2
8/28/2013,30.6,24.9
8/29/2013,30.7,24.2
8/30/2013,31.2,24.8
8/31/2013,28.9,24.7
9/1/2013,26.6,24
9/2/2013,28.3,23.7
9/3/2013,30.7,23.6
9/4/2013,29.6,25
9/5/2013,31,24.3
9/6/2013,29.2,24
9/7/2013,27.2,24.8
9/8/2013,28.5,24.6
9/9/2013,29.1,25.4
9/10/2013,29.7,25.3
9/11/2013,30.4,26.3
9/12/2013,30.1,25.6
9/13/2013,28.8,24.4
9/14/2013,29.4,26
9/15/2013,29.6,25.8
9/16/2013,30.2,25.2
9/17/2013,27.2,25.3
9/18/2013,29.5,24.2
9/19/2013,29.8,25.9
9/20/2013,29.6,25.7
9/21/2013,28.5,25.1
9/22/2013,28.5,25.6
9/23/2013,29.8,25.9
9/24/2013,30.1,25.5
9/25/2013,29.9,24.6
9/26/2013,29.7,24.6
9/27/2013,30.7,25.6
9/28/2013,28.6,24.2
9/29/2013,29.9,24.3
9/30/2013,30.8,24.8
10/1/2013,31.4,24.2
10/2/2013,28.7,24.7
10/3/2013,31.1,24.4
10/4/2013,31,25
10/5/2013,31.1,26
10/6/2013,28.3,25.4
10/7/2013,31.3,25.2
10/8/2013,31.3,24.6
10/9/2013,31.4,24.8
10/10/2013,29.9,24.6
10/11/2013,27.8,24.8
10/12/2013,29.7,26
10/13/2013,29.8,25.5
10/14/2013,30.2,26.3
10/15/2013,29.8,25
10/16/2013,30.6,25.8
10/17/2013,30.4,26.1
10/18/2013,29.2,24.2
10/19/2013,26,24.4
10/20/2013,28.2,24.8
10/21/2013,29.6,25.6
10/22/2013,29.1,25.8
10/23/2013,29.2,25.8
10/24/2013,28.2,25.8
10/25/2013,29.2,24.8
10/26/2013,29.1,25.8
10/27/2013,30,25.2
10/28/2013,29.6,25.6
10/29/2013,28.5,25
10/30/2013,29.5,24.6
10/31/2013,27,24.6
11/1/2013,30,25.6
11/2/2013,30.6,25
11/3/2013,29.7,25.7
11/4/2013,30.1,25.8
11/5/2013,29.8,26.1
11/6/2013,29.7,25.7
11/7/2013,30.8,25.9
11/8/2013,30.6,25.8
11/9/2013,30,24.8
11/10/2013,28.3,25
11/11/2013,31,25.2
11/12/2013,31,25
11/13/2013,26.7,23.5
11/14/2013,29.2,23.7
11/15/2013,29.1,24
11/16/2013,30.5,24.2
11/17/2013,29.6,25.8
11/18/2013,28.6,25.5
11/19/2013,29.8,25.8
11/20/2013,30.9,24.8
11/21/2013,30.4,24.7
11/22/2013,28.7,24.5
11/23/2013,31.4,25.3
11/24/2013,31.4,24.8
11/25/2013,30.8,25.4
11/26/2013,31.4,26.4
11/27/2013,31.7,26
11/28/2013,28.3,25
11/29/2013,29.9,25.8
11/30/2013,27.2,25.1
12/1/2013,30.5,25.9
12/2/2013,29.8,24.4
12/3/2013,28.6,25.8
12/4/2013,29.6,25.3
12/5/2013,29.3,24.7
12/6/2013,28.8,24.7
12/7/2013,29.5,24.9
12/8/2013,30.9,25.5
12/9/2013,28.5,24.8
12/10/2013,29.5,25
12/11/2013,30.1,24.2
12/12/2013,30.7,25.7
12/13/2013,31.2,25
12/14/2013,31.3,25
12/15/2013,31.2,24.9
12/16/2013,31.9,26.3
12/17/2013,31.7,26.5
12/18/2013,31.4,26.2
12/19/2013,31.2,25.9
12/20/2013,30.7,25.2
12/21/2013,30.7,26.1
12/22/2013,31.7,25.8
12/23/2013,30.1,25.6
12/24/2013,27.5,24.6
12/25/2013,30,24.8
12/26/2013,31.9,25.2
12/27/2013,31.4,25.4
12/28/2013,31,26.7
12/29/2013,30.8,25.8
12/30/2013,32,25
12/31/2013,29.6,24.8
1/1/2014,26.8,24.8
1/2/2014,27.8,25.1
1/3/2014,30.2,25
1/4/2014,29.4,25
1/5/2014,29.6,25.4
1/6/2014,27.3,25.1
1/7/2014,28.3,24.3
1/8/2014,28,25.2
1/9/2014,28.7,25.1
1/10/2014,29,25.4
1/11/2014,29.8,26.1
1/12/2014,30.6,24.9
1/13/2014,29.2,24
1/14/2014,30.8,25.6
1/15/2014,31.3,26.2
1/16/2014,30.6,24.4
1/17/2014,31,24
1/18/2014,31,24.8
1/19/2014,29.7,24.8
1/20/2014,29.6,24.2
1/21/2014,30.4,24.2
1/22/2014,30.6,24.6
1/23/2014,31.5,24.8
1/24/2014,30.9,25.2
1/25/2014,30.2,24.6
1/26/2014,27.7,24.6
1/27/2014,30.1,24.6
1/28/2014,31.7,24.6
1/29/2014,30.1,25.2
1/30/2014,30,25.8
1/31/2014,30.9,25.4
2/1/2014,30.6,24.8
2/2/2014,31.4,26.5
2/3/2014,30.8,26
2/4/2014,30.5,25.7
2/5/2014,31.3,24.2
2/6/2014,30.1,24.4
2/7/2014,32,24.6
2/8/2014,32.7,24.9
2/9/2014,30.7,25
2/10/2014,31.6,26.1
2/11/2014,31.6,25.1
2/12/2014,30.8,25.5
2/13/2014,30.4,26.3
2/14/2014,30.7,25.5
2/15/2014,31.2,25.7
2/16/2014,32.7,25.8
2/17/2014,29.9,26.3
2/18/2014,32.3,25
2/19/2014,31.1,24.6
2/20/2014,29.9,25.2
2/21/2014,30.5,24.7
2/22/2014,31.3,24.6
2/23/2014,31,25.4
2/24/2014,30.9,25.7
2/25/2014,30.6,25.6
2/26/2014,29.8,25.5
2/27/2014,29.7,25.4
2/28/2014,29.9,25.6
3/1/2014,30.4,26.4
3/2/2014,30.8,26
3/3/2014,31.1,25.8
3/4/2014,29.6,26.5
3/5/2014,31.6,25.2
3/6/2014,30.9,24.7
3/7/2014,30,24.4
3/8/2014,30.5,25.2
3/9/2014,30.5,25.1
3/10/2014,30.8,25.6
3/11/2014,31.3,25.7
3/12/2014,31.9,25.4
3/13/2014,30.2,25.5
3/14/2014,30,25.3
3/15/2014,29.8,26
3/16/2014,30.6,26.7
3/17/2014,30.2,25.6
3/18/2014,29.8,25.8
3/19/2014,29.5,24.4
3/20/2014,29.9,24.4
3/21/2014,30.8,24.4
3/22/2014,30,25
3/23/2014,31.4,24.6
3/24/2014,31.6,25.1
3/25/2014,31.6,24.9
3/26/2014,30.9,24.4
3/27/2014,31.4,24.4
3/28/2014,31.1,25
3/29/2014,31.3,24.9
3/30/2014,31.1,24.3
3/31/2014,29.8,24.7
4/1/2014,27.5,24.6
4/2/2014,31.1,25
4/3/2014,32,25.6
4/4/2014,31.4,24.6
4/5/2014,31.5,25.4
4/6/2014,29.3,24.9
4/7/2014,30.9,24.7
4/8/2014,28.6,25.4
4/9/2014,30.7,24.4
4/10/2014,30.6,24.8
4/11/2014,31.2,25.4
4/12/2014,30.1,25.6
4/13/2014,30.9,25.8
4/14/2014,30.4,24.6
4/15/2014,31.3,24.8
4/16/2014,29.9,24.3
4/17/2014,29.6,24.4
4/18/2014,30.1,24
4/19/2014,29.3,24.4
4/20/2014,29.9,24.8
4/21/2014,30,26.4
4/22/2014,29.1,23.6
4/23/2014,29.7,24.4
4/24/2014,30.7,25.2
4/25/2014,28.5,25
4/26/2014,28.6,24.1
4/27/2014,28.4,25.1
4/28/2014,27.6,24.3
4/29/2014,29.4,24.2
4/30/2014,28.6,25.2
5/1/2014,30.8,24.4
5/2/2014,29.5,24.3
5/3/2014,29.1,25.1
5/4/2014,28.6,24.6
5/5/2014,29.2,23.8
5/6/2014,28.2,23.8
5/7/2014,28.9,23.3
5/8/2014,29.7,25.2
5/9/2014,29.7,23.8
5/10/2014,30.9,26.3
5/11/2014,30,26
5/12/2014,29,26
5/13/2014,29.1,25.5
5/14/2014,30.7,26.2
5/15/2014,30.8,26.4
5/16/2014,30.5,26.2
5/17/2014,30.8,26.9
5/18/2014,30.7,25.1
5/19/2014,29.1,24.8
5/20/2014,30.2,24.4
5/21/2014,27.2,25
5/22/2014,28.8,24.6
5/23/2014,29,25.8
5/24/2014,27.8,25.5
5/25/2014,28.9,25.6
5/26/2014,28.6,25.4
5/27/2014,30.7,24.9
5/28/2014,28.3,24.7
5/29/2014,27.7,25.6
5/30/2014,30.1,26.4
5/31/2014,29,25.5
6/1/2014,29.4,26.4
6/2/2014,29.4,26.3
6/3/2014,29.5,24.2
6/4/2014,28.9,23.7
6/5/2014,28.9,24.6
6/6/2014,28.3,25.4
6/7/2014,29,25.6
6/8/2014,28.3,25.4
6/9/2014,28.9,25.4
6/10/2014,27.9,25.7
6/11/2014,29,25.2
6/12/2014,29.3,25.2
6/13/2014,29.5,24.7
6/14/2014,29.4,24.3
6/15/2014,28.6,25
6/16/2014,28.2,24.6
6/17/2014,29.1,24.9
6/18/2014,29.8,25.5
6/19/2014,30.4,24.5
6/20/2014,29.3,24.6
6/21/2014,29.7,25
6/22/2014,28.3,26
6/23/2014,27.3,24.1
6/24/2014,27.9,24.5
6/25/2014,27.5,25.1
6/26/2014,25.9,24.2
6/27/2014,27.5,24
6/28/2014,28.5,25.5
6/29/2014,28.6,25.4
6/30/2014,28.6,25.6
7/1/2014,28.6,25
7/2/2014,26.6,24.5
7/3/2014,26.4,24.7
7/4/2014,27.9,24.6
7/5/2014,28.2,25
7/6/2014,30.1,24.9
7/7/2014,29.3,25.7
7/8/2014,29.9,25.4
7/9/2014,28.9,25.1
7/10/2014,27,25.1
7/11/2014,26.6,21.8
7/12/2014,28,21
7/13/2014,27.3,23
7/14/2014,28.7,23.8
7/15/2014,29.7,24.6
7/16/2014,28,24.1
7/17/2014,30.2,24.2
7/18/2014,30,23.6
7/19/2014,30.4,26.1
7/20/2014,30.4,25
7/21/2014,29.9,23.6
7/22/2014,29.8,25.5
7/23/2014,29.6,25.2
7/24/2014,27.4,24.5
7/25/2014,25.2,24
7/26/2014,25.3,24.1
7/27/2014,26,23.5
7/28/2014,28.9,24.6
7/29/2014,25.5,23.8
7/30/2014,25.7,23.1
7/31/2014,27.6,23.2
8/1/2014,27.7,24.8
8/2/2014,26.1,24.2
8/3/2014,27.5,24.1
8/4/2014,28.4,24.5
8/5/2014,28.8,25
8/6/2014,28.7,24.4
8/7/2014,28.8,24.6
8/8/2014,30.2,25.6
8/9/2014,30,24.8
8/10/2014,30.2,24.7
8/11/2014,30.5,24.8
8/12/2014,29.7,23.8
8/13/2014,29.9,24.8
8/14/2014,30.4,24
8/15/2014,30.7,24.8
8/16/2014,28.9,24.4
8/17/2014,29,24.2
8/18/2014,28.7,23.9
8/19/2014,26.6,23.8
8/20/2014,29.1,24.8
8/21/2014,29.6,25.4
8/22/2014,28.6,25.4
8/23/2014,27.3,24.7
8/24/2014,26.3,24.7
8/25/2014,25.8,24.4
8/26/2014,26.8,23.9
8/27/2014,26.4,24.3
8/28/2014,27.3,24.4
8/29/2014,27.9,24.9
8/30/2014,28.4,24.1
8/31/2014,28,24.9
9/1/2014,29.3,25.4
9/2/2014,28.8,25.2
9/3/2014,29.1,25.6
9/4/2014,30.5,25.5
9/5/2014,29.1,25.8
9/6/2014,30.6,25.6
9/7/2014,30.2,25.5
9/8/2014,28.3,25.6
9/9/2014,28.9,24.9
9/10/2014,29.1,25.2
9/11/2014,29.3,25.3
9/12/2014,28.9,25.7
9/13/2014,29,25.4
9/14/2014,28.2,24.9
9/15/2014,30.5,24.9
9/16/2014,31.2,25.8
9/17/2014,29.2,25
9/18/2014,29,24.4
9/19/2014,30.1,25.3
9/20/2014,31.4,25.4
9/21/2014,30.9,26
9/22/2014,29.4,24.6
9/23/2014,29,24.7
9/24/2014,29.2,24.7
9/25/2014,29.3,25.3
9/26/2014,31,25.4
9/27/2014,30.9,25.2
9/28/2014,30,25.3
9/29/2014,31,25.6
9/30/2014,30.9,26.1
10/1/2014,30.5,26
10/2/2014,31.7,26.2
10/3/2014,31.6,26
10/4/2014,32,26.5
10/5/2014,32,26.3
10/6/2014,31.9,26.3
10/7/2014,32.3,26.1
10/8/2014,31.9,26.1
10/9/2014,32.1,26.3
10/10/2014,32.4,26
10/11/2014,31.8,24.8
10/12/2014,32.2,25.2
10/13/2014,32.8,25.7
10/14/2014,27.3,24.2
10/15/2014,28.8,24.8
10/16/2014,28.1,25.3
10/17/2014,29.4,25.2
10/18/2014,29.5,25.2
10/19/2014,29.6,25.6
10/20/2014,29.7,25.8
10/21/2014,30,25.5
10/22/2014,30.1,26
10/23/2014,30.7,26.2
10/24/2014,31.9,25.4
10/25/2014,29.8,24.8
10/26/2014,31.6,25.6
10/27/2014,29.3,25.5
10/28/2014,31.6,25.1
10/29/2014,31.8,25.8
10/30/2014,27.6,24.4
10/31/2014,30.5,24.2
11/1/2014,28.4,24.8
11/2/2014,26.2,24.5
11/3/2014,27,22.9
11/4/2014,30.8,25.2
11/5/2014,29.7,25.6
11/6/2014,29.5,24.8
11/7/2014,28.8,24.8
11/8/2014,31.2,24.9
11/9/2014,31.2,24.5
11/10/2014,30.9,25.2
11/11/2014,29.1,25.4
11/12/2014,26.4,25
11/13/2014,29.3,24.7
11/14/2014,28.5,25.6
11/15/2014,28.7,25.6
11/16/2014,29,24.7
11/17/2014,30.9,26.4
11/18/2014,31.4,26.1
11/19/2014,30.7,26.1
11/20/2014,30.7,26.2
11/21/2014,29.7,26.2
11/22/2014,29.5,24.5
11/23/2014,28.8,24
11/24/2014,29.4,24.4
11/25/2014,27.8,24.4
11/26/2014,28.7,25.4
11/27/2014,31.8,25.2
11/28/2014,28.6,25.2
11/29/2014,29.5,25
11/30/2014,29.8,25.4
12/1/2014,29.9,25.4
12/2/2014,29.2,26.2
12/3/2014,29,26.5
12/4/2014,28.9,25.2
12/5/2014,30.2,24.8
12/6/2014,29.5,25.2
12/7/2014,29.8,26.3
12/8/2014,29.1,25.3
12/9/2014,27.4,25.1
12/10/2014,30.1,25.8
12/11/2014,29.6,25.4
12/12/2014,30.4,24.6
12/13/2014,29.6,26.5
12/14/2014,29.3,25.6
12/15/2014,30.5,24.8
12/16/2014,30.4,25.2
12/17/2014,30.1,25
12/18/2014,28.7,25.2
12/19/2014,28.2,24.3
12/20/2014,29.8,25.4
12/21/2014,28,24.8
12/22/2014,28.7,25.4
12/23/2014,30.7,26.3
12/24/2014,31,26.3
12/25/2014,30.7,25.8
12/26/2014,27.6,24.9
12/27/2014,29,26
12/28/2014,30.6,26.5
12/29/2014,31.7,25.3
12/30/2014,30.7,26.3
12/31/2014,29,25.6
1/1/2015,28.3,24.4
1/2/2015,30,24.4
1/3/2015,30.6,26.7
1/4/2015,30,25
1/5/2015,30.6,25.6
1/6/2015,29.4,25
1/7/2015,31.7,25
1/8/2015,30,25
1/9/2015,30.6,25.6
1/10/2015,31.7,25.6
1/11/2015,30.6,26.1
1/12/2015,31.7,24.4
1/13/2015,32.2,26.1
1/14/2015,32.2,25.6
1/15/2015,32.2,25.6
1/16/2015,32.2,26.7
1/17/2015,32.8,26.1
1/18/2015,31.7,26.1
1/19/2015,32.8,27.2
1/20/2015,27.2,23.9
1/21/2015,30.6,24.4
1/22/2015,30,25
1/23/2015,30.6,24.4
1/24/2015,30.6,25
1/25/2015,31.1,23.9
1/26/2015,31.1,26.1
1/27/2015,29.4,25.6
1/28/2015,31.7,26.1
1/29/2015,28.9,25
1/30/2015,29.4,25.6
1/31/2015,29.4,25.6
2/1/2015,29.4,26.1
2/2/2015,32.2,25
2/3/2015,31.7,24.4
2/4/2015,31.7,28.3
2/5/2015,31.7,25.6
2/6/2015,30,25.6
2/7/2015,30.6,26.1
2/8/2015,29.4,25
2/9/2015,31.7,24.4
2/10/2015,26.7,25
2/11/2015,31.7,25.6
2/12/2015,31.7,26.1
2/13/2015,32.2,25
2/14/2015,31.7,26.7
2/15/2015,32.2,27.8
2/16/2015,32.2,25.6
2/17/2015,31.1,25
2/18/2015,31.7,25.6
2/19/2015,32.8,26.7
2/20/2015,31.1,26.7
2/21/2015,31.1,25.6
2/22/2015,32.2,24.4
2/23/2015,31.7,25.6
2/24/2015,31.7,26.1
2/25/2015,31.1,25.6
2/26/2015,31.1,25.6
2/27/2015,32.2,26.7
2/28/2015,31.1,26.1
3/1/2015,31.7,26.7
3/2/2015,31.7,27.2
3/3/2015,31.7,26.1
3/4/2015,32.8,26.1
3/5/2015,32.2,25.6
3/6/2015,31.7,25
3/7/2015,30.6,25
3/8/2015,31.7,25.6
3/9/2015,30,25.6
3/10/2015,32.2,25
3/11/2015,31.1,26.1
3/12/2015,32.8,27.8
3/13/2015,32.2,26.7
3/14/2015,31.7,25.6
3/15/2015,30.6,26.1
3/16/2015,31.7,25.6
3/17/2015,31.1,25
3/18/2015,31.1,25.6
3/19/2015,32.2,26.1
3/20/2015,31.1,26.7
3/21/2015,31.7,27.2
3/22/2015,31.1,26.7
3/23/2015,32.2,26.1
3/24/2015,30,25
3/25/2015,30.6,26.7
3/26/2015,28.3,23.9
3/27/2015,31.1,22.8
3/28/2015,30,25
3/29/2015,30,25
3/30/2015,29.4,25
3/31/2015,31.1,25
4/1/2015,30,25.6
4/2/2015,30.6,23.9
4/3/2015,31.1,24.4
4/4/2015,30,25.6
4/5/2015,30.6,24.4
4/6/2015,30.6,26.1
4/7/2015,30,26.1
4/8/2015,30,25.6
4/9/2015,30,27.2
4/10/2015,31.7,26.7
4/11/2015,31.7,26.7
4/12/2015,32.2,27.2
4/13/2015,31.7,25
4/14/2015,31.1,24.4
4/15/2015,31.1,25
4/16/2015,31.7,26.7
4/17/2015,30.6,25.6
4/18/2015,28.3,24.4
4/19/2015,31.7,25.6
4/20/2015,31.7,25.6
4/21/2015,31.1,25
4/22/2015,30,24.4
4/23/2015,29.4,24.4
4/24/2015,30.6,25
4/25/2015,31.1,25.6
4/26/2015,30,23.9
4/27/2015,30,24.4
4/28/2015,31.7,26.1
4/29/2015,31.7,25
4/30/2015,31.1,25.6
5/1/2015,31.1,26.1
5/2/2015,30.6,26.7
5/3/2015,30.6,25.6
5/4/2015,30.6,25.6
5/5/2015,27.8,26.1
5/6/2015,27.8,24.4
5/7/2015,28.3,25
5/8/2015,28.3,26.1
5/9/2015,30,26.1
5/10/2015,30.6,25
5/11/2015,30.6,25
5/12/2015,28.3,25.6
5/13/2015,28.9,26.7
5/14/2015,30.6,26.7
5/15/2015,29.4,26.1
5/16/2015,31.1,25
5/17/2015,27.8,23.9
5/18/2015,27.8,25
5/19/2015,28.3,25
5/20/2015,27.8,25.6
5/21/2015,27.8,25.6
5/22/2015,26.7,23.9
5/23/2015,28.9,24.4
5/24/2015,30.6,23.9
5/25/2015,30,25
5/26/2015,31.1,26.7
5/27/2015,30.6,26.1
5/28/2015,31.1,25
5/29/2015,28.3,25.6
5/30/2015,27.8,23.9
5/31/2015,30,23.9
6/1/2015,29.4,26.7
6/2/2015,30,26.7
6/3/2015,30.6,26.7
6/4/2015,30,27.2
6/5/2015,30.6,26.1
6/6/2015,30,27.2
6/7/2015,30.6,26.7
6/8/2015,30.6,26.1
6/9/2015,28.9,26.1
6/10/2015,27.8,26.7
6/11/2015,28.3,26.1
6/12/2015,27.2,25.6
6/13/2015,27.8,23.9
6/14/2015,29.4,23.9
6/15/2015,28.9,24.4
6/16/2015,29.4,23.9
6/17/2015,27.8,24.4
6/18/2015,26.1,25
6/19/2015,27.2,25
6/20/2015,28.3,25
6/21/2015,29.4,26.1
6/22/2015,28.9,26.1
6/23/2015,29.4,25
6/24/2015,28.3,23.3
6/25/2015,27.2,25
6/26/2015,26.7,25
6/27/2015,26.1,25
6/28/2015,26.7,25
6/29/2015,26.7,24.4
6/30/2015,27.2,23.9
7/1/2015,29.4,24.4
7/2/2015,26.7,24.4
7/3/2015,27.2,25
7/4/2015,29.4,25.6
7/5/2015,28.9,23.9
7/6/2015,28.9,23.9
7/7/2015,28.3,25.6
7/8/2015,29.4,25
7/9/2015,30,23.9
7/10/2015,28.3,23.9
7/11/2015,30,25.6
7/12/2015,30.6,25.6
7/13/2015,27.2,25
7/14/2015,26.7,25
7/15/2015,26.7,24.4
7/16/2015,27.8,25
7/17/2015,28.9,25.6
7/18/2015,28.3,25
7/19/2015,29.4,25
7/20/2015,28.3,25.6
7/21/2015,27.8,26.1
7/22/2015,26.7,24.4
7/23/2015,26.7,24.4
7/24/2015,27.8,24.4
7/25/2015,27.2,24.4
7/26/2015,26.7,24.4
7/27/2015,27.2,25
7/28/2015,27.2,25
7/29/2015,28.3,25.6
7/30/2015,27.2,24.4
7/31/2015,26.7,25
8/1/2015,29.4,23.9
8/2/2015,25.6,22.8
8/3/2015,27.2,25
8/4/2015,27.8,23.9
8/5/2015,27.8,25
8/6/2015,28.3,25
8/7/2015,29.4,25.6
8/8/2015,29.4,25
8/9/2015,28.3,25
8/10/2015,30,23.9
8/11/2015,26.7,23.9
8/12/2015,26.1,24.4
8/13/2015,25.6,23.3
8/14/2015,27.2,22.2
8/15/2015,27.8,22.2
8/16/2015,29.4,25
8/17/2015,28.3,25
8/18/2015,28.9,23.9
8/19/2015,27.2,23.9
8/20/2015,28.3,23.9
8/21/2015,28.9,23.3
8/22/2015,28.3,25
8/23/2015,28.3,24.4
8/24/2015,31.1,24.4
8/25/2015,28.3,25.6
8/26/2015,27.8,25
8/27/2015,28.3,24.4
8/28/2015,27.8,23.3
8/29/2015,27.2,23.9
8/30/2015,27.2,23.3
8/31/2015,27.2,24.4
9/1/2015,28.3,24.4
9/2/2015,30,24.4
9/3/2015,29.4,25
9/4/2015,28.9,25.6
9/5/2015,28.9,24.4
9/6/2015,30,21.7
9/7/2015,28.9,21.7
9/8/2015,28.3,25
9/9/2015,26.1,23.9
9/10/2015,28.9,23.3
9/11/2015,26.7,23.3
9/12/2015,27.8,23.3
9/13/2015,26.7,22.2
9/14/2015,26.7,23.3
9/15/2015,27.8,24.4
9/16/2015,27.2,23.9
9/17/2015,28.3,25.6
9/18/2015,29.4,25.6
9/19/2015,30,26.1
9/20/2015,30.6,24.4
9/21/2015,31.1,25.6
9/22/2015,31.1,23.9
9/23/2015,29.4,23.3
9/24/2015,31.1,26.1
9/25/2015,31.1,25
9/26/2015,31.7,26.1
9/27/2015,32.2,25.6
9/28/2015,32.8,26.7
9/29/2015,30,26.1
9/30/2015,29.4,25
10/1/2015,28.3,23.3
10/2/2015,28.9,25
10/3/2015,26.7,24.4
10/4/2015,27.8,25
10/5/2015,27.2,25
10/6/2015,27.8,23.9
10/7/2015,27.2,23.9
10/8/2015,26.1,23.9
10/9/2015,27.2,24.4
10/10/2015,28.3,25.6
10/11/2015,30.6,24.4
10/12/2015,31.1,25
10/13/2015,27.8,24.4
10/14/2015,27.2,25.6
10/15/2015,27.8,25.6
10/16/2015,27.8,25
10/17/2015,28.9,25.6
10/18/2015,29.4,25.6
10/19/2015,28.9,25.6
10/20/2015,28.9,25.6
10/21/2015,29.4,24.4
10/22/2015,29.4,25.6
10/23/2015,28.9,25.6
10/24/2015,29.4,25.6
10/25/2015,29.4,25.6
10/26/2015,29.4,25.6
10/27/2015,29.4,25.6
10/28/2015,29.4,25.6
10/29/2015,29.4,22.2
10/30/2015,30.6,26.1
10/31/2015,31.1,26.7
11/1/2015,31.1,26.7
11/2/2015,30.6,25.6
11/3/2015,30.6,26.7
11/4/2015,30,26.7
11/5/2015,31.7,26.7
11/6/2015,30.6,26.7
11/7/2015,30.6,26.7
11/8/2015,31.1,26.7
11/9/2015,30.6,26.7
11/10/2015,31.1,26.7
11/11/2015,31.1,27.2
11/12/2015,31.7,26.1
11/13/2015,30,25.6
11/14/2015,30,25
11/15/2015,30.6,23.9
11/16/2015,31.1,25.6
11/17/2015,31.7,25.6
11/18/2015,32.2,27.2
11/19/2015,32.2,26.7
11/20/2015,30,25
11/21/2015,30.6,24.4
11/22/2015,31.1,24.4
11/23/2015,31.1,25
11/24/2015,30.6,26.1
11/25/2015,28.9,25.6
11/26/2015,28.3,24.4
11/27/2015,28.9,25
11/28/2015,29.4,26.1
11/29/2015,30,26.1
11/30/2015,28.9,25.6
12/1/2015,28.3,25
12/2/2015,28.9,24.4
12/3/2015,28.9,22.8
12/4/2015,30,23.3
12/5/2015,30.6,26.1
12/6/2015,31.1,27.2
12/7/2015,30,26.7
12/8/2015,30,26.1
12/9/2015,29.4,25.6
12/10/2015,30,26.1
12/11/2015,31.1,26.7
12/12/2015,31.1,26.7
12/13/2015,31.1,26.7
12/14/2015,30.6,25.6
12/15/2015,30.6,25
12/16/2015,30.6,25
12/17/2015,31.1,26.1
12/18/2015,28.3,25
12/19/2015,31.1,26.1
12/20/2015,31.1,27.2
12/21/2015,30.6,25
12/22/2015,31.1,26.7
12/23/2015,31.1,26.7
12/24/2015,32.2,26.1
12/25/2015,31.7,26.1
12/26/2015,29.4,24.4
12/27/2015,27.8,24.4
12/28/2015,27.2,25.6
12/29/2015,30.6,27.2
12/30/2015,27.8,25.6
12/31/2015,30.6,26.1
1/1/2016,28.3,26.1
1/2/2016,31.1,26.1
1/3/2016,31.7,25.6
1/4/2016,32.2,26.7
1/5/2016,31.1,25.6
1/6/2016,30.6,25.6
1/7/2016,30.6,24.4
1/8/2016,29.4,25
1/9/2016,32.2,27.2
1/10/2016,30.6,27.2
1/11/2016,31.7,27.2
1/12/2016,31.7,27.2
1/13/2016,30.6,27.2
1/14/2016,30.6,27.8
1/15/2016,30.6,27.8
1/16/2016,29.4,27.8
1/17/2016,30.6,26.7
1/18/2016,30.6,26.7
1/19/2016,31.7,26.7
1/20/2016,31.7,27.2
1/21/2016,31.1,27.2
1/22/2016,31.7,27.2
1/23/2016,32.2,26.7
1/24/2016,31.7,25.6
1/25/2016,32.2,25.6
1/26/2016,31.7,27.2
1/27/2016,30.6,27.2
1/28/2016,31.7,27.2
1/29/2016,31.1,25.6
1/30/2016,32.2,25.6
1/31/2016,32.8,25.6
2/1/2016,31.7,27.2
2/2/2016,33.9,27.8
2/3/2016,33.9,28.3
2/4/2016,32.2,27.8
2/5/2016,33.3,28.3
2/6/2016,33.3,28.3
2/7/2016,34.4,28.3
2/8/2016,34.4,26.1
2/9/2016,34.4,26.7
2/10/2016,34.4,28.3
2/11/2016,35,28.3
2/12/2016,33.9,28.3
2/13/2016,33.3,27.2
2/14/2016,33.3,26.1
2/15/2016,31.1,27.2
2/16/2016,31.7,27.2
2/17/2016,31.7,27.2
2/18/2016,31.1,27.8
2/19/2016,30,27.2
2/20/2016,28.9,26.7
2/21/2016,31.7,27.2
2/22/2016,31.7,25
2/23/2016,28.9,25
2/24/2016,30.6,25
2/25/2016,30,26.7
2/26/2016,29.4,26.1
2/27/2016,30.6,27.2
2/28/2016,30.6,26.7
2/29/2016,31.1,26.7
3/1/2016,30.6,26.7
3/2/2016,30.6,26.7
3/3/2016,30,25.6
3/4/2016,30.6,25.6
3/5/2016,31.1,27.2
3/6/2016,31.7,26.1
3/7/2016,31.7,25.6
3/8/2016,31.1,26.7
3/9/2016,31.7,26.1
3/10/2016,28.3,25.6
3/11/2016,30,26.7
3/12/2016,30.6,26.1
3/13/2016,31.7,25.6
3/14/2016,29.4,26.1
3/15/2016,30.6,25
3/16/2016,32.2,26.1
3/17/2016,33.3,25.6
3/18/2016,31.7,26.1
3/19/2016,32.2,25.6
3/20/2016,32.8,27.2
3/21/2016,32.8,26.1
3/22/2016,31.7,26.1
3/23/2016,31.7,26.7
3/24/2016,32.2,27.2
3/25/2016,32.2,25.6
3/26/2016,30.6,25.6
3/27/2016,30.6,25.6
3/28/2016,31.7,26.7
3/29/2016,32.2,26.1
3/30/2016,30,26.1
3/31/2016,31.1,26.1
4/1/2016,29.4,25.6
4/2/2016,31.7,25
4/3/2016,32.2,26.7
4/4/2016,31.7,26.1
4/5/2016,32.2,28.3
4/6/2016,31.1,26.7
4/7/2016,32.2,26.7
4/8/2016,30.6,27.8
4/9/2016,28.3,25.6
4/10/2016,27.8,25
4/11/2016,30.6,24.4
4/12/2016,30.6,25.6
4/13/2016,29.4,25.6
4/14/2016,29.4,25
4/15/2016,29.4,26.1
4/16/2016,30.6,26.1
4/17/2016,31.1,25.6
4/18/2016,30,25.6
4/19/2016,28.9,25.6
4/20/2016,29.4,26.7
4/21/2016,30,27.8
4/22/2016,28.3,25
4/23/2016,28.9,26.1
4/24/2016,30,27.2
4/25/2016,29.4,25.6
4/26/2016,27.2,24.4
4/27/2016,29.4,24.4
4/28/2016,28.9,25.6
4/29/2016,30,24.4
4/30/2016,27.2,24.4
5/1/2016,28.3,25.6
5/2/2016,30,25
5/3/2016,31.7,24.4
5/4/2016,29.4,25.6
5/5/2016,30,25
5/6/2016,31.1,25
5/7/2016,29.4,26.7
5/8/2016,29.4,27.2
5/9/2016,30,26.7
5/10/2016,28.9,26.1
5/11/2016,27.2,25.6
5/12/2016,28.3,26.1
5/13/2016,30,26.7
5/14/2016,30.6,27.2
5/15/2016,30,27.2
5/16/2016,30.6,27.2
5/17/2016,28.3,26.1
5/18/2016,29.4,25.6
5/19/2016,30,26.7
5/20/2016,29.4,27.2
5/21/2016,28.3,25.6
5/22/2016,31.7,26.1
5/23/2016,28.9,25.6
5/24/2016,28.9,25
5/25/2016,31.1,25
5/26/2016,30.6,26.1
5/27/2016,29.4,25.6
5/28/2016,28.3,26.1
5/29/2016,28.9,26.1
5/30/2016,28.9,25.6
5/31/2016,28.9,26.7
6/1/2016,28.9,26.1
6/2/2016,29.4,26.7
6/3/2016,30,26.1
6/4/2016,29.4,26.7
6/5/2016,28.3,23.9
6/6/2016,27.8,25.6
6/7/2016,28.9,25.6
6/8/2016,28.3,25.6
6/9/2016,30.6,25.6
6/10/2016,29.4,25.6
6/11/2016,30.6,24.4
6/12/2016,29.4,27.2
6/13/2016,30,26.1
6/14/2016,30,26.7
6/15/2016,30,25.6
6/16/2016,30.6,24.4
6/17/2016,29.4,26.7
6/18/2016,30,26.7
6/19/2016,29.4,26.7
6/20/2016,28.3,25
6/21/2016,27.8,24.4
6/22/2016,28.3,25.6
6/23/2016,28.3,26.1
6/24/2016,29.4,25.6
6/25/2016,29.4,26.1
6/26/2016,29.4,26.1
6/27/2016,29.4,26.7
6/28/2016,27.8,26.1
6/29/2016,29.4,26.7
6/30/2016,30.6,25.6
7/1/2016,30.6,25.6
7/2/2016,29.4,26.7
7/3/2016,28.9,25
7/4/2016,30,25.6
7/5/2016,28.3,23.9
7/6/2016,28.9,25
7/7/2016,30,25.6
7/8/2016,30.6,26.1
7/9/2016,30,24.4
7/10/2016,29.4,25
7/11/2016,28.3,24.4
7/12/2016,26.7,23.9
7/13/2016,27.2,24.4
7/14/2016,27.2,23.9
7/15/2016,27.2,24.4
7/16/2016,28.3,25
7/17/2016,27.8,21.1
7/18/2016,26.1,23.9
7/19/2016,27.2,22.8
7/20/2016,28.3,25
7/21/2016,28.9,23.3
7/22/2016,28.3,25.6
7/23/2016,29.4,25.6
7/24/2016,29.4,26.7
7/25/2016,28.9,26.7
7/26/2016,28.9,26.1
7/27/2016,28.9,25.6
7/28/2016,28.3,26.1
7/29/2016,28.9,26.1
7/30/2016,30,26.1
7/31/2016,30,26.1
8/1/2016,30.6,24.4
8/2/2016,28.9,23.9
8/3/2016,28.3,25.6
8/4/2016,30,26.1
8/5/2016,30,26.1
8/6/2016,30.6,25.6
8/7/2016,30.6,23.3
8/8/2016,30.6,26.7
8/9/2016,31.1,26.7
8/10/2016,29.4,26.7
8/11/2016,29.4,25.6
8/12/2016,28.3,25.6
8/13/2016,30.6,26.7
8/14/2016,29.4,26.1
8/15/2016,30,25
8/16/2016,30,26.7
8/17/2016,30.6,25.6
8/18/2016,30,25
8/19/2016,30.6,25.6
8/20/2016,29.4,24.4
8/21/2016,27.8,25.6
8/22/2016,27.8,25
8/23/2016,25.6,22.8
8/24/2016,26.7,23.9
8/25/2016,28.3,25.6
8/26/2016,28.9,25.6
8/27/2016,28.9,25.6
8/28/2016,30,25.6
8/29/2016,30.6,26.1
8/30/2016,30.6,25.6
8/31/2016,29.4,23.9
9/1/2016,29.4,23.3
9/2/2016,28.3,25
9/3/2016,26.1,24.4
9/4/2016,28.3,23.3
9/5/2016,29.4,23.3
9/6/2016,30,26.1
9/7/2016,30,25.6
9/8/2016,30.6,25.6
9/9/2016,29.4,24.4
9/10/2016,30.6,24.4
9/11/2016,31.1,25
9/12/2016,31.1,27.2
9/13/2016,30.6,26.7
9/14/2016,31.1,25.6
9/15/2016,29.4,25.6
9/16/2016,30,26.1
9/17/2016,30,25
9/18/2016,30.6,26.1
9/19/2016,30.6,25
9/20/2016,31.7,23.9
9/21/2016,31.1,25.6
9/22/2016,29.4,23.9
9/23/2016,28.9,25.6
9/24/2016,29.4,25
9/25/2016,30.6,24.4
9/26/2016,31.7,26.1
9/27/2016,30.6,24.4
9/28/2016,31.1,25
9/29/2016,29.4,25.6
9/30/2016,30.6,25
10/1/2016,31.7,24.4
10/2/2016,31.7,24.4
10/3/2016,30.6,24.4
10/4/2016,31.1,23.3
10/5/2016,32.2,26.1
10/6/2016,32.2,27.8
10/7/2016,31.7,27.8
10/8/2016,31.1,27.2
10/9/2016,31.7,24.4
10/10/2016,32.8,26.1
10/11/2016,31.7,25
10/12/2016,31.7,26.7
10/13/2016,31.1,27.2
10/14/2016,31.7,25.6
10/15/2016,31.7,27.2
10/16/2016,31.1,27.2
10/17/2016,30.6,26.7
10/18/2016,31.7,26.1
10/19/2016,31.7,25.6
10/20/2016,32.8,24.4
10/21/2016,32.2,26.1
10/22/2016,29.4,24.4
10/23/2016,30.6,25
10/24/2016,32.2,26.1
10/25/2016,31.1,26.7
10/26/2016,32.2,26.1
10/27/2016,30.6,25.6
10/28/2016,30.6,25
10/29/2016,31.7,26.7
10/30/2016,32.2,25
10/31/2016,30.6,24.4
11/1/2016,31.1,25
11/2/2016,32.2,27.8
11/3/2016,31.7,27.2
11/4/2016,32.2,27.2
11/5/2016,31.7,28.3
11/6/2016,28.3,23.9
11/7/2016,28.9,23.3
11/8/2016,30.6,25
11/9/2016,27.8,24.4
11/10/2016,27.8,24.4
11/11/2016,30,23.9
11/12/2016,30,25
11/13/2016,30.6,25.6
11/14/2016,30.6,26.7
11/15/2016,30.6,25
11/16/2016,30.6,23.9
11/17/2016,30,25
11/18/2016,31.1,25
11/19/2016,31.1,25.6
11/20/2016,31.1,26.1
11/21/2016,30,25.6
11/22/2016,32.2,25
11/23/2016,31.7,27.2
11/24/2016,29.4,25.6
11/25/2016,30.6,24.4
11/26/2016,28.9,24.4
11/27/2016,30,23.9
11/28/2016,32.2,25
11/29/2016,32.2,25
11/30/2016,31.1,25
12/1/2016,31.1,24.4
12/2/2016,31.7,25.6
12/3/2016,31.1,25.6
12/4/2016,33.3,25
12/5/2016,32.2,26.1
12/6/2016,32.2,26.1
12/7/2016,32.2,25.6
12/8/2016,31.7,25.6
12/9/2016,31.7,27.2
12/10/2016,32.8,27.2
12/11/2016,32.8,27.2
12/12/2016,28.9,25.6
12/13/2016,28.9,25.6
12/14/2016,30.6,24.4
12/15/2016,31.1,25
12/16/2016,30.6,25
12/17/2016,31.7,25.6
12/18/2016,31.1,25.6
12/19/2016,30.6,25.6
12/20/2016,31.7,25.6
12/21/2016,30.6,25.6
12/22/2016,27.8,24.4
12/23/2016,28.9,24.4
12/24/2016,30.6,24.4
12/25/2016,29.4,25
12/26/2016,31.1,27.8
12/27/2016,30.6,27.2
12/28/2016,28.9,26.1
12/29/2016,30.6,26.7
12/30/2016,28.3,25
12/31/2016,31.7,26.7
