Date,HMD_pct
1/1/2005,0.845
1/2/2005,0.829
1/3/2005,0.859
1/4/2005,0.834
1/5/2005,0.834
1/6/2005,0.84
1/7/2005,0.851
1/8/2005,0.803
1/9/2005,0.778
1/10/2005,0.828
1/11/2005,0.836
1/12/2005,0.84
1/13/2005,0.83
1/14/2005,0.845
1/15/2005,0.844
1/16/2005,0.84
1/17/2005,0.805
1/18/2005,0.839
1/19/2005,0.822
1/20/2005,0.824
1/21/2005,0.794
1/22/2005,0.789
1/23/2005,0.773
1/24/2005,0.795
1/25/2005,0.834
1/26/2005,0.787
1/27/2005,0.816
1/28/2005,0.778
1/29/2005,0.785
1/30/2005,0.815
1/31/2005,0.846
2/1/2005,0.856
2/2/2005,0.828
2/3/2005,0.871
2/4/2005,0.882
2/5/2005,0.875
2/6/2005,0.862
2/7/2005,0.814
2/8/2005,0.89
2/9/2005,0.888
2/10/2005,0.885
2/11/2005,0.908
2/12/2005,0.885
2/13/2005,0.859
2/14/2005,0.947
2/15/2005,0.91
2/16/2005,0.96
2/17/2005,0.927
2/18/2005,0.935
2/19/2005,0.89
2/20/2005,0.884
2/21/2005,0.914
2/22/2005,0.905
2/23/2005,0.941
2/24/2005,0.78
2/25/2005,0.81
2/26/2005,0.83
2/27/2005,0.82
2/28/2005,0.8
3/1/2005,0.84
3/2/2005,0.88
3/3/2005,1
3/4/2005,0.97
3/5/2005,0.82
3/6/2005,0.84
3/7/2005,0.84
3/8/2005,0.86
3/9/2005,0.89
3/10/2005,0.94
3/11/2005,0.88
3/12/2005,0.79
3/13/2005,0.82
3/14/2005,0.86
3/15/2005,0.83
3/16/2005,0.85
3/17/2005,0.82
3/18/2005,0.832
3/19/2005,0.841
3/20/2005,0.867
3/21/2005,0.884
3/22/2005,0.866
3/23/2005,0.855
3/24/2005,0.845
3/25/2005,0.835
3/26/2005,0.88
3/27/2005,0.898
3/28/2005,0.813
3/29/2005,0.808
3/30/2005,0.811
3/31/2005,0.828
4/1/2005,0.823
4/2/2005,0.823
4/3/2005,0.846
4/4/2005,0.846
4/5/2005,0.835
4/6/2005,0.817
4/7/2005,0.855
4/8/2005,0.846
4/9/2005,0.862
4/10/2005,0.815
4/11/2005,0.818
4/12/2005,0.84
4/13/2005,0.855
4/14/2005,0.836
4/15/2005,0.847
4/16/2005,0.836
4/17/2005,0.875
4/18/2005,0.829
4/19/2005,0.826
4/20/2005,0.822
4/21/2005,0.863
4/22/2005,0.846
4/23/2005,0.83
4/24/2005,0.891
4/25/2005,0.868
4/26/2005,0.857
4/27/2005,0.858
4/28/2005,0.863
4/29/2005,0.805
4/30/2005,0.754
5/1/2005,0.98
5/2/2005,0.93
5/3/2005,0.787
5/4/2005,0.776
5/5/2005,0.751
5/6/2005,0.84
5/7/2005,0.83
5/8/2005,0.83
5/9/2005,0.83
5/10/2005,0.82
5/11/2005,0.82
5/12/2005,0.831
5/13/2005,0.841
5/14/2005,0.783
5/15/2005,0.75
5/16/2005,0.719
5/17/2005,0.695
5/18/2005,0.695
5/19/2005,0.727
5/20/2005,0.76
5/21/2005,0.766
5/22/2005,0.79
5/23/2005,0.745
5/24/2005,0.834
5/25/2005,0.829
5/26/2005,0.806
5/27/2005,0.775
5/28/2005,0.713
5/29/2005,0.762
5/30/2005,0.849
5/31/2005,0.912
6/1/2005,0.846
6/2/2005,0.88
6/3/2005,0.906
6/4/2005,0.822
6/5/2005,0.795
6/6/2005,0.81
6/7/2005,0.873
6/8/2005,0.848
6/9/2005,0.86
6/10/2005,0.832
6/11/2005,0.739
6/12/2005,0.78
6/13/2005,0.851
6/14/2005,0.85
6/15/2005,0.87
6/16/2005,0.898
6/17/2005,0.903
6/18/2005,0.85
6/19/2005,0.846
6/20/2005,0.869
6/21/2005,0.823
6/22/2005,0.807
6/23/2005,0.813
6/24/2005,0.748
6/25/2005,0.738
6/26/2005,0.77
6/27/2005,0.783
6/28/2005,0.871
6/29/2005,0.881
6/30/2005,0.961
7/1/2005,0.925
7/2/2005,0.915
7/3/2005,0.732
7/4/2005,0.611
7/5/2005,0.644
7/6/2005,0.821
7/7/2005,0.866
7/8/2005,0.859
7/9/2005,0.839
7/10/2005,0.838
7/11/2005,0.825
7/12/2005,0.728
7/13/2005,0.862
7/14/2005,0.822
7/15/2005,0.865
7/16/2005,0.82
7/17/2005,0.778
7/18/2005,0.747
7/19/2005,0.83
7/20/2005,0.899
7/21/2005,0.842
7/22/2005,0.867
7/23/2005,0.828
7/24/2005,0.859
7/25/2005,0.844
7/26/2005,0.83
7/27/2005,0.773
7/28/2005,0.779
7/29/2005,0.785
7/30/2005,0.808
7/31/2005,0.813
8/1/2005,0.82
8/2/2005,0.828
8/3/2005,0.919
8/4/2005,0.885
8/5/2005,0.81
8/6/2005,0.794
8/7/2005,0.901
8/8/2005,0.874
8/9/2005,0.846
8/10/2005,0.816
8/11/2005,0.845
8/12/2005,0.749
8/13/2005,0.809
8/14/2005,0.804
8/15/2005,0.878
8/16/2005,0.833
8/17/2005,0.937
8/18/2005,0.897
8/19/2005,0.85
8/20/2005,0.858
8/21/2005,0.859
8/22/2005,0.857
8/23/2005,0.852
8/24/2005,0.859
8/25/2005,0.852
8/26/2005,0.843
8/27/2005,0.798
8/28/2005,0.802
8/29/2005,0.913
8/30/2005,0.89
8/31/2005,0.848
9/1/2005,0.917
9/2/2005,0.865
9/3/2005,0.892
9/4/2005,0.899
9/5/2005,0.917
9/6/2005,0.868
9/7/2005,0.906
9/8/2005,0.962
9/9/2005,0.888
9/10/2005,0.908
9/11/2005,0.874
9/12/2005,0.898
9/13/2005,0.866
9/14/2005,0.883
9/15/2005,0.888
9/16/2005,0.894
9/17/2005,0.851
9/18/2005,0.835
9/19/2005,0.888
9/20/2005,0.898
9/21/2005,0.868
9/22/2005,0.892
9/23/2005,0.918
9/24/2005,0.881
9/25/2005,0.88
9/26/2005,0.864
9/27/2005,0.883
9/28/2005,0.885
9/29/2005,0.94
9/30/2005,0.84
10/1/2005,0.82
10/2/2005,0.85
10/3/2005,0.852
10/4/2005,0.836
10/5/2005,0.898
10/6/2005,0.891
10/7/2005,0.891
10/8/2005,0.89
10/9/2005,0.815
10/10/2005,0.822
10/11/2005,0.883
10/12/2005,0.953
10/13/2005,0.921
10/14/2005,0.905
10/15/2005,0.795
10/16/2005,0.809
10/17/2005,0.827
10/18/2005,0.854
10/19/2005,0.85
10/20/2005,0.808
10/21/2005,0.845
10/22/2005,0.817
10/23/2005,0.798
10/24/2005,0.808
10/25/2005,0.808
10/26/2005,0.835
10/27/2005,0.791
10/28/2005,0.821
10/29/2005,0.822
10/30/2005,0.823
10/31/2005,0.786
11/1/2005,0.796
11/2/2005,0.823
11/3/2005,0.885
11/4/2005,0.902
11/5/2005,0.86
11/6/2005,0.85
11/7/2005,0.839
11/8/2005,0.857
11/9/2005,0.874
11/10/2005,0.84
11/11/2005,0.781
11/12/2005,0.806
11/13/2005,0.811
11/14/2005,0.806
11/15/2005,0.819
11/16/2005,0.843
11/17/2005,0.814
11/18/2005,0.862
11/19/2005,0.848
11/20/2005,0.797
11/21/2005,0.809
11/22/2005,0.835
11/23/2005,0.802
11/24/2005,0.812
11/25/2005,0.782
11/26/2005,0.837
11/27/2005,0.848
11/28/2005,0.833
11/29/2005,0.89
11/30/2005,0.852
12/1/2005,0.812
12/2/2005,0.853
12/3/2005,0.873
12/4/2005,0.94
12/5/2005,0.88
12/6/2005,0.92
12/7/2005,0.91
12/8/2005,0.9
12/9/2005,0.87
12/10/2005,0.84
12/11/2005,0.94
12/12/2005,0.97
12/13/2005,0.769
12/14/2005,0.758
12/15/2005,0.98
12/16/2005,0.93
12/17/2005,0.93
12/18/2005,0.89
12/19/2005,0.92
12/20/2005,0.97
12/21/2005,0.97
12/22/2005,0.99
12/23/2005,0.783
12/24/2005,0.795
12/25/2005,0.821
12/26/2005,0.88
12/27/2005,0.86
12/28/2005,0.9
12/29/2005,0.95
12/30/2005,0.796
12/31/2005,0.745
1/1/2006,0.8
1/2/2006,0.81
1/3/2006,0.94
1/4/2006,0.83
1/5/2006,0.9
1/6/2006,0.93
1/7/2006,0.95
1/8/2006,0.92
1/9/2006,0.84
1/10/2006,0.825
1/11/2006,0.857
1/12/2006,0.778
1/13/2006,0.8
1/14/2006,0.77
1/15/2006,0.87
1/16/2006,0.92
1/17/2006,0.93
1/18/2006,0.89
1/19/2006,0.84
1/20/2006,0.84
1/21/2006,0.788
1/22/2006,0.85
1/23/2006,0.89
1/24/2006,0.94
1/25/2006,0.96
1/26/2006,0.83
1/27/2006,0.92
1/28/2006,0.84
1/29/2006,0.87
1/30/2006,0.88
1/31/2006,0.92
2/1/2006,0.88
2/2/2006,0.95
2/3/2006,0.87
2/4/2006,0.893
2/5/2006,0.903
2/6/2006,0.923
2/7/2006,0.905
2/8/2006,0.896
2/9/2006,0.934
2/10/2006,0.894
2/11/2006,0.862
2/12/2006,0.835
2/13/2006,0.878
2/14/2006,0.842
2/15/2006,0.855
2/16/2006,0.867
2/17/2006,0.859
2/18/2006,0.902
2/19/2006,0.875
2/20/2006,0.881
2/21/2006,0.888
2/22/2006,0.845
2/23/2006,0.85
2/24/2006,0.877
2/25/2006,0.899
2/26/2006,0.89
2/27/2006,0.848
2/28/2006,0.883
3/1/2006,0.893
3/2/2006,0.911
3/3/2006,0.868
3/4/2006,0.868
3/5/2006,0.855
3/6/2006,0.911
3/7/2006,0.916
3/8/2006,0.882
3/9/2006,0.889
3/10/2006,0.882
3/11/2006,0.892
3/12/2006,0.899
3/13/2006,0.909
3/14/2006,0.922
3/15/2006,0.884
3/16/2006,0.876
3/17/2006,0.878
3/18/2006,0.903
3/19/2006,0.893
3/20/2006,0.865
3/21/2006,0.856
3/22/2006,0.877
3/23/2006,0.855
3/24/2006,0.9
3/25/2006,0.901
3/26/2006,0.89
3/27/2006,0.886
3/28/2006,0.893
3/29/2006,0.85
3/30/2006,0.873
3/31/2006,0.897
4/1/2006,0.89
4/2/2006,0.881
4/3/2006,0.87
4/4/2006,0.88
4/5/2006,0.907
4/6/2006,0.872
4/7/2006,0.879
4/8/2006,0.794
4/9/2006,0.894
4/10/2006,0.86
4/11/2006,0.888
4/12/2006,0.88
4/13/2006,0.799
4/14/2006,0.816
4/15/2006,0.81
4/16/2006,0.82
4/17/2006,0.816
4/18/2006,0.815
4/19/2006,0.823
4/20/2006,0.844
4/21/2006,0.847
4/22/2006,0.862
4/23/2006,0.872
4/24/2006,0.837
4/25/2006,0.835
4/26/2006,0.801
4/27/2006,0.85
4/28/2006,0.885
4/29/2006,0.881
4/30/2006,0.86
5/1/2006,0.832
5/2/2006,0.87
5/3/2006,0.844
5/4/2006,0.853
5/5/2006,0.864
5/6/2006,0.838
5/7/2006,0.878
5/8/2006,0.891
5/9/2006,0.875
5/10/2006,0.831
5/11/2006,0.837
5/12/2006,0.862
5/13/2006,0.845
5/14/2006,0.838
5/15/2006,0.917
5/16/2006,0.875
5/17/2006,0.905
5/18/2006,0.879
5/19/2006,0.859
5/20/2006,0.85
5/21/2006,0.851
5/22/2006,0.898
5/23/2006,0.854
5/24/2006,0.793
5/25/2006,0.685
5/26/2006,0.636
5/27/2006,0.68
5/28/2006,0.702
5/29/2006,0.765
5/30/2006,0.77
5/31/2006,0.786
6/1/2006,0.858
6/2/2006,0.857
6/3/2006,0.852
6/4/2006,0.872
6/5/2006,0.883
6/6/2006,0.856
6/7/2006,0.82
6/8/2006,0.786
6/9/2006,0.829
6/10/2006,0.84
6/11/2006,0.88
6/12/2006,0.89
6/13/2006,0.829
6/14/2006,0.847
6/15/2006,0.803
6/16/2006,0.92
6/17/2006,0.9
6/18/2006,0.907
6/19/2006,0.899
6/20/2006,0.907
6/21/2006,0.917
6/22/2006,0.925
6/23/2006,0.929
6/24/2006,0.889
6/25/2006,0.916
6/26/2006,0.886
6/27/2006,0.866
6/28/2006,0.885
6/29/2006,0.811
6/30/2006,0.873
7/1/2006,0.939
7/2/2006,0.961
7/3/2006,0.892
7/4/2006,0.912
7/5/2006,0.918
7/6/2006,0.877
7/7/2006,0.875
7/8/2006,0.902
7/9/2006,0.924
7/10/2006,0.917
7/11/2006,0.909
7/12/2006,0.843
7/13/2006,0.861
7/14/2006,0.802
7/15/2006,0.883
7/16/2006,0.868
7/17/2006,0.892
7/18/2006,0.918
7/19/2006,0.895
7/20/2006,0.916
7/21/2006,0.934
7/22/2006,0.795
7/23/2006,0.911
7/24/2006,0.914
7/25/2006,0.898
7/26/2006,0.898
7/27/2006,0.94
7/28/2006,0.843
7/29/2006,0.905
7/30/2006,0.849
7/31/2006,0.76
8/1/2006,0.665
8/2/2006,0.708
8/3/2006,0.735
8/4/2006,0.797
8/5/2006,0.816
8/6/2006,0.812
8/7/2006,0.874
8/8/2006,0.883
8/9/2006,0.749
8/10/2006,0.788
8/11/2006,0.89
8/12/2006,0.861
8/13/2006,0.809
8/14/2006,0.805
8/15/2006,0.91
8/16/2006,0.85
8/17/2006,0.888
8/18/2006,0.924
8/19/2006,0.693
8/20/2006,0.703
8/21/2006,0.903
8/22/2006,0.884
8/23/2006,0.82
8/24/2006,0.82
8/25/2006,0.818
8/26/2006,0.848
8/27/2006,0.917
8/28/2006,0.821
8/29/2006,0.84
8/30/2006,0.861
8/31/2006,0.883
9/1/2006,0.903
9/2/2006,0.817
9/3/2006,0.909
9/4/2006,0.917
9/5/2006,0.923
9/6/2006,0.815
9/7/2006,0.789
9/8/2006,0.813
9/9/2006,0.783
9/10/2006,0.805
9/11/2006,0.855
9/12/2006,0.78
9/13/2006,0.803
9/14/2006,0.859
9/15/2006,0.811
9/16/2006,0.848
9/17/2006,0.855
9/18/2006,0.858
9/19/2006,0.861
9/20/2006,0.787
9/21/2006,0.83
9/22/2006,0.875
9/23/2006,0.911
9/24/2006,0.88
9/25/2006,0.836
9/26/2006,0.853
9/27/2006,0.915
9/28/2006,0.818
9/29/2006,0.8
9/30/2006,0.833
10/1/2006,0.88
10/2/2006,0.858
10/3/2006,0.88
10/4/2006,0.83
10/5/2006,0.793
10/6/2006,0.842
10/7/2006,0.899
10/8/2006,0.874
10/9/2006,0.823
10/10/2006,0.733
10/11/2006,0.79
10/12/2006,0.812
10/13/2006,0.79
10/14/2006,0.818
10/15/2006,0.873
10/16/2006,0.817
10/17/2006,0.872
10/18/2006,0.76
10/19/2006,0.916
10/20/2006,0.858
10/21/2006,0.783
10/22/2006,0.804
10/23/2006,0.815
10/24/2006,0.908
10/25/2006,0.937
10/26/2006,0.89
10/27/2006,0.78
10/28/2006,0.758
10/29/2006,0.815
10/30/2006,0.768
10/31/2006,0.805
11/1/2006,0.855
11/2/2006,0.79
11/3/2006,0.787
11/4/2006,0.923
11/5/2006,0.942
11/6/2006,0.91
11/7/2006,0.84
11/8/2006,0.89
11/9/2006,0.92
11/10/2006,0.86
11/11/2006,0.85
11/12/2006,0.84
11/13/2006,0.77
11/14/2006,0.87
11/15/2006,0.98
11/16/2006,0.9
11/17/2006,0.93
11/18/2006,0.91
11/19/2006,0.79
11/20/2006,0.81
11/21/2006,0.91
11/22/2006,0.89
11/23/2006,0.846
11/24/2006,0.814
11/25/2006,0.874
11/26/2006,0.869
11/27/2006,0.841
11/28/2006,0.858
11/29/2006,0.883
11/30/2006,0.915
12/1/2006,0.845
12/2/2006,0.845
12/3/2006,0.808
12/4/2006,0.84
12/5/2006,0.864
12/6/2006,0.853
12/7/2006,0.86
12/8/2006,0.852
12/9/2006,0.861
12/10/2006,0.895
12/11/2006,0.88
12/12/2006,0.947
12/13/2006,0.92
12/14/2006,0.985
12/15/2006,0.908
12/16/2006,0.901
12/17/2006,0.915
12/18/2006,0.893
12/19/2006,0.867
12/20/2006,0.872
12/21/2006,0.8
12/22/2006,0.847
12/23/2006,0.853
12/24/2006,0.909
12/25/2006,0.865
12/26/2006,0.886
12/27/2006,0.878
12/28/2006,0.857
12/29/2006,0.843
12/30/2006,0.855
12/31/2006,0.858
1/1/2007,0.828
1/2/2007,0.885
1/3/2007,0.897
1/4/2007,0.879
1/5/2007,0.843
1/6/2007,0.845
1/7/2007,0.929
1/8/2007,0.778
1/9/2007,0.77
1/10/2007,0.825
1/11/2007,0.845
1/12/2007,0.874
1/13/2007,0.905
1/14/2007,0.91
1/15/2007,0.795
1/16/2007,0.798
1/17/2007,0.83
1/18/2007,0.824
1/19/2007,0.87
1/20/2007,0.89
1/21/2007,0.84
1/22/2007,0.95
1/23/2007,0.905
1/24/2007,0.824
1/25/2007,0.751
1/26/2007,0.757
1/27/2007,0.796
1/28/2007,0.9
1/29/2007,0.871
1/30/2007,0.924
1/31/2007,0.831
2/1/2007,0.858
2/2/2007,0.852
2/3/2007,0.88
2/4/2007,0.854
2/5/2007,0.868
2/6/2007,0.878
2/7/2007,0.872
2/8/2007,0.855
2/9/2007,0.849
2/10/2007,0.88
2/11/2007,0.89
2/12/2007,0.868
2/13/2007,0.893
2/14/2007,0.852
2/15/2007,0.87
2/16/2007,0.86
2/17/2007,0.842
2/18/2007,0.815
2/19/2007,0.856
2/20/2007,0.93
2/21/2007,0.852
2/22/2007,0.819
2/23/2007,0.856
2/24/2007,0.842
2/25/2007,0.862
2/26/2007,0.854
2/27/2007,0.851
2/28/2007,0.825
3/1/2007,0.868
3/2/2007,0.871
3/3/2007,0.898
3/4/2007,0.908
3/5/2007,0.9
3/6/2007,0.871
3/7/2007,0.9
3/8/2007,0.83
3/9/2007,0.849
3/10/2007,0.868
3/11/2007,0.866
3/12/2007,0.896
3/13/2007,0.86
3/14/2007,0.87
3/15/2007,0.84
3/16/2007,0.81
3/17/2007,0.89
3/18/2007,0.89
3/19/2007,0.87
3/20/2007,0.88
3/21/2007,0.84
3/22/2007,0.91
3/23/2007,0.86
3/24/2007,0.88
3/25/2007,0.89
3/26/2007,0.92
3/27/2007,0.87
3/28/2007,0.91
3/29/2007,0.93
3/30/2007,0.79
3/31/2007,0.88
4/1/2007,0.82
4/2/2007,0.92
4/3/2007,0.86
4/4/2007,0.76
4/5/2007,0.92
4/6/2007,0.89
4/7/2007,0.77
4/8/2007,0.78
4/9/2007,0.79
4/10/2007,0.88
4/11/2007,0.77
4/12/2007,0.86
4/13/2007,0.87
4/14/2007,0.85
4/15/2007,0.83
4/16/2007,0.84
4/17/2007,0.9
4/18/2007,0.9
4/19/2007,0.91
4/20/2007,0.9
4/21/2007,0.75
4/22/2007,0.85
4/23/2007,0.92
4/24/2007,0.74
4/25/2007,0.89
4/26/2007,0.78
4/27/2007,0.86
4/28/2007,0.82
4/29/2007,0.81
4/30/2007,0.79
5/1/2007,0.83
5/2/2007,0.75
5/3/2007,0.76
5/4/2007,0.84
5/5/2007,0.87
5/6/2007,0.73
5/7/2007,0.87
5/8/2007,0.84
5/9/2007,0.84
5/10/2007,0.88
5/11/2007,0.79
5/12/2007,0.9
5/13/2007,0.87
5/14/2007,0.82
5/15/2007,0.92
5/16/2007,0.88
5/17/2007,0.79
5/18/2007,0.92
5/19/2007,0.92
5/20/2007,0.91
5/21/2007,0.84
5/22/2007,0.92
5/23/2007,0.81
5/24/2007,0.77
5/25/2007,0.86
5/26/2007,0.89
5/27/2007,0.91
5/28/2007,0.84
5/29/2007,0.83
5/30/2007,0.83
5/31/2007,0.93
6/1/2007,0.79
6/2/2007,0.89
6/3/2007,0.79
6/4/2007,0.82
6/5/2007,0.85
6/6/2007,0.82
6/7/2007,0.79
6/8/2007,0.81
6/9/2007,0.78
6/10/2007,0.74
6/11/2007,0.765
6/12/2007,0.815
6/13/2007,0.786
6/14/2007,0.793
6/15/2007,0.748
6/16/2007,0.873
6/17/2007,0.825
6/18/2007,0.832
6/19/2007,0.836
6/20/2007,0.805
6/21/2007,0.792
6/22/2007,0.813
6/23/2007,0.799
6/24/2007,0.765
6/25/2007,0.78
6/26/2007,0.874
6/27/2007,0.842
6/28/2007,0.827
6/29/2007,0.676
6/30/2007,0.637
7/1/2007,0.68
7/2/2007,0.734
7/3/2007,0.767
7/4/2007,0.855
7/5/2007,0.862
7/6/2007,0.833
7/7/2007,0.838
7/8/2007,0.766
7/9/2007,0.737
7/10/2007,0.771
7/11/2007,0.885
7/12/2007,0.838
7/13/2007,0.849
7/14/2007,0.785
7/15/2007,0.83
7/16/2007,0.822
7/17/2007,0.846
7/18/2007,0.856
7/19/2007,0.805
7/20/2007,0.812
7/21/2007,0.759
7/22/2007,0.821
7/23/2007,0.818
7/24/2007,0.828
7/25/2007,0.816
7/26/2007,0.808
7/27/2007,0.902
7/28/2007,0.875
7/29/2007,0.853
7/30/2007,0.823
7/31/2007,0.807
8/1/2007,0.906
8/2/2007,0.845
8/3/2007,0.752
8/4/2007,0.763
8/5/2007,0.748
8/6/2007,0.763
8/7/2007,0.775
8/8/2007,0.793
8/9/2007,0.795
8/10/2007,0.813
8/11/2007,0.865
8/12/2007,0.808
8/13/2007,0.825
8/14/2007,0.846
8/15/2007,0.851
8/16/2007,0.849
8/17/2007,0.859
8/18/2007,0.8
8/19/2007,0.68
8/20/2007,0.67
8/21/2007,0.7
8/22/2007,0.71
8/23/2007,0.754
8/24/2007,0.908
8/25/2007,0.826
8/26/2007,0.824
8/27/2007,0.776
8/28/2007,0.776
8/29/2007,0.785
8/30/2007,0.769
8/31/2007,0.789
9/1/2007,0.788
9/2/2007,0.787
9/3/2007,0.851
9/4/2007,0.885
9/5/2007,0.91
9/6/2007,0.863
9/7/2007,0.85
9/8/2007,0.775
9/9/2007,0.798
9/10/2007,0.796
9/11/2007,0.8
9/12/2007,0.853
9/13/2007,0.827
9/14/2007,0.811
9/15/2007,0.798
9/16/2007,0.803
9/17/2007,0.833
9/18/2007,0.804
9/19/2007,0.817
9/20/2007,0.768
9/21/2007,0.763
9/22/2007,0.794
9/23/2007,0.82
9/24/2007,0.823
9/25/2007,0.878
9/26/2007,0.797
9/27/2007,0.802
9/28/2007,0.812
9/29/2007,0.82
9/30/2007,0.797
10/1/2007,0.842
10/2/2007,0.803
10/3/2007,0.855
10/4/2007,0.833
10/5/2007,0.863
10/6/2007,0.849
10/7/2007,0.876
10/8/2007,0.869
10/9/2007,0.809
10/10/2007,0.843
10/11/2007,0.874
10/12/2007,0.827
10/13/2007,0.802
10/14/2007,0.758
10/15/2007,0.802
10/16/2007,0.745
10/17/2007,0.72
10/18/2007,0.766
10/19/2007,0.765
10/20/2007,0.838
10/21/2007,0.898
10/22/2007,0.829
10/23/2007,0.821
10/24/2007,0.784
10/25/2007,0.763
10/26/2007,0.775
10/27/2007,0.779
10/28/2007,0.829
10/29/2007,0.842
10/30/2007,0.833
10/31/2007,0.817
11/1/2007,0.806
11/2/2007,0.846
11/3/2007,0.805
11/4/2007,0.799
11/5/2007,0.792
11/6/2007,0.828
11/7/2007,0.821
11/8/2007,0.835
11/9/2007,0.803
11/10/2007,0.778
11/11/2007,0.756
11/12/2007,0.763
11/13/2007,0.848
11/14/2007,0.858
11/15/2007,0.839
11/16/2007,0.793
11/17/2007,0.824
11/18/2007,0.732
11/19/2007,0.743
11/20/2007,0.788
11/21/2007,0.84
11/22/2007,0.884
11/23/2007,0.852
11/24/2007,0.85
11/25/2007,0.788
11/26/2007,0.76
11/27/2007,0.712
11/28/2007,0.86
11/29/2007,0.807
11/30/2007,0.795
12/1/2007,0.687
12/2/2007,0.809
12/3/2007,0.773
12/4/2007,0.75
12/5/2007,0.83
12/6/2007,0.862
12/7/2007,0.851
12/8/2007,0.86
12/9/2007,0.858
12/10/2007,0.868
12/11/2007,0.85
12/12/2007,0.847
12/13/2007,0.852
12/14/2007,0.809
12/15/2007,0.865
12/16/2007,0.797
12/17/2007,0.755
12/18/2007,0.755
12/19/2007,0.813
12/20/2007,0.794
12/21/2007,0.765
12/22/2007,0.75
12/23/2007,0.724
12/24/2007,0.773
12/25/2007,0.822
12/26/2007,0.728
12/27/2007,0.76
12/28/2007,0.819
12/29/2007,0.862
12/30/2007,0.8
12/31/2007,0.744
1/1/2008,0.764
1/2/2008,0.767
1/3/2008,0.795
1/4/2008,0.802
1/5/2008,0.72
1/6/2008,0.757
1/7/2008,0.881
1/8/2008,0.802
1/9/2008,0.817
1/10/2008,0.74
1/11/2008,0.77
1/12/2008,0.783
1/13/2008,0.811
1/14/2008,0.72
1/15/2008,0.84
1/16/2008,0.801
1/17/2008,0.817
1/18/2008,0.844
1/19/2008,0.82
1/20/2008,0.843
1/21/2008,0.875
1/22/2008,0.827
1/23/2008,0.713
1/24/2008,0.768
1/25/2008,0.882
1/26/2008,0.769
1/27/2008,0.751
1/28/2008,0.75
1/29/2008,0.784
1/30/2008,0.777
1/31/2008,0.766
2/1/2008,0.753
2/2/2008,0.778
2/3/2008,0.758
2/4/2008,0.778
2/5/2008,0.799
2/6/2008,0.773
2/7/2008,0.757
2/8/2008,0.756
2/9/2008,0.751
2/10/2008,0.748
2/11/2008,0.784
2/12/2008,0.777
2/13/2008,0.825
2/14/2008,0.753
2/15/2008,0.694
2/16/2008,0.66
2/17/2008,0.653
2/18/2008,0.693
2/19/2008,0.721
2/20/2008,0.666
2/21/2008,0.672
2/22/2008,0.664
2/23/2008,0.678
2/24/2008,0.746
2/25/2008,0.741
2/26/2008,0.747
2/27/2008,0.761
2/28/2008,0.717
2/29/2008,0.723
3/1/2008,0.79
3/2/2008,0.733
3/3/2008,0.764
3/4/2008,0.815
3/5/2008,0.8
3/6/2008,0.78
3/7/2008,0.771
3/8/2008,0.793
3/9/2008,0.746
3/10/2008,0.745
3/11/2008,0.723
3/12/2008,0.686
3/13/2008,0.717
3/14/2008,0.697
3/15/2008,0.817
3/16/2008,0.833
3/17/2008,0.867
3/18/2008,0.804
3/19/2008,0.832
3/20/2008,0.794
3/21/2008,0.803
3/22/2008,0.851
3/23/2008,0.827
3/24/2008,0.842
3/25/2008,0.809
3/26/2008,0.785
3/27/2008,0.749
3/28/2008,0.774
3/29/2008,0.814
3/30/2008,0.84
3/31/2008,0.837
4/1/2008,0.854
4/2/2008,0.81
4/3/2008,0.777
4/4/2008,0.84
4/5/2008,0.822
4/6/2008,0.84
4/7/2008,0.785
4/8/2008,0.803
4/9/2008,0.791
4/10/2008,0.76
4/11/2008,0.727
4/12/2008,0.75
4/13/2008,0.82
4/14/2008,0.8
4/15/2008,0.798
4/16/2008,0.822
4/17/2008,0.899
4/18/2008,0.869
4/19/2008,0.753
4/20/2008,0.78
4/21/2008,0.841
4/22/2008,0.833
4/23/2008,0.821
4/24/2008,0.843
4/25/2008,0.782
4/26/2008,0.792
4/27/2008,0.863
4/28/2008,0.876
4/29/2008,0.811
4/30/2008,0.742
5/1/2008,0.803
5/2/2008,0.794
5/3/2008,0.828
5/4/2008,0.812
5/5/2008,0.868
5/6/2008,0.89
5/7/2008,0.832
5/8/2008,0.84
5/9/2008,0.826
5/10/2008,0.818
5/11/2008,0.77
5/12/2008,0.836
5/13/2008,0.93
5/14/2008,0.863
5/15/2008,0.833
5/16/2008,0.805
5/17/2008,0.797
5/18/2008,0.881
5/19/2008,0.93
5/20/2008,0.893
5/21/2008,0.873
5/22/2008,0.849
5/23/2008,0.838
5/24/2008,0.831
5/25/2008,0.843
5/26/2008,0.935
5/27/2008,0.882
5/28/2008,0.842
5/29/2008,0.869
5/30/2008,0.94
5/31/2008,0.985
6/1/2008,0.854
6/2/2008,0.903
6/3/2008,0.851
6/4/2008,0.83
6/5/2008,0.801
6/6/2008,0.827
6/7/2008,0.828
6/8/2008,0.95
6/9/2008,0.9
6/10/2008,0.822
6/11/2008,0.824
6/12/2008,0.86
6/13/2008,0.91
6/14/2008,0.903
6/15/2008,0.95
6/16/2008,0.763
6/17/2008,0.92
6/18/2008,0.99
6/19/2008,0.98
6/20/2008,0.98
6/21/2008,0.93
6/22/2008,0.98
6/23/2008,0.89
6/24/2008,0.92
6/25/2008,0.67
6/26/2008,0.673
6/27/2008,0.735
6/28/2008,0.786
6/29/2008,0.722
6/30/2008,0.694
7/1/2008,0.74
7/2/2008,0.88
7/3/2008,0.74
7/4/2008,0.734
7/5/2008,0.783
7/6/2008,0.834
7/7/2008,0.782
7/8/2008,0.755
7/9/2008,0.765
7/10/2008,0.853
7/11/2008,0.788
7/12/2008,0.721
7/13/2008,0.738
7/14/2008,0.808
7/15/2008,0.865
7/16/2008,0.771
7/17/2008,0.747
7/18/2008,0.7
7/19/2008,0.669
7/20/2008,0.781
7/21/2008,0.759
7/22/2008,0.71
7/23/2008,0.652
7/24/2008,0.679
7/25/2008,0.685
7/26/2008,0.662
7/27/2008,0.651
7/28/2008,0.633
7/29/2008,0.647
7/30/2008,0.724
7/31/2008,0.677
8/1/2008,0.695
8/2/2008,0.75
8/3/2008,0.791
8/4/2008,0.765
8/5/2008,0.78
8/6/2008,0.753
8/7/2008,0.757
8/8/2008,0.748
8/9/2008,0.88
8/10/2008,0.69
8/11/2008,0.663
8/12/2008,0.745
8/13/2008,0.725
8/14/2008,0.788
8/15/2008,0.788
8/16/2008,0.775
8/17/2008,0.704
8/18/2008,0.734
8/19/2008,0.809
8/20/2008,0.744
8/21/2008,0.681
8/22/2008,0.694
8/23/2008,0.721
8/24/2008,0.743
8/25/2008,0.751
8/26/2008,0.736
8/27/2008,0.737
8/28/2008,0.705
8/29/2008,0.694
8/30/2008,0.728
8/31/2008,0.766
9/1/2008,0.767
9/2/2008,0.825
9/3/2008,0.812
9/4/2008,0.76
9/5/2008,0.748
9/6/2008,0.73
9/7/2008,0.751
9/8/2008,0.753
9/9/2008,0.766
9/10/2008,0.745
9/11/2008,0.744
9/12/2008,0.751
9/13/2008,0.76
9/14/2008,0.728
9/15/2008,0.73
9/16/2008,0.774
9/17/2008,0.801
9/18/2008,0.774
9/19/2008,0.739
9/20/2008,0.741
9/21/2008,0.765
9/22/2008,0.765
9/23/2008,0.715
9/24/2008,0.783
9/25/2008,0.806
9/26/2008,0.778
9/27/2008,0.765
9/28/2008,0.822
9/29/2008,0.814
9/30/2008,0.827
10/1/2008,0.788
10/2/2008,0.783
10/3/2008,0.788
10/4/2008,0.796
10/5/2008,0.817
10/6/2008,0.789
10/7/2008,0.75
10/8/2008,0.743
10/9/2008,0.76
10/10/2008,0.753
10/11/2008,0.801
10/12/2008,0.768
10/13/2008,0.745
10/14/2008,0.74
10/15/2008,0.793
10/16/2008,0.754
10/17/2008,0.741
10/18/2008,0.723
10/19/2008,0.73
10/20/2008,0.77
10/21/2008,0.797
10/22/2008,0.747
10/23/2008,0.737
10/24/2008,0.796
10/25/2008,0.779
10/26/2008,0.76
10/27/2008,0.719
10/28/2008,0.721
10/29/2008,0.743
10/30/2008,0.72
10/31/2008,0.91
11/1/2008,0.758
11/2/2008,0.758
11/3/2008,0.734
11/4/2008,0.766
11/5/2008,0.734
11/6/2008,0.758
11/7/2008,0.777
11/8/2008,0.858
11/9/2008,0.785
11/10/2008,0.753
11/11/2008,0.773
11/12/2008,0.818
11/13/2008,0.791
11/14/2008,0.765
11/15/2008,0.785
11/16/2008,0.807
11/17/2008,0.765
11/18/2008,0.74
11/19/2008,0.743
11/20/2008,0.813
11/21/2008,0.832
11/22/2008,0.792
11/23/2008,0.765
11/24/2008,0.82
11/25/2008,0.805
11/26/2008,0.77
11/27/2008,0.808
11/28/2008,0.772
11/29/2008,0.804
11/30/2008,0.785
12/1/2008,0.758
12/2/2008,0.737
12/3/2008,0.744
12/4/2008,0.783
12/5/2008,0.764
12/6/2008,0.857
12/7/2008,0.841
12/8/2008,0.902
12/9/2008,0.786
12/10/2008,0.734
12/11/2008,0.742
12/12/2008,0.824
12/13/2008,0.847
12/14/2008,0.74
12/15/2008,0.708
12/16/2008,0.713
12/17/2008,0.722
12/18/2008,0.754
12/19/2008,0.703
12/20/2008,0.707
12/21/2008,0.716
12/22/2008,0.734
12/23/2008,0.81
12/24/2008,0.76
12/25/2008,0.84
12/26/2008,0.77
12/27/2008,0.74
12/28/2008,0.81
12/29/2008,0.77
12/30/2008,0.77
12/31/2008,0.85
1/1/2009,0.77
1/2/2009,0.78
1/3/2009,0.86
1/4/2009,0.79
1/5/2009,0.76
1/6/2009,0.85
1/7/2009,0.85
1/8/2009,0.85
1/9/2009,0.77
1/10/2009,0.76
1/11/2009,0.71
1/12/2009,0.75
1/13/2009,0.83
1/14/2009,0.745
1/15/2009,0.755
1/16/2009,0.734
1/17/2009,0.817
1/18/2009,0.861
1/19/2009,0.844
1/20/2009,0.778
1/21/2009,0.779
1/22/2009,0.809
1/23/2009,0.798
1/24/2009,0.864
1/25/2009,0.826
1/26/2009,0.843
1/27/2009,0.811
1/28/2009,0.774
1/29/2009,0.838
1/30/2009,0.832
1/31/2009,0.813
2/1/2009,0.839
2/2/2009,0.798
2/3/2009,0.805
2/4/2009,0.795
2/5/2009,0.76
2/6/2009,0.757
2/7/2009,0.775
2/8/2009,0.827
2/9/2009,0.906
2/10/2009,0.857
2/11/2009,0.774
2/12/2009,0.792
2/13/2009,0.797
2/14/2009,0.794
2/15/2009,0.763
2/16/2009,0.765
2/17/2009,0.738
2/18/2009,0.786
2/19/2009,0.768
2/20/2009,0.795
2/21/2009,0.796
2/22/2009,0.758
2/23/2009,0.746
2/24/2009,0.773
2/25/2009,0.79
2/26/2009,0.78
2/27/2009,0.76
2/28/2009,0.777
3/1/2009,0.778
3/2/2009,0.769
3/3/2009,0.77
3/4/2009,0.8
3/5/2009,0.767
3/6/2009,0.749
3/7/2009,0.766
3/8/2009,0.779
3/9/2009,0.776
3/10/2009,0.78
3/11/2009,0.82
3/12/2009,0.88
3/13/2009,0.96
3/14/2009,0.81
3/15/2009,0.728
3/16/2009,0.679
3/17/2009,0.742
3/18/2009,0.716
3/19/2009,0.718
3/20/2009,0.774
3/21/2009,0.78
3/22/2009,0.821
3/23/2009,0.82
3/24/2009,0.769
3/25/2009,0.795
3/26/2009,0.757
3/27/2009,0.745
3/28/2009,0.749
3/29/2009,0.796
3/30/2009,0.836
3/31/2009,0.864
4/1/2009,0.904
4/2/2009,0.858
4/3/2009,0.913
4/4/2009,0.863
4/5/2009,0.859
4/6/2009,0.84
4/7/2009,0.829
4/8/2009,0.866
4/9/2009,0.881
4/10/2009,0.833
4/11/2009,0.799
4/12/2009,0.777
4/13/2009,0.79
4/14/2009,0.807
4/15/2009,0.806
4/16/2009,0.831
4/17/2009,0.815
4/18/2009,0.81
4/19/2009,0.831
4/20/2009,0.828
4/21/2009,0.8
4/22/2009,0.796
4/23/2009,0.824
4/24/2009,0.929
4/25/2009,0.845
4/26/2009,0.85
4/27/2009,0.77
4/28/2009,0.835
4/29/2009,0.808
4/30/2009,0.734
5/1/2009,0.715
5/2/2009,0.71
5/3/2009,0.75
5/4/2009,0.764
5/5/2009,0.828
5/6/2009,0.788
5/7/2009,0.851
5/8/2009,0.886
5/9/2009,0.883
5/10/2009,0.905
5/11/2009,0.874
5/12/2009,0.821
5/13/2009,0.84
5/14/2009,0.901
5/15/2009,0.942
5/16/2009,0.9
5/17/2009,0.918
5/18/2009,0.87
5/19/2009,0.833
5/20/2009,0.825
5/21/2009,0.89
5/22/2009,0.918
5/23/2009,0.868
5/24/2009,0.881
5/25/2009,0.828
5/26/2009,0.844
5/27/2009,0.823
5/28/2009,0.817
5/29/2009,0.779
5/30/2009,0.828
5/31/2009,0.848
6/1/2009,0.839
6/2/2009,0.841
6/3/2009,0.847
6/4/2009,0.906
6/5/2009,0.867
6/6/2009,0.783
6/7/2009,0.808
6/8/2009,0.697
6/9/2009,0.685
6/10/2009,0.728
6/11/2009,0.688
6/12/2009,0.708
6/13/2009,0.692
6/14/2009,0.7
6/15/2009,0.73
6/16/2009,0.737
6/17/2009,0.809
6/18/2009,0.811
6/19/2009,0.835
6/20/2009,0.86
6/21/2009,0.862
6/22/2009,0.82
6/23/2009,0.856
6/24/2009,0.894
6/25/2009,0.845
6/26/2009,0.854
6/27/2009,0.826
6/28/2009,0.793
6/29/2009,0.746
6/30/2009,0.748
7/1/2009,0.805
7/2/2009,0.837
7/3/2009,0.854
7/4/2009,0.824
7/5/2009,0.798
7/6/2009,0.789
7/7/2009,0.756
7/8/2009,0.773
7/9/2009,0.791
7/10/2009,0.823
7/11/2009,0.775
7/12/2009,0.792
7/13/2009,0.764
7/14/2009,0.777
7/15/2009,0.758
7/16/2009,0.89
7/17/2009,0.9
7/18/2009,0.757
7/19/2009,0.695
7/20/2009,0.76
7/21/2009,0.824
7/22/2009,0.853
7/23/2009,0.72
7/24/2009,0.778
7/25/2009,0.863
7/26/2009,0.83
7/27/2009,0.856
7/28/2009,0.848
7/29/2009,0.835
7/30/2009,0.821
7/31/2009,0.861
8/1/2009,0.828
8/2/2009,0.82
8/3/2009,0.789
8/4/2009,0.799
8/5/2009,0.828
8/6/2009,0.89
8/7/2009,0.904
8/8/2009,0.843
8/9/2009,0.816
8/10/2009,0.797
8/11/2009,0.855
8/12/2009,0.815
8/13/2009,0.74
8/14/2009,0.749
8/15/2009,0.811
8/16/2009,0.913
8/17/2009,0.822
8/18/2009,0.83
8/19/2009,0.852
8/20/2009,0.848
8/21/2009,0.786
8/22/2009,0.778
8/23/2009,0.774
8/24/2009,0.864
8/25/2009,0.865
8/26/2009,0.728
8/27/2009,0.602
8/28/2009,0.623
8/29/2009,0.632
8/30/2009,0.74
8/31/2009,0.723
9/1/2009,0.814
9/2/2009,0.746
9/3/2009,0.844
9/4/2009,0.871
9/5/2009,0.833
9/6/2009,0.888
9/7/2009,0.863
9/8/2009,0.842
9/9/2009,0.803
9/10/2009,0.795
9/11/2009,0.737
9/12/2009,0.777
9/13/2009,0.825
9/14/2009,0.876
9/15/2009,0.847
9/16/2009,0.822
9/17/2009,0.808
9/18/2009,0.843
9/19/2009,0.814
9/20/2009,0.796
9/21/2009,0.81
9/22/2009,0.784
9/23/2009,0.785
9/24/2009,0.76
9/25/2009,0.726
9/26/2009,0.677
9/27/2009,0.658
9/28/2009,0.703
9/29/2009,0.66
9/30/2009,0.635
10/1/2009,0.67
10/2/2009,0.705
10/3/2009,0.773
10/4/2009,0.844
10/5/2009,0.776
10/6/2009,0.803
10/7/2009,0.828
10/8/2009,0.834
10/9/2009,0.792
10/10/2009,0.802
10/11/2009,0.779
10/12/2009,0.762
10/13/2009,0.82
10/14/2009,0.89
10/15/2009,0.917
10/16/2009,0.871
10/17/2009,0.781
10/18/2009,0.816
10/19/2009,0.759
10/20/2009,0.748
10/21/2009,0.778
10/22/2009,0.868
10/23/2009,0.871
10/24/2009,0.88
10/25/2009,0.838
10/26/2009,0.791
10/27/2009,0.801
10/28/2009,0.74
10/29/2009,0.71
10/30/2009,0.755
10/31/2009,0.858
11/1/2009,0.789
11/2/2009,0.759
11/3/2009,0.78
11/4/2009,0.807
11/5/2009,0.823
11/6/2009,0.821
11/7/2009,0.868
11/8/2009,0.879
11/9/2009,0.853
11/10/2009,0.872
11/11/2009,0.911
11/12/2009,0.844
11/13/2009,0.81
11/14/2009,0.817
11/15/2009,0.843
11/16/2009,0.729
11/17/2009,0.719
11/18/2009,0.714
11/19/2009,0.718
11/20/2009,0.789
11/21/2009,0.803
11/22/2009,0.8
11/23/2009,0.73
11/24/2009,0.643
11/25/2009,0.691
11/26/2009,0.887
11/27/2009,0.894
11/28/2009,0.836
11/29/2009,0.818
11/30/2009,0.811
12/1/2009,0.869
12/2/2009,0.872
12/3/2009,0.825
12/4/2009,0.843
12/5/2009,0.826
12/6/2009,0.837
12/7/2009,0.827
12/8/2009,0.841
12/9/2009,0.855
12/10/2009,0.853
12/11/2009,0.866
12/12/2009,0.829
12/13/2009,0.825
12/14/2009,0.792
12/15/2009,0.765
12/16/2009,0.789
12/17/2009,0.764
12/18/2009,0.795
12/19/2009,0.659
12/20/2009,0.629
12/21/2009,0.631
12/22/2009,0.648
12/23/2009,0.713
12/24/2009,0.769
12/25/2009,0.75
12/26/2009,0.749
12/27/2009,0.888
12/28/2009,0.86
12/29/2009,0.915
12/30/2009,0.882
12/31/2009,0.875
1/1/2010,0.886
1/2/2010,0.878
1/3/2010,0.869
1/4/2010,0.91
1/5/2010,0.838
1/6/2010,0.885
1/7/2010,0.861
1/8/2010,0.837
1/9/2010,0.8
1/10/2010,0.839
1/11/2010,0.874
1/12/2010,0.85
1/13/2010,0.82
1/14/2010,0.878
1/15/2010,0.861
1/16/2010,0.845
1/17/2010,0.834
1/18/2010,0.821
1/19/2010,0.814
1/20/2010,0.834
1/21/2010,0.833
1/22/2010,0.81
1/23/2010,0.802
1/24/2010,0.864
1/25/2010,0.925
1/26/2010,0.897
1/27/2010,0.916
1/28/2010,0.853
1/29/2010,0.823
1/30/2010,0.846
1/31/2010,0.865
2/1/2010,0.903
2/2/2010,0.834
2/3/2010,0.886
2/4/2010,0.746
2/5/2010,0.802
2/6/2010,0.786
2/7/2010,0.731
2/8/2010,0.754
2/9/2010,0.819
2/10/2010,0.905
2/11/2010,0.807
2/12/2010,0.891
2/13/2010,0.917
2/14/2010,0.869
2/15/2010,0.878
2/16/2010,0.887
2/17/2010,0.837
2/18/2010,0.837
2/19/2010,0.806
2/20/2010,0.797
2/21/2010,0.792
2/22/2010,0.865
2/23/2010,0.85
2/24/2010,0.838
2/25/2010,0.862
2/26/2010,0.827
2/27/2010,0.795
2/28/2010,0.798
3/1/2010,0.826
3/2/2010,0.791
3/3/2010,0.829
3/4/2010,0.847
3/5/2010,0.784
3/6/2010,0.784
3/7/2010,0.823
3/8/2010,0.844
3/9/2010,0.837
3/10/2010,0.832
3/11/2010,0.832
3/12/2010,0.798
3/13/2010,0.78
3/14/2010,0.775
3/15/2010,0.757
3/16/2010,0.768
3/17/2010,0.794
3/18/2010,0.778
3/19/2010,0.775
3/20/2010,0.745
3/21/2010,0.796
3/22/2010,0.779
3/23/2010,0.808
3/24/2010,0.792
3/25/2010,0.785
3/26/2010,0.772
3/27/2010,0.793
3/28/2010,0.852
3/29/2010,0.803
3/30/2010,0.804
3/31/2010,0.764
4/1/2010,0.728
4/2/2010,0.758
4/3/2010,0.795
4/4/2010,0.793
4/5/2010,0.783
4/6/2010,0.773
4/7/2010,0.773
4/8/2010,0.817
4/9/2010,0.798
4/10/2010,0.806
4/11/2010,0.796
4/12/2010,0.79
4/13/2010,0.828
4/14/2010,0.87
4/15/2010,0.823
4/16/2010,0.811
4/17/2010,0.833
4/18/2010,0.873
4/19/2010,0.803
4/20/2010,0.811
4/21/2010,0.832
4/22/2010,0.856
4/23/2010,0.856
4/24/2010,0.813
4/25/2010,0.81
4/26/2010,0.835
4/27/2010,0.789
4/28/2010,0.761
4/29/2010,0.843
4/30/2010,0.805
5/1/2010,0.775
5/2/2010,0.797
5/3/2010,0.811
5/4/2010,0.837
5/5/2010,0.801
5/6/2010,0.81
5/7/2010,0.928
5/8/2010,0.903
5/9/2010,0.92
5/10/2010,0.933
5/11/2010,0.944
5/12/2010,0.945
5/13/2010,0.913
5/14/2010,0.918
5/15/2010,0.908
5/16/2010,0.901
5/17/2010,0.929
5/18/2010,0.946
5/19/2010,0.916
5/20/2010,0.812
5/21/2010,0.887
5/22/2010,0.97
5/23/2010,0.88
5/24/2010,0.949
5/25/2010,0.938
5/26/2010,0.849
5/27/2010,0.845
5/28/2010,0.837
5/29/2010,0.92
5/30/2010,0.86
5/31/2010,0.79
6/1/2010,0.92
6/2/2010,0.84
6/3/2010,0.93
6/4/2010,0.86
6/5/2010,0.93
6/6/2010,0.89
6/7/2010,0.97
6/8/2010,0.97
6/9/2010,0.92
6/10/2010,0.95
6/11/2010,0.83
6/12/2010,0.77
6/13/2010,0.97
6/14/2010,0.92
6/15/2010,0.95
6/16/2010,0.91
6/17/2010,0.9
6/18/2010,0.93
6/19/2010,0.86
6/20/2010,0.94
6/21/2010,0.84
6/22/2010,0.85
6/23/2010,0.85
6/24/2010,0.96
6/25/2010,0.92
6/26/2010,0.84
6/27/2010,0.79
6/28/2010,0.81
6/29/2010,0.88
6/30/2010,0.76
7/1/2010,0.87
7/2/2010,0.86
7/3/2010,0.69
7/4/2010,0.73
7/5/2010,0.89
7/6/2010,0.93
7/7/2010,0.89
7/8/2010,0.89
7/9/2010,0.83
7/10/2010,0.82
7/11/2010,0.92
7/12/2010,0.88
7/13/2010,0.95
7/14/2010,0.92
7/15/2010,0.98
7/16/2010,0.87
7/17/2010,0.76
7/18/2010,0.88
7/19/2010,0.9
7/20/2010,0.94
7/21/2010,0.85
7/22/2010,0.89
7/23/2010,0.89
7/24/2010,0.87
7/25/2010,0.9
7/26/2010,0.88
7/27/2010,0.89
7/28/2010,0.82
7/29/2010,0.86
7/30/2010,0.83
7/31/2010,0.92
8/1/2010,0.91
8/2/2010,0.87
8/3/2010,0.94
8/4/2010,0.85
8/5/2010,0.87
8/6/2010,0.84
8/7/2010,0.84
8/8/2010,0.89
8/9/2010,0.86
8/10/2010,0.89
8/11/2010,0.88
8/12/2010,0.87
8/13/2010,0.81
8/14/2010,0.75
8/15/2010,0.94
8/16/2010,0.9
8/17/2010,0.92
8/18/2010,0.86
8/19/2010,0.84
8/20/2010,0.87
8/21/2010,0.82
8/22/2010,0.84
8/23/2010,0.83
8/24/2010,0.82
8/25/2010,0.84
8/26/2010,0.86
8/27/2010,0.81
8/28/2010,0.86
8/29/2010,0.84
8/30/2010,0.91
8/31/2010,0.93
9/1/2010,0.84
9/2/2010,0.81
9/3/2010,0.8
9/4/2010,0.86
9/5/2010,0.81
9/6/2010,0.8
9/7/2010,0.82
9/8/2010,0.91
9/9/2010,0.84
9/10/2010,0.87
9/11/2010,0.85
9/12/2010,0.79
9/13/2010,0.86
9/14/2010,0.89
9/15/2010,0.94
9/16/2010,0.89
9/17/2010,0.79
9/18/2010,0.94
9/19/2010,0.98
9/20/2010,0.85
9/21/2010,0.86
9/22/2010,0.9
9/23/2010,0.87
9/24/2010,0.84
9/25/2010,0.9
9/26/2010,0.83
9/27/2010,0.82
9/28/2010,0.84
9/29/2010,0.9
9/30/2010,0.94
10/1/2010,0.83
10/2/2010,0.89
10/3/2010,0.93
10/4/2010,0.88
10/5/2010,0.86
10/6/2010,0.94
10/7/2010,0.94
10/8/2010,0.9
10/9/2010,0.89
10/10/2010,0.79
10/11/2010,0.9
10/12/2010,0.87
10/13/2010,0.85
10/14/2010,0.91
10/15/2010,0.98
10/16/2010,0.91
10/17/2010,0.99
10/18/2010,0.98
10/19/2010,0.93
10/20/2010,0.96
10/21/2010,0.99
10/22/2010,0.94
10/23/2010,0.93
10/24/2010,0.98
10/25/2010,0.9
10/26/2010,0.94
10/27/2010,0.94
10/28/2010,0.96
10/29/2010,0.88
10/30/2010,0.81
10/31/2010,0.88
11/1/2010,0.9
11/2/2010,0.91
11/3/2010,0.78
11/4/2010,0.87
11/5/2010,0.95
11/6/2010,0.86
11/7/2010,0.87
11/8/2010,0.86
11/9/2010,0.96
11/10/2010,0.99
11/11/2010,0.89
11/12/2010,0.96
11/13/2010,0.99
11/14/2010,0.99
11/15/2010,0.99
11/16/2010,0.97
11/17/2010,0.88
11/18/2010,0.99
11/19/2010,1
11/20/2010,0.89
11/21/2010,0.9
11/22/2010,0.99
11/23/2010,0.95
11/24/2010,0.97
11/25/2010,1
11/26/2010,1
11/27/2010,0.86
11/28/2010,0.91
11/29/2010,0.93
11/30/2010,0.95
12/1/2010,0.89
12/2/2010,0.99
12/3/2010,0.87
12/4/2010,0.98
12/5/2010,0.83
12/6/2010,0.85
12/7/2010,0.92
12/8/2010,0.95
12/9/2010,0.99
12/10/2010,0.97
12/11/2010,0.91
12/12/2010,0.85
12/13/2010,0.99
12/14/2010,0.94
12/15/2010,0.87
12/16/2010,0.97
12/17/2010,0.94
12/18/2010,0.99
12/19/2010,0.88
12/20/2010,0.99
12/21/2010,0.99
12/22/2010,0.89
12/23/2010,1
12/24/2010,0.92
12/25/2010,0.88
12/26/2010,0.93
12/27/2010,0.97
12/28/2010,0.99
12/29/2010,0.93
12/30/2010,0.92
12/31/2010,0.76
1/1/2011,0.741
1/2/2011,0.807
1/3/2011,0.99
1/4/2011,0.913
1/5/2011,0.912
1/6/2011,0.958
1/7/2011,0.857
1/8/2011,0.805
1/9/2011,0.845
1/10/2011,0.922
1/11/2011,0.919
1/12/2011,0.745
1/13/2011,0.799
1/14/2011,0.821
1/15/2011,0.78
1/16/2011,0.76
1/17/2011,0.778
1/18/2011,0.843
1/19/2011,0.873
1/20/2011,0.883
1/21/2011,0.831
1/22/2011,0.92
1/23/2011,0.879
1/24/2011,0.953
1/25/2011,0.883
1/26/2011,0.81
1/27/2011,0.8
1/28/2011,0.744
1/29/2011,0.72
1/30/2011,0.757
1/31/2011,0.768
2/1/2011,0.757
2/2/2011,0.731
2/3/2011,0.71
2/4/2011,0.725
2/5/2011,0.778
2/6/2011,0.723
2/7/2011,0.795
2/8/2011,0.753
2/9/2011,0.775
2/10/2011,0.816
2/11/2011,0.731
2/12/2011,0.889
2/13/2011,0.904
2/14/2011,0.836
2/15/2011,0.779
2/16/2011,0.834
2/17/2011,0.817
2/18/2011,0.766
2/19/2011,0.835
2/20/2011,0.795
2/21/2011,0.776
2/22/2011,0.739
2/23/2011,0.727
2/24/2011,0.656
2/25/2011,0.711
2/26/2011,0.741
2/27/2011,0.703
2/28/2011,0.718
3/1/2011,0.751
3/2/2011,0.794
3/3/2011,0.851
3/4/2011,0.818
3/5/2011,0.715
3/6/2011,0.669
3/7/2011,0.664
3/8/2011,0.686
3/9/2011,0.777
3/10/2011,0.764
3/11/2011,0.715
3/12/2011,0.704
3/13/2011,0.679
3/14/2011,0.666
3/15/2011,0.647
3/16/2011,0.665
3/17/2011,0.69
3/18/2011,0.705
3/19/2011,0.671
3/20/2011,0.735
3/21/2011,0.74
3/22/2011,0.885
3/23/2011,0.727
3/24/2011,0.691
3/25/2011,0.672
3/26/2011,0.723
3/27/2011,0.723
3/28/2011,0.767
3/29/2011,0.74
3/30/2011,0.83
3/31/2011,0.88
4/1/2011,0.84
4/2/2011,0.84
4/3/2011,0.8
4/4/2011,0.78
4/5/2011,0.78
4/6/2011,0.78
4/7/2011,0.86
4/8/2011,0.78
4/9/2011,0.79
4/10/2011,0.77
4/11/2011,0.77
4/12/2011,0.81
4/13/2011,0.9
4/14/2011,0.86
4/15/2011,0.82
4/16/2011,0.82
4/17/2011,0.85
4/18/2011,0.86
4/19/2011,0.89
4/20/2011,0.9
4/21/2011,0.93
4/22/2011,0.8
4/23/2011,0.8
4/24/2011,0.81
4/25/2011,0.8
4/26/2011,0.78
4/27/2011,0.81
4/28/2011,0.82
4/29/2011,0.92
4/30/2011,0.81
5/1/2011,0.78
5/2/2011,0.83
5/3/2011,0.89
5/4/2011,0.81
5/5/2011,0.87
5/6/2011,0.87
5/7/2011,0.9
5/8/2011,0.91
5/9/2011,0.92
5/10/2011,0.76
5/11/2011,0.76
5/12/2011,0.89
5/13/2011,0.84
5/14/2011,0.79
5/15/2011,0.79
5/16/2011,0.8
5/17/2011,0.78
5/18/2011,0.88
5/19/2011,0.9
5/20/2011,0.89
5/21/2011,0.88
5/22/2011,0.85
5/23/2011,0.9
5/24/2011,0.86
5/25/2011,0.8
5/26/2011,0.8
5/27/2011,0.81
5/28/2011,0.83
5/29/2011,0.82
5/30/2011,0.8
5/31/2011,0.81
6/1/2011,0.88
6/2/2011,0.89
6/3/2011,0.81
6/4/2011,0.78
6/5/2011,0.81
6/6/2011,0.87
6/7/2011,0.78
6/8/2011,0.76
6/9/2011,0.79
6/10/2011,0.91
6/11/2011,0.87
6/12/2011,0.88
6/13/2011,0.87
6/14/2011,0.77
6/15/2011,0.81
6/16/2011,0.82
6/17/2011,0.8
6/18/2011,0.78
6/19/2011,0.79
6/20/2011,0.78
6/21/2011,0.92
6/22/2011,0.82
6/23/2011,0.78
6/24/2011,0.79
6/25/2011,0.76
6/26/2011,0.82
6/27/2011,0.77
6/28/2011,0.84
6/29/2011,0.85
6/30/2011,0.81
7/1/2011,0.73
7/2/2011,0.76
7/3/2011,0.75
7/4/2011,0.75
7/5/2011,0.82
7/6/2011,0.86
7/7/2011,0.77
7/8/2011,0.82
7/9/2011,0.77
7/10/2011,0.81
7/11/2011,0.78
7/12/2011,0.87
7/13/2011,0.77
7/14/2011,0.78
7/15/2011,0.72
7/16/2011,0.68
7/17/2011,0.81
7/18/2011,0.79
7/19/2011,0.75
7/20/2011,0.88
7/21/2011,0.8
7/22/2011,0.74
7/23/2011,0.75
7/24/2011,0.84
7/25/2011,0.83
7/26/2011,0.78
7/27/2011,0.8
7/28/2011,0.81
7/29/2011,0.78
7/30/2011,0.79
7/31/2011,0.8
8/1/2011,0.76
8/2/2011,0.78
8/3/2011,0.88
8/4/2011,0.9
8/5/2011,0.77
8/6/2011,0.72
8/7/2011,0.83
8/8/2011,0.81
8/9/2011,0.8
8/10/2011,0.89
8/11/2011,0.84
8/12/2011,0.73
8/13/2011,0.78
8/14/2011,0.8
8/15/2011,0.76
8/16/2011,0.82
8/17/2011,0.85
8/18/2011,0.76
8/19/2011,0.84
8/20/2011,0.76
8/21/2011,0.76
8/22/2011,0.8
8/23/2011,0.71
8/24/2011,0.83
8/25/2011,0.84
8/26/2011,0.89
8/27/2011,0.86
8/28/2011,0.86
8/29/2011,0.79
8/30/2011,0.84
8/31/2011,0.91
9/1/2011,0.84
9/2/2011,0.77
9/3/2011,0.78
9/4/2011,0.89
9/5/2011,0.89
9/6/2011,0.8
9/7/2011,0.81
9/8/2011,0.85
9/9/2011,0.79
9/10/2011,0.86
9/11/2011,0.78
9/12/2011,0.75
9/13/2011,0.75
9/14/2011,0.77
9/15/2011,0.83
9/16/2011,0.75
9/17/2011,0.77
9/18/2011,0.72
9/19/2011,0.66
9/20/2011,0.82
9/21/2011,0.85
9/22/2011,0.81
9/23/2011,0.81
9/24/2011,0.88
9/25/2011,0.82
9/26/2011,0.74
9/27/2011,0.75
9/28/2011,0.74
9/29/2011,0.83
9/30/2011,0.75
10/1/2011,0.88
10/2/2011,0.73
10/3/2011,0.74
10/4/2011,0.84
10/5/2011,0.79
10/6/2011,0.83
10/7/2011,0.74
10/8/2011,0.84
10/9/2011,0.74
10/10/2011,0.74
10/11/2011,0.74
10/12/2011,0.74
10/13/2011,0.79
10/14/2011,0.79
10/15/2011,0.89
10/16/2011,0.79
10/17/2011,0.82
10/18/2011,0.86
10/19/2011,0.84
10/20/2011,0.92
10/21/2011,0.94
10/22/2011,0.82
10/23/2011,0.81
10/24/2011,0.94
10/25/2011,0.79
10/26/2011,0.89
10/27/2011,0.89
10/28/2011,0.79
10/29/2011,0.94
10/30/2011,0.94
10/31/2011,0.94
11/1/2011,0.94
11/2/2011,0.79
11/3/2011,0.79
11/4/2011,0.79
11/5/2011,0.74
11/6/2011,0.89
11/7/2011,0.79
11/8/2011,0.79
11/9/2011,0.87
11/10/2011,0.94
11/11/2011,0.79
11/12/2011,0.79
11/13/2011,0.79
11/14/2011,0.79
11/15/2011,0.79
11/16/2011,0.79
11/17/2011,0.79
11/18/2011,0.79
11/19/2011,0.79
11/20/2011,0.79
11/21/2011,0.89
11/22/2011,0.84
11/23/2011,0.79
11/24/2011,0.79
11/25/2011,0.84
11/26/2011,0.79
11/27/2011,0.94
11/28/2011,0.79
11/29/2011,0.82
11/30/2011,0.84
12/1/2011,0.79
12/2/2011,0.79
12/3/2011,0.79
12/4/2011,0.79
12/5/2011,0.79
12/6/2011,0.79
12/7/2011,0.83
12/8/2011,0.79
12/9/2011,0.74
12/10/2011,0.79
12/11/2011,0.79
12/12/2011,0.79
12/13/2011,0.79
12/14/2011,0.79
12/15/2011,0.84
12/16/2011,0.79
12/17/2011,0.79
12/18/2011,0.77
12/19/2011,0.79
12/20/2011,0.79
12/21/2011,0.79
12/22/2011,0.79
12/23/2011,0.79
12/24/2011,0.79
12/25/2011,0.79
12/26/2011,0.79
12/27/2011,0.79
12/28/2011,0.89
12/29/2011,0.89
12/30/2011,0.89
12/31/2011,0.89
1/1/2012,0.89
1/2/2012,0.89
1/3/2012,0.89
1/4/2012,0.74
1/5/2012,0.74
1/6/2012,0.79
1/7/2012,0.74
1/8/2012,0.79
1/9/2012,0.84
1/10/2012,0.89
1/11/2012,0.84
1/12/2012,0.87
1/13/2012,0.89
1/14/2012,0.74
1/15/2012,0.89
1/16/2012,0.84
1/17/2012,0.89
1/18/2012,0.83
1/19/2012,0.79
1/20/2012,0.86
1/21/2012,0.74
1/22/2012,0.79
1/23/2012,0.79
1/24/2012,0.85
1/25/2012,0.76
1/26/2012,0.89
1/27/2012,0.89
1/28/2012,0.823
1/29/2012,0.835
1/30/2012,0.795
1/31/2012,0.787
2/1/2012,0.885
2/2/2012,0.874
2/3/2012,0.878
2/4/2012,0.833
2/5/2012,0.867
2/6/2012,0.856
2/7/2012,0.824
2/8/2012,0.759
2/9/2012,0.736
2/10/2012,0.75
2/11/2012,0.769
2/12/2012,0.77
2/13/2012,0.825
2/14/2012,0.813
2/15/2012,0.818
2/16/2012,0.826
2/17/2012,0.841
2/18/2012,0.864
2/19/2012,0.864
2/20/2012,0.869
2/21/2012,0.863
2/22/2012,0.866
2/23/2012,0.891
2/24/2012,0.868
2/25/2012,0.646
2/26/2012,0.827
2/27/2012,0.853
2/28/2012,0.829
2/29/2012,0.838
3/1/2012,0.79
3/2/2012,0.82
3/3/2012,0.77
3/4/2012,0.82
3/5/2012,0.92
3/6/2012,0.82
3/7/2012,0.828
3/8/2012,0.879
3/9/2012,0.887
3/10/2012,0.851
3/11/2012,0.831
3/12/2012,0.855
3/13/2012,0.864
3/14/2012,0.866
3/15/2012,0.897
3/16/2012,0.925
3/17/2012,0.897
3/18/2012,0.884
3/19/2012,0.871
3/20/2012,0.923
3/21/2012,0.886
3/22/2012,0.833
3/23/2012,0.862
3/24/2012,0.857
3/25/2012,0.878
3/26/2012,0.887
3/27/2012,0.94
3/28/2012,0.89
3/29/2012,0.84
3/30/2012,0.89
3/31/2012,0.89
4/1/2012,0.94
4/2/2012,0.79
4/3/2012,0.94
4/4/2012,0.94
4/5/2012,0.89
4/6/2012,0.94
4/7/2012,0.89
4/8/2012,0.79
4/9/2012,0.92
4/10/2012,0.73
4/11/2012,0.76
4/12/2012,0.89
4/13/2012,0.92
4/14/2012,0.89
4/15/2012,0.89
4/16/2012,0.79
4/17/2012,0.87
4/18/2012,0.87
4/19/2012,0.89
4/20/2012,0.81
4/21/2012,0.84
4/22/2012,0.94
4/23/2012,0.87
4/24/2012,0.89
4/25/2012,0.79
4/26/2012,0.84
4/27/2012,0.82
4/28/2012,0.84
4/29/2012,0.94
4/30/2012,0.94
5/1/2012,0.94
5/2/2012,0.89
5/3/2012,0.89
5/4/2012,0.94
5/5/2012,0.92
5/6/2012,1
5/7/2012,0.97
5/8/2012,0.94
5/9/2012,0.79
5/10/2012,0.84
5/11/2012,0.94
5/12/2012,0.79
5/13/2012,0.84
5/14/2012,0.84
5/15/2012,0.84
5/16/2012,0.94
5/17/2012,0.89
5/18/2012,0.82
5/19/2012,0.79
5/20/2012,0.94
5/21/2012,0.85
5/22/2012,0.94
5/23/2012,0.89
5/24/2012,0.92
5/25/2012,0.94
5/26/2012,0.89
5/27/2012,0.83
5/28/2012,0.79
5/29/2012,0.94
5/30/2012,0.89
5/31/2012,0.89
6/1/2012,0.89
6/2/2012,0.7
6/3/2012,0.92
6/4/2012,0.92
6/5/2012,0.87
6/6/2012,0.89
6/7/2012,0.89
6/8/2012,0.84
6/9/2012,0.84
6/10/2012,0.79
6/11/2012,0.89
6/12/2012,0.84
6/13/2012,0.87
6/14/2012,0.84
6/15/2012,0.94
6/16/2012,0.84
6/17/2012,0.84
6/18/2012,0.84
6/19/2012,0.79
6/20/2012,0.79
6/21/2012,0.79
6/22/2012,0.79
6/23/2012,0.74
6/24/2012,0.84
6/25/2012,0.74
6/26/2012,0.63
6/27/2012,0.62
6/28/2012,0.7
6/29/2012,0.72
6/30/2012,0.74
7/1/2012,0.73
7/2/2012,0.75
7/3/2012,0.79
7/4/2012,0.81
7/5/2012,0.74
7/6/2012,0.7
7/7/2012,0.86
7/8/2012,0.84
7/9/2012,0.79
7/10/2012,0.77
7/11/2012,0.72
7/12/2012,0.89
7/13/2012,0.83
7/14/2012,0.81
7/15/2012,0.74
7/16/2012,0.74
7/17/2012,0.83
7/18/2012,0.82
7/19/2012,0.84
7/20/2012,0.854
7/21/2012,0.86
7/22/2012,0.841
7/23/2012,0.856
7/24/2012,0.824
7/25/2012,0.841
7/26/2012,0.88
7/27/2012,0.928
7/28/2012,0.913
7/29/2012,0.901
7/30/2012,0.841
7/31/2012,0.789
8/1/2012,0.803
8/2/2012,0.745
8/3/2012,0.782
8/4/2012,0.834
8/5/2012,0.863
8/6/2012,0.83
8/7/2012,0.874
8/8/2012,0.843
8/9/2012,0.852
8/10/2012,0.888
8/11/2012,0.851
8/12/2012,0.825
8/13/2012,0.796
8/14/2012,0.827
8/15/2012,0.804
8/16/2012,0.79
8/17/2012,0.74
8/18/2012,0.74
8/19/2012,0.74
8/20/2012,0.67
8/21/2012,0.69
8/22/2012,0.74
8/23/2012,0.79
8/24/2012,0.79
8/25/2012,0.79
8/26/2012,0.84
8/27/2012,0.79
8/28/2012,0.84
8/29/2012,0.89
8/30/2012,0.833
8/31/2012,0.828
9/1/2012,0.856
9/2/2012,0.883
9/3/2012,0.808
9/4/2012,0.699
9/5/2012,0.785
9/6/2012,0.801
9/7/2012,0.813
9/8/2012,0.864
9/9/2012,0.799
9/10/2012,0.822
9/11/2012,0.793
9/12/2012,0.782
9/13/2012,0.759
9/14/2012,0.8
9/15/2012,0.822
9/16/2012,0.843
9/17/2012,0.819
9/18/2012,0.771
9/19/2012,0.789
9/20/2012,0.804
9/21/2012,0.794
9/22/2012,0.831
9/23/2012,0.859
9/24/2012,0.779
9/25/2012,0.78
9/26/2012,0.815
9/27/2012,0.8
9/28/2012,0.797
9/29/2012,0.877
9/30/2012,0.84
10/1/2012,0.874
10/2/2012,0.78
10/3/2012,0.791
10/4/2012,0.81
10/5/2012,0.786
10/6/2012,0.794
10/7/2012,0.82
10/8/2012,0.851
10/9/2012,0.795
10/10/2012,0.757
10/11/2012,0.731
10/12/2012,0.733
10/13/2012,0.798
10/14/2012,0.782
10/15/2012,0.746
10/16/2012,0.795
10/17/2012,0.88
10/18/2012,0.756
10/19/2012,0.719
10/20/2012,0.789
10/21/2012,0.808
10/22/2012,0.803
10/23/2012,0.785
10/24/2012,0.787
10/25/2012,0.785
10/26/2012,0.852
10/27/2012,0.843
10/28/2012,0.746
10/29/2012,0.741
10/30/2012,0.795
10/31/2012,0.772
11/1/2012,0.806
11/2/2012,0.882
11/3/2012,0.808
11/4/2012,0.8
11/5/2012,0.886
11/6/2012,0.896
11/7/2012,0.878
11/8/2012,0.794
11/9/2012,0.871
11/10/2012,0.847
11/11/2012,0.818
11/12/2012,0.798
11/13/2012,0.79
11/14/2012,0.775
11/15/2012,0.874
11/16/2012,0.819
11/17/2012,0.868
11/18/2012,0.819
11/19/2012,0.795
11/20/2012,0.772
11/21/2012,0.78
11/22/2012,0.748
11/23/2012,0.735
11/24/2012,0.772
11/25/2012,0.815
11/26/2012,0.755
11/27/2012,0.737
11/28/2012,0.708
11/29/2012,0.762
11/30/2012,0.758
12/1/2012,0.838
12/2/2012,0.864
12/3/2012,0.848
12/4/2012,0.858
12/5/2012,0.817
12/6/2012,0.836
12/7/2012,0.823
12/8/2012,0.793
12/9/2012,0.813
12/10/2012,0.826
12/11/2012,0.77
12/12/2012,0.909
12/13/2012,0.905
12/14/2012,0.848
12/15/2012,0.883
12/16/2012,0.827
12/17/2012,0.855
12/18/2012,0.777
12/19/2012,0.766
12/20/2012,0.73
12/21/2012,0.7
12/22/2012,0.765
12/23/2012,0.715
12/24/2012,0.738
12/25/2012,0.745
12/26/2012,0.807
12/27/2012,0.764
12/28/2012,0.808
12/29/2012,0.84
12/30/2012,0.803
12/31/2012,0.85
1/1/2013,0.895
1/2/2013,0.855
1/3/2013,0.81
1/4/2013,0.829
1/5/2013,0.806
1/6/2013,0.838
1/7/2013,0.777
1/8/2013,0.731
1/9/2013,0.804
1/10/2013,0.893
1/11/2013,0.869
1/12/2013,0.883
1/13/2013,0.893
1/14/2013,0.883
1/15/2013,0.92
1/16/2013,0.871
1/17/2013,0.873
1/18/2013,0.835
1/19/2013,0.773
1/20/2013,0.893
1/21/2013,0.839
1/22/2013,0.854
1/23/2013,0.813
1/24/2013,0.769
1/25/2013,0.764
1/26/2013,0.799
1/27/2013,0.812
1/28/2013,0.9
1/29/2013,0.899
1/30/2013,0.92
1/31/2013,0.906
2/1/2013,0.852
2/2/2013,0.88
2/3/2013,0.877
2/4/2013,0.872
2/5/2013,0.83
2/6/2013,0.84
2/7/2013,0.823
2/8/2013,0.861
2/9/2013,0.827
2/10/2013,0.794
2/11/2013,0.785
2/12/2013,0.858
2/13/2013,0.774
2/14/2013,0.79
2/15/2013,0.834
2/16/2013,0.832
2/17/2013,0.829
2/18/2013,0.792
2/19/2013,0.822
2/20/2013,0.847
2/21/2013,0.778
2/22/2013,0.792
2/23/2013,0.776
2/24/2013,0.776
2/25/2013,0.78
2/26/2013,0.751
2/27/2013,0.782
2/28/2013,0.794
3/1/2013,0.745
3/2/2013,0.746
3/3/2013,0.746
3/4/2013,0.742
3/5/2013,0.84
3/6/2013,0.896
3/7/2013,0.889
3/8/2013,0.895
3/9/2013,0.796
3/10/2013,0.78
3/11/2013,0.831
3/12/2013,0.791
3/13/2013,0.778
3/14/2013,0.802
3/15/2013,0.82
3/16/2013,0.784
3/17/2013,0.794
3/18/2013,0.76
3/19/2013,0.801
3/20/2013,0.802
3/21/2013,0.841
3/22/2013,0.844
3/23/2013,0.79
3/24/2013,0.814
3/25/2013,0.768
3/26/2013,0.771
3/27/2013,0.884
3/28/2013,0.831
3/29/2013,0.807
3/30/2013,0.78
3/31/2013,0.743
4/1/2013,0.731
4/2/2013,0.728
4/3/2013,0.771
4/4/2013,0.786
4/5/2013,0.763
4/6/2013,0.756
4/7/2013,0.748
4/8/2013,0.714
4/9/2013,0.723
4/10/2013,0.798
4/11/2013,0.741
4/12/2013,0.789
4/13/2013,0.765
4/14/2013,0.845
4/15/2013,0.815
4/16/2013,0.87
4/17/2013,0.931
4/18/2013,0.83
4/19/2013,0.807
4/20/2013,0.847
4/21/2013,0.798
4/22/2013,0.744
4/23/2013,0.836
4/24/2013,0.864
4/25/2013,0.795
4/26/2013,0.799
4/27/2013,0.801
4/28/2013,0.834
4/29/2013,0.835
4/30/2013,0.849
5/1/2013,0.898
5/2/2013,0.828
5/3/2013,0.806
5/4/2013,0.683
5/5/2013,0.665
5/6/2013,0.639
5/7/2013,0.768
5/8/2013,0.785
5/9/2013,0.758
5/10/2013,0.775
5/11/2013,0.908
5/12/2013,0.906
5/13/2013,0.859
5/14/2013,0.833
5/15/2013,0.847
5/16/2013,0.838
5/17/2013,0.844
5/18/2013,0.805
5/19/2013,0.834
5/20/2013,0.813
5/21/2013,0.768
5/22/2013,0.744
5/23/2013,0.799
5/24/2013,0.81
5/25/2013,0.779
5/26/2013,0.778
5/27/2013,0.826
5/28/2013,0.779
5/29/2013,0.807
5/30/2013,0.814
5/31/2013,0.788
6/1/2013,0.772
6/2/2013,0.824
6/3/2013,0.814
6/4/2013,0.808
6/5/2013,0.864
6/6/2013,0.849
6/7/2013,0.747
6/8/2013,0.759
6/9/2013,0.77
6/10/2013,0.819
6/11/2013,0.813
6/12/2013,0.803
6/13/2013,0.806
6/14/2013,0.815
6/15/2013,0.817
6/16/2013,0.864
6/17/2013,0.796
6/18/2013,0.777
6/19/2013,0.79
6/20/2013,0.767
6/21/2013,0.756
6/22/2013,0.73
6/23/2013,0.798
6/24/2013,0.882
6/25/2013,0.853
6/26/2013,0.848
6/27/2013,0.733
6/28/2013,0.754
6/29/2013,0.848
6/30/2013,0.78
7/1/2013,0.806
7/2/2013,0.849
7/3/2013,0.759
7/4/2013,0.709
7/5/2013,0.753
7/6/2013,0.775
7/7/2013,0.77
7/8/2013,0.805
7/9/2013,0.8
7/10/2013,0.805
7/11/2013,0.844
7/12/2013,0.807
7/13/2013,0.854
7/14/2013,0.84
7/15/2013,0.824
7/16/2013,0.819
7/17/2013,0.827
7/18/2013,0.847
7/19/2013,0.813
7/20/2013,0.865
7/21/2013,0.83
7/22/2013,0.772
7/23/2013,0.771
7/24/2013,0.773
7/25/2013,0.767
7/26/2013,0.749
7/27/2013,0.78
7/28/2013,0.85
7/29/2013,0.79
7/30/2013,0.798
7/31/2013,0.804
8/1/2013,0.835
8/2/2013,0.877
8/3/2013,0.787
8/4/2013,0.817
8/5/2013,0.815
8/6/2013,0.84
8/7/2013,0.693
8/8/2013,0.676
8/9/2013,0.728
8/10/2013,0.867
8/11/2013,0.848
8/12/2013,0.771
8/13/2013,0.761
8/14/2013,0.742
8/15/2013,0.77
8/16/2013,0.865
8/17/2013,0.94
8/18/2013,0.885
8/19/2013,0.866
8/20/2013,0.891
8/21/2013,0.83
8/22/2013,0.785
8/23/2013,0.778
8/24/2013,0.787
8/25/2013,0.805
8/26/2013,0.822
8/27/2013,0.783
8/28/2013,0.77
8/29/2013,0.75
8/30/2013,0.744
8/31/2013,0.778
9/1/2013,0.882
9/2/2013,0.843
9/3/2013,0.833
9/4/2013,0.793
9/5/2013,0.764
9/6/2013,0.774
9/7/2013,0.814
9/8/2013,0.87
9/9/2013,0.828
9/10/2013,0.788
9/11/2013,0.738
9/12/2013,0.725
9/13/2013,0.776
9/14/2013,0.768
9/15/2013,0.76
9/16/2013,0.778
9/17/2013,0.838
9/18/2013,0.793
9/19/2013,0.786
9/20/2013,0.725
9/21/2013,0.767
9/22/2013,0.824
9/23/2013,0.743
9/24/2013,0.716
9/25/2013,0.685
9/26/2013,0.629
9/27/2013,0.692
9/28/2013,0.709
9/29/2013,0.823
9/30/2013,0.786
10/1/2013,0.828
10/2/2013,0.805
10/3/2013,0.85
10/4/2013,0.753
10/5/2013,0.751
10/6/2013,0.781
10/7/2013,0.779
10/8/2013,0.765
10/9/2013,0.767
10/10/2013,0.776
10/11/2013,0.853
10/12/2013,0.8
10/13/2013,0.79
10/14/2013,0.753
10/15/2013,0.77
10/16/2013,0.808
10/17/2013,0.763
10/18/2013,0.737
10/19/2013,0.821
10/20/2013,0.82
10/21/2013,0.673
10/22/2013,0.731
10/23/2013,0.73
10/24/2013,0.717
10/25/2013,0.712
10/26/2013,0.664
10/27/2013,0.665
10/28/2013,0.68
10/29/2013,0.767
10/30/2013,0.823
10/31/2013,0.845
11/1/2013,0.737
11/2/2013,0.816
11/3/2013,0.722
11/4/2013,0.673
11/5/2013,0.701
11/6/2013,0.689
11/7/2013,0.676
11/8/2013,0.745
11/9/2013,0.833
11/10/2013,0.843
11/11/2013,0.82
11/12/2013,0.753
11/13/2013,0.795
11/14/2013,0.805
11/15/2013,0.693
11/16/2013,0.735
11/17/2013,0.776
11/18/2013,0.814
11/19/2013,0.735
11/20/2013,0.772
11/21/2013,0.812
11/22/2013,0.78
11/23/2013,0.805
11/24/2013,0.81
11/25/2013,0.796
11/26/2013,0.75
11/27/2013,0.745
11/28/2013,0.815
11/29/2013,0.769
11/30/2013,0.815
12/1/2013,0.868
12/2/2013,0.809
12/3/2013,0.753
12/4/2013,0.848
12/5/2013,0.852
12/6/2013,0.8
12/7/2013,0.865
12/8/2013,0.766
12/9/2013,0.816
12/10/2013,0.885
12/11/2013,0.835
12/12/2013,0.85
12/13/2013,0.803
12/14/2013,0.778
12/15/2013,0.805
12/16/2013,0.756
12/17/2013,0.731
12/18/2013,0.73
12/19/2013,0.707
12/20/2013,0.754
12/21/2013,0.758
12/22/2013,0.758
12/23/2013,0.754
12/24/2013,0.796
12/25/2013,0.793
12/26/2013,0.742
12/27/2013,0.75
12/28/2013,0.701
12/29/2013,0.708
12/30/2013,0.73
12/31/2013,0.775
1/1/2014,0.905
1/2/2014,0.888
1/3/2014,0.886
1/4/2014,0.857
1/5/2014,0.864
1/6/2014,0.883
1/7/2014,0.891
1/8/2014,0.858
1/9/2014,0.893
1/10/2014,0.862
1/11/2014,0.866
1/12/2014,0.812
1/13/2014,0.82
1/14/2014,0.802
1/15/2014,0.768
1/16/2014,0.785
1/17/2014,0.82
1/18/2014,0.774
1/19/2014,0.748
1/20/2014,0.703
1/21/2014,0.738
1/22/2014,0.726
1/23/2014,0.705
1/24/2014,0.718
1/25/2014,0.843
1/26/2014,0.82
1/27/2014,0.789
1/28/2014,0.783
1/29/2014,0.777
1/30/2014,0.8
1/31/2014,0.805
2/1/2014,0.793
2/2/2014,0.787
2/3/2014,0.768
2/4/2014,0.733
2/5/2014,0.693
2/6/2014,0.671
2/7/2014,0.715
2/8/2014,0.702
2/9/2014,0.779
2/10/2014,0.776
2/11/2014,0.728
2/12/2014,0.718
2/13/2014,0.738
2/14/2014,0.765
2/15/2014,0.801
2/16/2014,0.781
2/17/2014,0.798
2/18/2014,0.799
2/19/2014,0.835
2/20/2014,0.748
2/21/2014,0.775
2/22/2014,0.793
2/23/2014,0.772
2/24/2014,0.78
2/25/2014,0.839
2/26/2014,0.866
2/27/2014,0.835
2/28/2014,0.823
3/1/2014,0.785
3/2/2014,0.837
3/3/2014,0.78
3/4/2014,0.802
3/5/2014,0.791
3/6/2014,0.766
3/7/2014,0.822
3/8/2014,0.781
3/9/2014,0.762
3/10/2014,0.815
3/11/2014,0.763
3/12/2014,0.786
3/13/2014,0.758
3/14/2014,0.798
3/15/2014,0.835
3/16/2014,0.746
3/17/2014,0.71
3/18/2014,0.764
3/19/2014,0.759
3/20/2014,0.74
3/21/2014,0.726
3/22/2014,0.727
3/23/2014,0.705
3/24/2014,0.769
3/25/2014,0.763
3/26/2014,0.679
3/27/2014,0.669
3/28/2014,0.717
3/29/2014,0.778
3/30/2014,0.7
3/31/2014,0.685
4/1/2014,0.777
4/2/2014,0.842
4/3/2014,0.749
4/4/2014,0.772
4/5/2014,0.715
4/6/2014,0.767
4/7/2014,0.803
4/8/2014,0.805
4/9/2014,0.81
4/10/2014,0.865
4/11/2014,0.798
4/12/2014,0.773
4/13/2014,0.779
4/14/2014,0.749
4/15/2014,0.753
4/16/2014,0.781
4/17/2014,0.808
4/18/2014,0.792
4/19/2014,0.823
4/20/2014,0.838
4/21/2014,0.708
4/22/2014,0.686
4/23/2014,0.711
4/24/2014,0.728
4/25/2014,0.815
4/26/2014,0.858
4/27/2014,0.858
4/28/2014,0.853
4/29/2014,0.891
4/30/2014,0.831
5/1/2014,0.857
5/2/2014,0.753
5/3/2014,0.755
5/4/2014,0.725
5/5/2014,0.61
5/6/2014,0.648
5/7/2014,0.687
5/8/2014,0.658
5/9/2014,0.718
5/10/2014,0.753
5/11/2014,0.822
5/12/2014,0.739
5/13/2014,0.813
5/14/2014,0.783
5/15/2014,0.745
5/16/2014,0.736
5/17/2014,0.763
5/18/2014,0.768
5/19/2014,0.779
5/20/2014,0.817
5/21/2014,0.784
5/22/2014,0.833
5/23/2014,0.814
5/24/2014,0.829
5/25/2014,0.835
5/26/2014,0.812
5/27/2014,0.794
5/28/2014,0.792
5/29/2014,0.859
5/30/2014,0.835
5/31/2014,0.79
6/1/2014,0.808
6/2/2014,0.774
6/3/2014,0.786
6/4/2014,0.807
6/5/2014,0.808
6/6/2014,0.859
6/7/2014,0.813
6/8/2014,0.792
6/9/2014,0.657
6/10/2014,0.671
6/11/2014,0.698
6/12/2014,0.84
6/13/2014,0.789
6/14/2014,0.826
6/15/2014,0.79
6/16/2014,0.8
6/17/2014,0.829
6/18/2014,0.77
6/19/2014,0.741
6/20/2014,0.764
6/21/2014,0.806
6/22/2014,0.755
6/23/2014,0.794
6/24/2014,0.827
6/25/2014,0.78
6/26/2014,0.71
6/27/2014,0.91
6/28/2014,0.81
6/29/2014,0.78
6/30/2014,0.78
7/1/2014,0.69
7/2/2014,0.75
7/3/2014,0.96
7/4/2014,0.94
7/5/2014,0.82
7/6/2014,0.88
7/7/2014,0.94
7/8/2014,0.78
7/9/2014,0.82
7/10/2014,0.87
7/11/2014,0.68
7/12/2014,0.82
7/13/2014,0.81
7/14/2014,0.92
7/15/2014,0.78
7/16/2014,0.9
7/17/2014,0.91
7/18/2014,0.86
7/19/2014,0.83
7/20/2014,0.8
7/21/2014,0.84
7/22/2014,0.84
7/23/2014,0.75
7/24/2014,0.91
7/25/2014,0.82
7/26/2014,0.65
7/27/2014,0.75
7/28/2014,0.81
7/29/2014,0.88
7/30/2014,0.92
7/31/2014,0.96
8/1/2014,0.95
8/2/2014,0.87
8/3/2014,0.85
8/4/2014,0.82
8/5/2014,0.84
8/6/2014,0.88
8/7/2014,0.91
8/8/2014,0.85
8/9/2014,0.82
8/10/2014,0.88
8/11/2014,0.84
8/12/2014,0.9
8/13/2014,0.87
8/14/2014,0.9
8/15/2014,0.91
8/16/2014,0.86
8/17/2014,0.87
8/18/2014,0.9
8/19/2014,0.92
8/20/2014,0.91
8/21/2014,0.84
8/22/2014,0.86
8/23/2014,0.77
8/24/2014,0.77
8/25/2014,0.7
8/26/2014,0.78
8/27/2014,0.84
8/28/2014,0.83
8/29/2014,0.74
8/30/2014,0.75
8/31/2014,0.78
9/1/2014,0.9
9/2/2014,0.79
9/3/2014,0.84
9/4/2014,0.81
9/5/2014,0.77
9/6/2014,0.81
9/7/2014,0.89
9/8/2014,0.85
9/9/2014,0.85
9/10/2014,0.89
9/11/2014,0.84
9/12/2014,0.83
9/13/2014,0.9
9/14/2014,0.84
9/15/2014,0.96
9/16/2014,0.92
9/17/2014,0.89
9/18/2014,0.84
9/19/2014,0.81
9/20/2014,0.84
9/21/2014,0.86
9/22/2014,0.84
9/23/2014,0.96
9/24/2014,0.95
9/25/2014,0.94
9/26/2014,0.87
9/27/2014,0.93
9/28/2014,0.86
9/29/2014,0.91
9/30/2014,0.86
10/1/2014,0.82
10/2/2014,0.86
10/3/2014,0.88
10/4/2014,0.85
10/5/2014,0.86
10/6/2014,0.84
10/7/2014,0.83
10/8/2014,0.8
10/9/2014,0.83
10/10/2014,0.84
10/11/2014,0.87
10/12/2014,0.82
10/13/2014,0.87
10/14/2014,0.88
10/15/2014,0.84
10/16/2014,0.772
10/17/2014,0.68
10/18/2014,0.71
10/19/2014,0.659
10/20/2014,0.683
10/21/2014,0.642
10/22/2014,0.657
10/23/2014,0.682
10/24/2014,0.85
10/25/2014,0.93
10/26/2014,0.88
10/27/2014,0.83
10/28/2014,0.93
10/29/2014,0.88
10/30/2014,0.9
10/31/2014,0.87
11/1/2014,0.88
11/2/2014,0.93
11/3/2014,0.9
11/4/2014,0.9
11/5/2014,0.83
11/6/2014,0.75
11/7/2014,0.76
11/8/2014,0.79
11/9/2014,0.93
11/10/2014,0.85
11/11/2014,0.84
11/12/2014,0.9
11/13/2014,0.87
11/14/2014,0.76
11/15/2014,0.85
11/16/2014,0.9
11/17/2014,0.86
11/18/2014,0.86
11/19/2014,0.89
11/20/2014,0.8
11/21/2014,0.79
11/22/2014,0.79
11/23/2014,0.89
11/24/2014,0.89
11/25/2014,0.94
11/26/2014,0.79
11/27/2014,0.83
11/28/2014,0.89
11/29/2014,0.91
11/30/2014,0.8
12/1/2014,0.83
12/2/2014,0.82
12/3/2014,0.75
12/4/2014,0.86
12/5/2014,0.91
12/6/2014,0.85
12/7/2014,0.88
12/8/2014,0.79
12/9/2014,0.78
12/10/2014,0.77
12/11/2014,0.84
12/12/2014,0.89
12/13/2014,0.84
12/14/2014,0.71
12/15/2014,0.85
12/16/2014,0.88
12/17/2014,0.87
12/18/2014,0.83
12/19/2014,0.9
12/20/2014,0.88
12/21/2014,0.91
12/22/2014,0.88
12/23/2014,0.81
12/24/2014,0.77
12/25/2014,0.76
12/26/2014,0.88
12/27/2014,0.9
12/28/2014,0.88
12/29/2014,0.89
12/30/2014,0.83
12/31/2014,0.84
1/1/2015,0.86
1/2/2015,0.91
1/3/2015,0.91
1/4/2015,0.87
1/5/2015,0.93
1/6/2015,0.94
1/7/2015,0.94
1/8/2015,0.94
1/9/2015,0.9
1/10/2015,0.92
1/11/2015,0.9
1/12/2015,0.93
1/13/2015,0.9
1/14/2015,0.94
1/15/2015,0.88
1/16/2015,0.87
1/17/2015,0.94
1/18/2015,0.77
1/19/2015,0.8
1/20/2015,0.89
1/21/2015,0.95
1/22/2015,0.85
1/23/2015,0.81
1/24/2015,0.8
1/25/2015,0.91
1/26/2015,0.81
1/27/2015,0.85
1/28/2015,0.76
1/29/2015,0.93
1/30/2015,0.8
1/31/2015,0.83
2/1/2015,0.93
2/2/2015,0.87
2/3/2015,0.93
2/4/2015,0.83
2/5/2015,0.81
2/6/2015,0.8
2/7/2015,0.92
2/8/2015,0.86
2/9/2015,0.92
2/10/2015,0.87
2/11/2015,0.88
2/12/2015,0.89
2/13/2015,0.87
2/14/2015,0.83
2/15/2015,0.83
2/16/2015,0.85
2/17/2015,0.83
2/18/2015,0.87
2/19/2015,0.87
2/20/2015,0.76
2/21/2015,0.84
2/22/2015,0.84
2/23/2015,0.86
2/24/2015,0.81
2/25/2015,0.87
2/26/2015,0.86
2/27/2015,0.84
2/28/2015,0.91
3/1/2015,0.81
3/2/2015,0.88
3/3/2015,0.85
3/4/2015,0.85
3/5/2015,0.92
3/6/2015,0.91
3/7/2015,0.85
3/8/2015,0.86
3/9/2015,0.88
3/10/2015,0.94
3/11/2015,0.88
3/12/2015,0.78
3/13/2015,0.81
3/14/2015,0.86
3/15/2015,0.93
3/16/2015,0.89
3/17/2015,0.94
3/18/2015,0.91
3/19/2015,0.82
3/20/2015,0.83
3/21/2015,0.81
3/22/2015,0.81
3/23/2015,0.84
3/24/2015,0.86
3/25/2015,0.86
3/26/2015,0.87
3/27/2015,0.93
3/28/2015,0.87
3/29/2015,0.9
3/30/2015,0.93
3/31/2015,0.93
4/1/2015,0.91
4/2/2015,0.78
4/3/2015,0.93
4/4/2015,0.75
4/5/2015,0.94
4/6/2015,0.87
4/7/2015,0.78
4/8/2015,0.67
4/9/2015,0.71
4/10/2015,0.78
4/11/2015,0.83
4/12/2015,0.8
4/13/2015,0.84
4/14/2015,0.95
4/15/2015,0.87
4/16/2015,0.82
4/17/2015,0.76
4/18/2015,0.93
4/19/2015,0.88
4/20/2015,0.91
4/21/2015,0.85
4/22/2015,0.82
4/23/2015,0.99
4/24/2015,0.93
4/25/2015,0.89
4/26/2015,0.93
4/27/2015,0.89
4/28/2015,0.85
4/29/2015,0.91
4/30/2015,0.83
5/1/2015,0.85
5/2/2015,0.93
5/3/2015,0.79
5/4/2015,0.89
5/5/2015,0.86
5/6/2015,0.85
5/7/2015,0.96
5/8/2015,0.85
5/9/2015,0.8
5/10/2015,0.81
5/11/2015,0.92
5/12/2015,0.94
5/13/2015,0.84
5/14/2015,0.86
5/15/2015,0.88
5/16/2015,0.9
5/17/2015,0.85
5/18/2015,0.76
5/19/2015,0.73
5/20/2015,0.79
5/21/2015,0.8
5/22/2015,0.95
5/23/2015,0.93
5/24/2015,0.96
5/25/2015,0.87
5/26/2015,0.85
5/27/2015,0.79
5/28/2015,0.87
5/29/2015,0.86
5/30/2015,0.91
5/31/2015,0.89
6/1/2015,0.83
6/2/2015,0.83
6/3/2015,0.84
6/4/2015,0.84
6/5/2015,0.83
6/6/2015,0.81
6/7/2015,0.82
6/8/2015,0.8
6/9/2015,0.86
6/10/2015,0.82
6/11/2015,0.87
6/12/2015,0.93
6/13/2015,0.9
6/14/2015,0.91
6/15/2015,0.86
6/16/2015,0.87
6/17/2015,0.91
6/18/2015,0.94
6/19/2015,0.67
6/20/2015,0.68
6/21/2015,0.71
6/22/2015,0.72
6/23/2015,0.86
6/24/2015,0.93
6/25/2015,1
6/26/2015,0.77
6/27/2015,0.68
6/28/2015,0.81
6/29/2015,0.87
6/30/2015,0.9
7/1/2015,0.78
7/2/2015,0.94
7/3/2015,0.79
7/4/2015,0.78
7/5/2015,0.82
7/6/2015,0.83
7/7/2015,0.8
7/8/2015,0.84
7/9/2015,0.93
7/10/2015,0.94
7/11/2015,0.86
7/12/2015,0.84
7/13/2015,0.88
7/14/2015,0.87
7/15/2015,0.7
7/16/2015,0.67
7/17/2015,0.72
7/18/2015,0.73
7/19/2015,0.76
7/20/2015,0.75
7/21/2015,0.74
7/22/2015,0.83
7/23/2015,0.81
7/24/2015,0.79
7/25/2015,0.81
7/26/2015,0.91
7/27/2015,0.88
7/28/2015,0.82
7/29/2015,0.75
7/30/2015,0.77
7/31/2015,0.89
8/1/2015,0.83
8/2/2015,0.93
8/3/2015,0.69
8/4/2015,0.76
8/5/2015,0.7
8/6/2015,0.72
8/7/2015,0.79
8/8/2015,0.94
8/9/2015,0.85
8/10/2015,0.87
8/11/2015,0.92
8/12/2015,0.88
8/13/2015,0.86
8/14/2015,0.81
8/15/2015,0.76
8/16/2015,0.82
8/17/2015,0.83
8/18/2015,0.83
8/19/2015,0.93
8/20/2015,0.74
8/21/2015,0.75
8/22/2015,0.83
8/23/2015,0.84
8/24/2015,0.93
8/25/2015,0.89
8/26/2015,0.8
8/27/2015,0.73
8/28/2015,0.89
8/29/2015,0.75
8/30/2015,0.61
8/31/2015,0.71
9/1/2015,0.76
9/2/2015,0.77
9/3/2015,0.81
9/4/2015,0.83
9/5/2015,0.85
9/6/2015,0.72
9/7/2015,0.74
9/8/2015,0.82
9/9/2015,0.84
9/10/2015,0.92
9/11/2015,0.9
9/12/2015,0.77
9/13/2015,0.79
9/14/2015,0.82
9/15/2015,0.86
9/16/2015,0.82
9/17/2015,0.86
9/18/2015,0.93
9/19/2015,0.88
9/20/2015,0.95
9/21/2015,0.91
9/22/2015,0.94
9/23/2015,0.97
9/24/2015,0.9
9/25/2015,0.87
9/26/2015,0.91
9/27/2015,0.92
9/28/2015,0.93
9/29/2015,0.82
9/30/2015,0.86
10/1/2015,0.83
10/2/2015,0.73
10/3/2015,0.78
10/4/2015,0.88
10/5/2015,0.9
10/6/2015,0.95
10/7/2015,0.94
10/8/2015,0.9
10/9/2015,0.93
10/10/2015,0.9
10/11/2015,0.97
10/12/2015,0.98
10/13/2015,0.94
10/14/2015,0.98
10/15/2015,0.97
10/16/2015,0.91
10/17/2015,0.9
10/18/2015,0.91
10/19/2015,0.83
10/20/2015,0.82
10/21/2015,0.8
10/22/2015,0.9
10/23/2015,0.8
10/24/2015,0.77
10/25/2015,0.72
10/26/2015,0.81
10/27/2015,0.86
10/28/2015,0.78
10/29/2015,0.74
10/30/2015,0.85
10/31/2015,0.89
11/1/2015,0.9
11/2/2015,0.83
11/3/2015,0.83
11/4/2015,0.83
11/5/2015,0.8
11/6/2015,0.85
11/7/2015,0.87
11/8/2015,0.89
11/9/2015,0.85
11/10/2015,0.82
11/11/2015,0.85
11/12/2015,0.83
11/13/2015,0.93
11/14/2015,0.88
11/15/2015,0.93
11/16/2015,0.91
11/17/2015,0.88
11/18/2015,0.88
11/19/2015,0.87
11/20/2015,0.87
11/21/2015,0.92
11/22/2015,0.94
11/23/2015,0.87
11/24/2015,0.83
11/25/2015,0.89
11/26/2015,0.9
11/27/2015,0.9
11/28/2015,0.91
11/29/2015,0.85
11/30/2015,0.82
12/1/2015,0.82
12/2/2015,0.89
12/3/2015,0.85
12/4/2015,0.89
12/5/2015,0.8
12/6/2015,0.78
12/7/2015,0.83
12/8/2015,0.74
12/9/2015,0.7
12/10/2015,0.72
12/11/2015,0.74
12/12/2015,0.74
12/13/2015,0.8
12/14/2015,0.87
12/15/2015,0.92
12/16/2015,0.95
12/17/2015,0.87
12/18/2015,0.89
12/19/2015,0.93
12/20/2015,0.87
12/21/2015,0.82
12/22/2015,0.86
12/23/2015,0.89
12/24/2015,0.91
12/25/2015,0.91
12/26/2015,0.85
12/27/2015,0.86
12/28/2015,0.94
12/29/2015,0.93
12/30/2015,0.92
12/31/2015,0.94
1/1/2016,0.82
1/2/2016,0.95
1/3/2016,0.82
1/4/2016,0.81
1/5/2016,0.79
1/6/2016,0.85
1/7/2016,0.86
1/8/2016,0.92
1/9/2016,0.87
1/10/2016,0.85
1/11/2016,0.86
1/12/2016,0.9
1/13/2016,0.86
1/14/2016,0.89
1/15/2016,0.85
1/16/2016,0.82
1/17/2016,0.84
1/18/2016,0.83
1/19/2016,0.87
1/20/2016,0.78
1/21/2016,0.78
1/22/2016,0.8
1/23/2016,0.84
1/24/2016,0.85
1/25/2016,0.84
1/26/2016,0.83
1/27/2016,0.83
1/28/2016,0.82
1/29/2016,0.77
1/30/2016,0.83
1/31/2016,0.81
2/1/2016,0.83
2/2/2016,0.82
2/3/2016,0.87
2/4/2016,0.87
2/5/2016,0.85
2/6/2016,0.86
2/7/2016,0.86
2/8/2016,0.85
2/9/2016,0.82
2/10/2016,0.83
2/11/2016,0.85
2/12/2016,0.85
2/13/2016,0.84
2/14/2016,0.84
2/15/2016,0.8
2/16/2016,0.87
2/17/2016,0.79
2/18/2016,0.85
2/19/2016,0.83
2/20/2016,0.85
2/21/2016,0.82
2/22/2016,0.9
2/23/2016,0.94
2/24/2016,0.83
2/25/2016,0.76
2/26/2016,0.76
2/27/2016,0.77
2/28/2016,0.75
2/29/2016,0.83
3/1/2016,0.8
3/2/2016,0.87
3/3/2016,0.87
3/4/2016,0.8
3/5/2016,0.84
3/6/2016,0.9
3/7/2016,0.87
3/8/2016,0.92
3/9/2016,0.94
3/10/2016,0.94
3/11/2016,0.86
3/12/2016,0.84
3/13/2016,0.91
3/14/2016,0.87
3/15/2016,0.93
3/16/2016,0.88
3/17/2016,0.91
3/18/2016,0.93
3/19/2016,0.85
3/20/2016,0.92
3/21/2016,0.93
3/22/2016,0.9
3/23/2016,0.88
3/24/2016,0.89
3/25/2016,0.82
3/26/2016,0.93
3/27/2016,0.95
3/28/2016,0.87
3/29/2016,0.94
3/30/2016,0.91
3/31/2016,0.92
4/1/2016,0.9
4/2/2016,0.95
4/3/2016,0.9
4/4/2016,0.9
4/5/2016,0.86
4/6/2016,0.9
4/7/2016,0.83
4/8/2016,0.92
4/9/2016,0.89
4/10/2016,0.95
4/11/2016,0.94
4/12/2016,0.94
4/13/2016,0.88
4/14/2016,0.94
4/15/2016,0.92
4/16/2016,0.93
4/17/2016,0.96
4/18/2016,0.95
4/19/2016,0.96
4/20/2016,0.9
4/21/2016,0.83
4/22/2016,0.8
4/23/2016,0.94
4/24/2016,0.85
4/25/2016,0.87
4/26/2016,0.95
4/27/2016,0.93
4/28/2016,0.8
4/29/2016,0.78
4/30/2016,0.99
5/1/2016,0.92
5/2/2016,0.88
5/3/2016,0.86
5/4/2016,0.91
5/5/2016,0.96
5/6/2016,0.9
5/7/2016,0.88
5/8/2016,0.85
5/9/2016,0.8
5/10/2016,0.87
5/11/2016,0.94
5/12/2016,0.87
5/13/2016,0.74
5/14/2016,0.85
5/15/2016,0.87
5/16/2016,0.9
5/17/2016,0.86
5/18/2016,0.83
5/19/2016,0.84
5/20/2016,0.86
5/21/2016,0.85
5/22/2016,0.93
5/23/2016,0.95
5/24/2016,0.9
5/25/2016,0.96
5/26/2016,0.89
5/27/2016,0.87
5/28/2016,0.77
5/29/2016,0.76
5/30/2016,0.78
5/31/2016,0.8
6/1/2016,0.8
6/2/2016,0.86
6/3/2016,0.89
6/4/2016,0.84
6/5/2016,0.82
6/6/2016,0.74
6/7/2016,0.71
6/8/2016,0.77
6/9/2016,0.88
6/10/2016,0.88
6/11/2016,0.86
6/12/2016,0.93
6/13/2016,0.92
6/14/2016,0.89
6/15/2016,0.92
6/16/2016,0.97
6/17/2016,0.94
6/18/2016,0.87
6/19/2016,0.91
6/20/2016,0.91
6/21/2016,0.86
6/22/2016,0.77
6/23/2016,0.79
6/24/2016,0.82
6/25/2016,0.94
6/26/2016,0.87
6/27/2016,0.91
6/28/2016,0.88
6/29/2016,0.95
6/30/2016,0.8
7/1/2016,0.93
7/2/2016,0.82
7/3/2016,0.85
7/4/2016,0.83
7/5/2016,0.86
7/6/2016,0.78
7/7/2016,0.84
7/8/2016,0.91
7/9/2016,0.97
7/10/2016,0.94
7/11/2016,0.94
7/12/2016,0.95
7/13/2016,0.78
7/14/2016,0.62
7/15/2016,0.71
7/16/2016,0.69
7/17/2016,0.73
7/18/2016,0.83
7/19/2016,0.98
7/20/2016,0.86
7/21/2016,0.91
7/22/2016,0.89
7/23/2016,0.95
7/24/2016,0.93
7/25/2016,0.92
7/26/2016,0.92
7/27/2016,0.85
7/28/2016,0.8
7/29/2016,0.86
7/30/2016,0.85
7/31/2016,0.94
8/1/2016,0.99
8/2/2016,1
8/3/2016,1
8/4/2016,0.94
8/5/2016,1
8/6/2016,1
8/7/2016,0.98
8/8/2016,1
8/9/2016,0.95
8/10/2016,0.98
8/11/2016,0.95
8/12/2016,0.93
8/13/2016,0.98
8/14/2016,0.94
8/15/2016,1
8/16/2016,0.95
8/17/2016,0.99
8/18/2016,1
8/19/2016,0.98
8/20/2016,0.99
8/21/2016,1
8/22/2016,0.93
8/23/2016,0.99
8/24/2016,0.9
8/25/2016,0.84
8/26/2016,0.71
8/27/2016,0.83
8/28/2016,0.84
8/29/2016,0.93
8/30/2016,0.97
8/31/2016,0.93
9/1/2016,0.94
9/2/2016,0.88
9/3/2016,0.97
9/4/2016,0.98
9/5/2016,0.98
9/6/2016,0.92
9/7/2016,0.93
9/8/2016,0.89
9/9/2016,0.97
9/10/2016,0.92
9/11/2016,0.94
9/12/2016,0.9
9/13/2016,0.89
9/14/2016,0.94
9/15/2016,0.9
9/16/2016,0.92
9/17/2016,0.92
9/18/2016,0.93
9/19/2016,0.91
9/20/2016,0.97
9/21/2016,1
9/22/2016,0.95
9/23/2016,0.87
9/24/2016,0.92
9/25/2016,0.96
9/26/2016,0.98
9/27/2016,0.93
9/28/2016,0.97
9/29/2016,0.95
9/30/2016,0.98
10/1/2016,0.94
10/2/2016,0.95
10/3/2016,0.94
10/4/2016,0.87
10/5/2016,0.84
10/6/2016,0.89
10/7/2016,0.86
10/8/2016,0.82
10/9/2016,0.95
10/10/2016,0.93
10/11/2016,0.95
10/12/2016,0.93
10/13/2016,0.92
10/14/2016,0.92
10/15/2016,0.9
10/16/2016,0.86
10/17/2016,0.88
10/18/2016,0.89
10/19/2016,0.93
10/20/2016,0.9
10/21/2016,0.85
10/22/2016,0.92
10/23/2016,1
10/24/2016,0.92
10/25/2016,0.86
10/26/2016,0.89
10/27/2016,0.93
10/28/2016,0.95
10/29/2016,0.87
10/30/2016,0.88
10/31/2016,0.88
11/1/2016,1
11/2/2016,0.89
11/3/2016,0.91
11/4/2016,0.91
11/5/2016,0.91
11/6/2016,0.92
11/7/2016,1
11/8/2016,0.93
11/9/2016,0.98
11/10/2016,0.92
11/11/2016,0.98
11/12/2016,0.94
11/13/2016,0.97
11/14/2016,0.84
11/15/2016,0.9
11/16/2016,0.92
11/17/2016,0.95
11/18/2016,0.98
11/19/2016,0.94
11/20/2016,0.92
11/21/2016,0.92
11/22/2016,0.93
11/23/2016,0.87
11/24/2016,0.95
11/25/2016,0.96
11/26/2016,1
11/27/2016,1
11/28/2016,0.97
11/29/2016,0.91
11/30/2016,0.95
12/1/2016,0.98
12/2/2016,0.97
12/3/2016,0.96
12/4/2016,1
12/5/2016,0.93
12/6/2016,0.93
12/7/2016,0.92
12/8/2016,0.93
12/9/2016,0.88
12/10/2016,0.94
12/11/2016,0.85
12/12/2016,0.86
12/13/2016,0.9
12/14/2016,0.95
12/15/2016,0.93
12/16/2016,0.94
12/17/2016,0.94
12/18/2016,0.95
12/19/2016,0.92
12/20/2016,0.95
12/21/2016,0.87
12/22/2016,0.84
12/23/2016,0.95
12/24/2016,0.97
12/25/2016,0.93
12/26/2016,0.81
12/27/2016,0.99
12/28/2016,0.88
12/29/2016,0.9
12/30/2016,0.83
12/31/2016,0.79
