Date,WND_MpS
1/1/2005,3.3
1/2/2005,2
1/3/2005,2.5
1/4/2005,4.2
1/5/2005,6.3
1/6/2005,3.6
1/7/2005,4.2
1/8/2005,3.5
1/9/2005,4.7
1/10/2005,6.6
1/11/2005,4.8
1/12/2005,6.5
1/13/2005,5.3
1/14/2005,3.3
1/15/2005,3.4
1/16/2005,3.2
1/17/2005,2.2
1/18/2005,2.4
1/19/2005,2.2
1/20/2005,2.4
1/21/2005,2.2
1/22/2005,2.5
1/23/2005,3.7
1/24/2005,3.2
1/25/2005,2.5
1/26/2005,2.3
1/27/2005,2.4
1/28/2005,2.1
1/29/2005,2.5
1/30/2005,2.8
1/31/2005,3.8
2/1/2005,3.1
2/2/2005,6.9
2/3/2005,5.1
2/4/2005,5
2/5/2005,4.6
2/6/2005,4.3
2/7/2005,2.8
2/8/2005,2.2
2/9/2005,2.3
2/10/2005,4.7
2/11/2005,4.6
2/12/2005,7
2/13/2005,6.1
2/14/2005,4.8
2/15/2005,8.8
2/16/2005,8.4
2/17/2005,3.8
2/18/2005,3.1
2/19/2005,2.7
2/20/2005,3
2/21/2005,2.3
2/22/2005,3
2/23/2005,4.7
2/24/2005,6
2/25/2005,6.2
2/26/2005,6.7
2/27/2005,6.3
2/28/2005,4.6
3/1/2005,3.2
3/2/2005,2
3/3/2005,2.5
3/4/2005,3.8
3/5/2005,4.3
3/6/2005,4.7
3/7/2005,4.5
3/8/2005,2.9
3/9/2005,2
3/10/2005,2.4
3/11/2005,3
3/12/2005,3.6
3/13/2005,4.7
3/14/2005,4.6
3/15/2005,4
3/16/2005,3.9
3/17/2005,6.7
3/18/2005,5.9
3/19/2005,4.4
3/20/2005,3.7
3/21/2005,3.2
3/22/2005,3.8
3/23/2005,4.1
3/24/2005,2.5
3/25/2005,3.5
3/26/2005,5.5
3/27/2005,3.2
3/28/2005,4.2
3/29/2005,4.9
3/30/2005,6.3
3/31/2005,6.5
4/1/2005,6.7
4/2/2005,8
4/3/2005,7.8
4/4/2005,6.9
4/5/2005,3.6
4/6/2005,4.6
4/7/2005,6.7
4/8/2005,5.8
4/9/2005,5.7
4/10/2005,4.5
4/11/2005,5
4/12/2005,4.8
4/13/2005,2.5
4/14/2005,2.3
4/15/2005,4.1
4/16/2005,3.5
4/17/2005,2.6
4/18/2005,3.6
4/19/2005,5.3
4/20/2005,6.4
4/21/2005,7.2
4/22/2005,3.8
4/23/2005,4
4/24/2005,4.8
4/25/2005,3
4/26/2005,2.2
4/27/2005,2.2
4/28/2005,2.4
4/29/2005,4
4/30/2005,5.6
5/1/2005,5.6
5/2/2005,3.9
5/3/2005,5.6
5/4/2005,6.1
5/5/2005,5
5/6/2005,6.2
5/7/2005,6.6
5/8/2005,6.7
5/9/2005,5.7
5/10/2005,2.9
5/11/2005,1.6
5/12/2005,3.2
5/13/2005,4.6
5/14/2005,4.4
5/15/2005,5.5
5/16/2005,6.7
5/17/2005,7.1
5/18/2005,7
5/19/2005,7.8
5/20/2005,7.3
5/21/2005,6.7
5/22/2005,7.5
5/23/2005,8
5/24/2005,8.6
5/25/2005,8.4
5/26/2005,8.3
5/27/2005,7.9
5/28/2005,6.7
5/29/2005,6.4
5/30/2005,3.5
5/31/2005,3.5
6/1/2005,2.2
6/2/2005,2.8
6/3/2005,2.5
6/4/2005,2.1
6/5/2005,2.7
6/6/2005,9.3
6/7/2005,8.2
6/8/2005,8.4
6/9/2005,8.1
6/10/2005,9.2
6/11/2005,5.1
6/12/2005,3.1
6/13/2005,2.5
6/14/2005,2.8
6/15/2005,2.2
6/16/2005,3.2
6/17/2005,5.3
6/18/2005,5.9
6/19/2005,5.6
6/20/2005,4.5
6/21/2005,4.4
6/22/2005,6.2
6/23/2005,6.9
6/24/2005,7.1
6/25/2005,4.3
6/26/2005,3.7
6/27/2005,4.3
6/28/2005,6.3
6/29/2005,8
6/30/2005,9
7/1/2005,9.9
7/2/2005,8.9
7/3/2005,8.7
7/4/2005,8
7/5/2005,6.4
7/6/2005,6.4
7/7/2005,2.5
7/8/2005,2.5
7/9/2005,3.8
7/10/2005,5.7
7/11/2005,6.5
7/12/2005,4.4
7/13/2005,7
7/14/2005,6.8
7/15/2005,7.1
7/16/2005,7.1
7/17/2005,7
7/18/2005,8
7/19/2005,7.2
7/20/2005,8.4
7/21/2005,8.5
7/22/2005,8
7/23/2005,8.2
7/24/2005,5.2
7/25/2005,2.2
7/26/2005,3
7/27/2005,2.9
7/28/2005,3.5
7/29/2005,2.3
7/30/2005,1.7
7/31/2005,5.3
8/1/2005,7.6
8/2/2005,6.1
8/3/2005,2
8/4/2005,6.3
8/5/2005,4
8/6/2005,4.2
8/7/2005,4.5
8/8/2005,5.3
8/9/2005,5.5
8/10/2005,5.5
8/11/2005,7.6
8/12/2005,8
8/13/2005,8.5
8/14/2005,6.7
8/15/2005,5.7
8/16/2005,6.9
8/17/2005,5.6
8/18/2005,5.6
8/19/2005,3.8
8/20/2005,2.6
8/21/2005,2.4
8/22/2005,3.5
8/23/2005,6.9
8/24/2005,6.9
8/25/2005,7.9
8/26/2005,8.8
8/27/2005,8.4
8/28/2005,4.6
8/29/2005,3.8
8/30/2005,7.4
8/31/2005,7.2
9/1/2005,5.9
9/2/2005,7.2
9/3/2005,4.4
9/4/2005,4.5
9/5/2005,6.1
9/6/2005,7.2
9/7/2005,8.1
9/8/2005,8
9/9/2005,8
9/10/2005,7.5
9/11/2005,4.5
9/12/2005,5.9
9/13/2005,6.1
9/14/2005,6.2
9/15/2005,5.7
9/16/2005,7.3
9/17/2005,7.6
9/18/2005,7.9
9/19/2005,5.5
9/20/2005,7.6
9/21/2005,7.8
9/22/2005,5.9
9/23/2005,6.4
9/24/2005,7.3
9/25/2005,9.3
9/26/2005,8.8
9/27/2005,9.7
9/28/2005,9.4
9/29/2005,7.3
9/30/2005,8.3
10/1/2005,7.6
10/2/2005,2.1
10/3/2005,2.1
10/4/2005,2.3
10/5/2005,4.7
10/6/2005,6.8
10/7/2005,8.1
10/8/2005,8.5
10/9/2005,9.1
10/10/2005,7.1
10/11/2005,6.3
10/12/2005,5.3
10/13/2005,5.1
10/14/2005,2.5
10/15/2005,1.7
10/16/2005,3
10/17/2005,2.7
10/18/2005,4.9
10/19/2005,6.3
10/20/2005,5.8
10/21/2005,5.2
10/22/2005,4.9
10/23/2005,6.4
10/24/2005,6.6
10/25/2005,6.7
10/26/2005,3.3
10/27/2005,4.1
10/28/2005,5.7
10/29/2005,4.7
10/30/2005,2.7
10/31/2005,2
11/1/2005,2.5
11/2/2005,6.4
11/3/2005,7.6
11/4/2005,7.3
11/5/2005,4.6
11/6/2005,3.5
11/7/2005,2.4
11/8/2005,4.7
11/9/2005,2.9
11/10/2005,2.9
11/11/2005,3.4
11/12/2005,3.6
11/13/2005,1.6
11/14/2005,1.7
11/15/2005,2
11/16/2005,3.6
11/17/2005,4.1
11/18/2005,4
11/19/2005,2.2
11/20/2005,2.4
11/21/2005,3.5
11/22/2005,5
11/23/2005,5.1
11/24/2005,3.4
11/25/2005,2.9
11/26/2005,3.9
11/27/2005,2.2
11/28/2005,1.9
11/29/2005,3
11/30/2005,2.7
12/1/2005,2
12/2/2005,1.6
12/3/2005,1.7
12/4/2005,2.4
12/5/2005,3.2
12/6/2005,3.7
12/7/2005,3.8
12/8/2005,2.3
12/9/2005,2.1
12/10/2005,1.7
12/11/2005,2
12/12/2005,2.5
12/13/2005,4
12/14/2005,3.4
12/15/2005,3
12/16/2005,3
12/17/2005,3.3
12/18/2005,4
12/19/2005,6.3
12/20/2005,7.2
12/21/2005,4.2
12/22/2005,2.1
12/23/2005,2.2
12/24/2005,2.5
12/25/2005,3
12/26/2005,4.3
12/27/2005,3.5
12/28/2005,1.5
12/29/2005,2.2
12/30/2005,2.2
12/31/2005,3
1/1/2006,4.9
1/2/2006,3.9
1/3/2006,3.7
1/4/2006,3.4
1/5/2006,2.7
1/6/2006,2.8
1/7/2006,4.8
1/8/2006,2.5
1/9/2006,2.4
1/10/2006,4.2
1/11/2006,4.9
1/12/2006,7.2
1/13/2006,6.6
1/14/2006,4.7
1/15/2006,5.3
1/16/2006,5.9
1/17/2006,4.4
1/18/2006,4.6
1/19/2006,5.9
1/20/2006,4.6
1/21/2006,5.7
1/22/2006,5.9
1/23/2006,4.6
1/24/2006,1.8
1/25/2006,3
1/26/2006,3.9
1/27/2006,3.6
1/28/2006,2.3
1/29/2006,4.9
1/30/2006,6.1
1/31/2006,7.4
2/1/2006,9.2
2/2/2006,7.2
2/3/2006,6.9
2/4/2006,6.9
2/5/2006,7
2/6/2006,6.4
2/7/2006,6
2/8/2006,7.6
2/9/2006,7
2/10/2006,7
2/11/2006,6.9
2/12/2006,6.6
2/13/2006,4.6
2/14/2006,4.1
2/15/2006,2.9
2/16/2006,2.6
2/17/2006,2.2
2/18/2006,1.8
2/19/2006,2
2/20/2006,1.9
2/21/2006,2.9
2/22/2006,4.3
2/23/2006,2.7
2/24/2006,2.7
2/25/2006,5.8
2/26/2006,5.5
2/27/2006,6.5
2/28/2006,6.2
3/1/2006,5
3/2/2006,5
3/3/2006,3.1
3/4/2006,3
3/5/2006,3.8
3/6/2006,6
3/7/2006,5.5
3/8/2006,3.8
3/9/2006,4.8
3/10/2006,2.4
3/11/2006,3.1
3/12/2006,3.1
3/13/2006,2.5
3/14/2006,3.2
3/15/2006,4.8
3/16/2006,5.1
3/17/2006,5.5
3/18/2006,4.6
3/19/2006,3.2
3/20/2006,4.4
3/21/2006,4.2
3/22/2006,4.6
3/23/2006,5.6
3/24/2006,5.9
3/25/2006,5.3
3/26/2006,4.8
3/27/2006,2.3
3/28/2006,3.3
3/29/2006,2.7
3/30/2006,5.3
3/31/2006,4.7
4/1/2006,7.1
4/2/2006,6.3
4/3/2006,5.4
4/4/2006,5.4
4/5/2006,6.3
4/6/2006,4.7
4/7/2006,6.1
4/8/2006,6.1
4/9/2006,6
4/10/2006,3.6
4/11/2006,4.2
4/12/2006,2.5
4/13/2006,2.8
4/14/2006,1.9
4/15/2006,2.3
4/16/2006,3.5
4/17/2006,2.1
4/18/2006,4.1
4/19/2006,4
4/20/2006,3.6
4/21/2006,2.7
4/22/2006,2.1
4/23/2006,2.3
4/24/2006,3.4
4/25/2006,6.5
4/26/2006,6.2
4/27/2006,4.6
4/28/2006,2.4
4/29/2006,2.2
4/30/2006,2.3
5/1/2006,2.8
5/2/2006,2.8
5/3/2006,2.2
5/4/2006,2.5
5/5/2006,1.9
5/6/2006,2.5
5/7/2006,3.4
5/8/2006,2.5
5/9/2006,2
5/10/2006,3.3
5/11/2006,3.7
5/12/2006,3.1
5/13/2006,3.6
5/14/2006,2.2
5/15/2006,4.6
5/16/2006,3.3
5/17/2006,2
5/18/2006,3.5
5/19/2006,3.1
5/20/2006,2.9
5/21/2006,2.9
5/22/2006,3.8
5/23/2006,8.6
5/24/2006,9.2
5/25/2006,9.5
5/26/2006,8.1
5/27/2006,7.6
5/28/2006,6.8
5/29/2006,6.7
5/30/2006,6.5
5/31/2006,4.9
6/1/2006,3.1
6/2/2006,2
6/3/2006,2.7
6/4/2006,4.2
6/5/2006,6.1
6/6/2006,6.4
6/7/2006,9.2
6/8/2006,9.6
6/9/2006,9.1
6/10/2006,7.9
6/11/2006,7
6/12/2006,6.9
6/13/2006,5.9
6/14/2006,7.4
6/15/2006,6.8
6/16/2006,6.8
6/17/2006,3.7
6/18/2006,2.8
6/19/2006,2.6
6/20/2006,3.9
6/21/2006,6.2
6/22/2006,4
6/23/2006,3.7
6/24/2006,3.2
6/25/2006,4.1
6/26/2006,5.5
6/27/2006,4.9
6/28/2006,6.1
6/29/2006,5.6
6/30/2006,4.1
7/1/2006,2.7
7/2/2006,3.6
7/3/2006,6.2
7/4/2006,5.9
7/5/2006,4.6
7/6/2006,2.1
7/7/2006,5
7/8/2006,6.5
7/9/2006,6.8
7/10/2006,6.5
7/11/2006,5.6
7/12/2006,6.1
7/13/2006,5.6
7/14/2006,5.3
7/15/2006,4
7/16/2006,4.4
7/17/2006,4.1
7/18/2006,4.6
7/19/2006,6.5
7/20/2006,5.7
7/21/2006,7
7/22/2006,4
7/23/2006,3.8
7/24/2006,7.4
7/25/2006,7.4
7/26/2006,6.7
7/27/2006,4
7/28/2006,3.2
7/29/2006,4.1
7/30/2006,4.5
7/31/2006,6.7
8/1/2006,7.1
8/2/2006,6.3
8/3/2006,7
8/4/2006,8.3
8/5/2006,8.9
8/6/2006,8.3
8/7/2006,4.4
8/8/2006,6.5
8/9/2006,5.7
8/10/2006,6.7
8/11/2006,6.5
8/12/2006,7.6
8/13/2006,7.2
8/14/2006,8.2
8/15/2006,6.7
8/16/2006,4.5
8/17/2006,2.5
8/18/2006,8.5
8/19/2006,8.1
8/20/2006,7.2
8/21/2006,5
8/22/2006,3.5
8/23/2006,3.5
8/24/2006,5.5
8/25/2006,8.2
8/26/2006,8.2
8/27/2006,9.1
8/28/2006,6.6
8/29/2006,3.3
8/30/2006,3.5
8/31/2006,2.6
9/1/2006,8.9
9/2/2006,8
9/3/2006,8.2
9/4/2006,5.3
9/5/2006,6.9
9/6/2006,6.9
9/7/2006,5.5
9/8/2006,4.2
9/9/2006,7.2
9/10/2006,7.3
9/11/2006,6.8
9/12/2006,7.1
9/13/2006,7.5
9/14/2006,6.1
9/15/2006,4
9/16/2006,4
9/17/2006,6.9
9/18/2006,7.6
9/19/2006,7.1
9/20/2006,5.2
9/21/2006,5.4
9/22/2006,9.3
9/23/2006,9.7
9/24/2006,7.5
9/25/2006,5.4
9/26/2006,5
9/27/2006,3.5
9/28/2006,6.9
9/29/2006,7.4
9/30/2006,7.8
10/1/2006,6.8
10/2/2006,3.8
10/3/2006,2.8
10/4/2006,2.4
10/5/2006,3.6
10/6/2006,3.3
10/7/2006,5
10/8/2006,7.6
10/9/2006,6.5
10/10/2006,5.5
10/11/2006,6.5
10/12/2006,8.7
10/13/2006,9.5
10/14/2006,9.6
10/15/2006,7.9
10/16/2006,6.9
10/17/2006,4.8
10/18/2006,4.1
10/19/2006,9.7
10/20/2006,9.9
10/21/2006,8.8
10/22/2006,9.7
10/23/2006,9.8
10/24/2006,9.6
10/25/2006,8.3
10/26/2006,9.2
10/27/2006,8.6
10/28/2006,7.9
10/29/2006,10.6
10/30/2006,9.2
10/31/2006,7.1
11/1/2006,9.6
11/2/2006,9.4
11/3/2006,7.6
11/4/2006,3.7
11/5/2006,4.1
11/6/2006,5.2
11/7/2006,8.2
11/8/2006,6.2
11/9/2006,3.1
11/10/2006,5.2
11/11/2006,7.2
11/12/2006,6.4
11/13/2006,6
11/14/2006,6.4
11/15/2006,8.4
11/16/2006,7.1
11/17/2006,9.4
11/18/2006,8.6
11/19/2006,5.2
11/20/2006,4.9
11/21/2006,6.3
11/22/2006,6.1
11/23/2006,7
11/24/2006,5.9
11/25/2006,4.5
11/26/2006,3.8
11/27/2006,3.7
11/28/2006,5.6
11/29/2006,3.3
11/30/2006,5.3
12/1/2006,3.9
12/2/2006,2.2
12/3/2006,2.7
12/4/2006,2.7
12/5/2006,2.5
12/6/2006,2
12/7/2006,2.5
12/8/2006,3.1
12/9/2006,3.7
12/10/2006,4.1
12/11/2006,6.5
12/12/2006,7.8
12/13/2006,2.7
12/14/2006,4.2
12/15/2006,6.8
12/16/2006,6.9
12/17/2006,4.2
12/18/2006,5.2
12/19/2006,5.5
12/20/2006,7.2
12/21/2006,5.5
12/22/2006,4.9
12/23/2006,4.3
12/24/2006,3.8
12/25/2006,2.2
12/26/2006,2.5
12/27/2006,3.1
12/28/2006,2.1
12/29/2006,4.2
12/30/2006,7.1
12/31/2006,8.4
1/1/2007,8.8
1/2/2007,6.6
1/3/2007,6.7
1/4/2007,4.9
1/5/2007,4
1/6/2007,2.8
1/7/2007,3.7
1/8/2007,5.2
1/9/2007,3.9
1/10/2007,2.6
1/11/2007,3.4
1/12/2007,3.7
1/13/2007,4.8
1/14/2007,6.4
1/15/2007,6.4
1/16/2007,4.1
1/17/2007,2.4
1/18/2007,3.3
1/19/2007,4.1
1/20/2007,5.7
1/21/2007,5.7
1/22/2007,4.6
1/23/2007,6.1
1/24/2007,5.3
1/25/2007,5.5
1/26/2007,5.2
1/27/2007,4.8
1/28/2007,6.6
1/29/2007,5.3
1/30/2007,5.2
1/31/2007,7.1
2/1/2007,6.6
2/2/2007,4.6
2/3/2007,3.5
2/4/2007,2.8
2/5/2007,3.8
2/6/2007,3.5
2/7/2007,3
2/8/2007,2.7
2/9/2007,3.6
2/10/2007,4.2
2/11/2007,2.8
2/12/2007,2.5
2/13/2007,3.1
2/14/2007,2.8
2/15/2007,3
2/16/2007,2.5
2/17/2007,2.4
2/18/2007,4.1
2/19/2007,4.2
2/20/2007,3.6
2/21/2007,2.7
2/22/2007,4.2
2/23/2007,3.5
2/24/2007,6.4
2/25/2007,4.6
2/26/2007,5.2
2/27/2007,3.5
2/28/2007,4.1
3/1/2007,6
3/2/2007,5.8
3/3/2007,3
3/4/2007,3.6
3/5/2007,3
3/6/2007,3
3/7/2007,4.6
3/8/2007,6.3
3/9/2007,5.9
3/10/2007,4.4
3/11/2007,3.1
3/12/2007,4.3
3/13/2007,3.6
3/14/2007,4.2
3/15/2007,4.8
3/16/2007,3.2
3/17/2007,2.6
3/18/2007,2.8
3/19/2007,2.4
3/20/2007,3.7
3/21/2007,2.4
3/22/2007,3.4
3/23/2007,3.3
3/24/2007,2.7
3/25/2007,2.4
3/26/2007,1.9
3/27/2007,2.1
3/28/2007,2
3/29/2007,3.5
3/30/2007,3.2
3/31/2007,2.4
4/1/2007,2.9
4/2/2007,2.2
4/3/2007,2.9
4/4/2007,1.8
4/5/2007,0.8
4/6/2007,3.8
4/7/2007,6.4
4/8/2007,6.4
4/9/2007,6.5
4/10/2007,4.1
4/11/2007,3.2
4/12/2007,2.3
4/13/2007,3.3
4/14/2007,4.8
4/15/2007,5.4
4/16/2007,3.8
4/17/2007,2.4
4/18/2007,2.7
4/19/2007,2.8
4/20/2007,2.8
4/21/2007,2.5
4/22/2007,3.1
4/23/2007,3.8
4/24/2007,4.2
4/25/2007,3.9
4/26/2007,4.6
4/27/2007,4.1
4/28/2007,5.9
4/29/2007,7
4/30/2007,8.2
5/1/2007,7.5
5/2/2007,7.3
5/3/2007,5.9
5/4/2007,4.6
5/5/2007,6.1
5/6/2007,4.6
5/7/2007,3.2
5/8/2007,4.7
5/9/2007,2.8
5/10/2007,4.4
5/11/2007,3.2
5/12/2007,3.3
5/13/2007,4.3
5/14/2007,4.3
5/15/2007,3
5/16/2007,3.7
5/17/2007,2.5
5/18/2007,3.2
5/19/2007,3.8
5/20/2007,4.9
5/21/2007,4
5/22/2007,2.8
5/23/2007,3.7
5/24/2007,3.6
5/25/2007,3.6
5/26/2007,2.3
5/27/2007,4.3
5/28/2007,5.5
5/29/2007,8.1
5/30/2007,8.6
5/31/2007,9
6/1/2007,7
6/2/2007,5.7
6/3/2007,4.6
6/4/2007,3.7
6/5/2007,6.2
6/6/2007,5.9
6/7/2007,6.6
6/8/2007,8
6/9/2007,8.1
6/10/2007,7.1
6/11/2007,6.1
6/12/2007,5.7
6/13/2007,5.5
6/14/2007,7.3
6/15/2007,5.6
6/16/2007,4.7
6/17/2007,3.4
6/18/2007,2.7
6/19/2007,6.7
6/20/2007,8.3
6/21/2007,8.8
6/22/2007,8.5
6/23/2007,9.2
6/24/2007,7.9
6/25/2007,4.2
6/26/2007,3.7
6/27/2007,8.3
6/28/2007,9.9
6/29/2007,8.3
6/30/2007,9.2
7/1/2007,8.2
7/2/2007,7.4
7/3/2007,2.7
7/4/2007,2.3
7/5/2007,7.3
7/6/2007,7.2
7/7/2007,7.7
7/8/2007,7.2
7/9/2007,7.5
7/10/2007,5.7
7/11/2007,3.1
7/12/2007,2.2
7/13/2007,3.3
7/14/2007,6.9
7/15/2007,8
7/16/2007,7.4
7/17/2007,4.5
7/18/2007,3.6
7/19/2007,6.3
7/20/2007,6.7
7/21/2007,6.7
7/22/2007,5.7
7/23/2007,5.8
7/24/2007,7.3
7/25/2007,9
7/26/2007,8.6
7/27/2007,5.1
7/28/2007,5.8
7/29/2007,7.6
7/30/2007,9.9
7/31/2007,7.7
8/1/2007,4
8/2/2007,7.6
8/3/2007,7.3
8/4/2007,8.9
8/5/2007,8
8/6/2007,7.6
8/7/2007,3.8
8/8/2007,7.2
8/9/2007,9.3
8/10/2007,8.7
8/11/2007,9.2
8/12/2007,8
8/13/2007,5.3
8/14/2007,7.9
8/15/2007,9.3
8/16/2007,9.9
8/17/2007,10.3
8/18/2007,9.4
8/19/2007,7.3
8/20/2007,5.4
8/21/2007,6.6
8/22/2007,7.5
8/23/2007,6.8
8/24/2007,8.8
8/25/2007,8.4
8/26/2007,7.6
8/27/2007,8.3
8/28/2007,7.2
8/29/2007,9.2
8/30/2007,8
8/31/2007,7.8
9/1/2007,7.7
9/2/2007,7.1
9/3/2007,3.1
9/4/2007,8.8
9/5/2007,9.2
9/6/2007,7.4
9/7/2007,7.9
9/8/2007,3.3
9/9/2007,6
9/10/2007,6.4
9/11/2007,7.4
9/12/2007,7.8
9/13/2007,8.5
9/14/2007,8.5
9/15/2007,8.8
9/16/2007,8
9/17/2007,8.5
9/18/2007,8.3
9/19/2007,4.5
9/20/2007,2.8
9/21/2007,4.3
9/22/2007,6.6
9/23/2007,7.8
9/24/2007,4.6
9/25/2007,5.6
9/26/2007,3
9/27/2007,2.2
9/28/2007,3
9/29/2007,6.7
9/30/2007,5.5
10/1/2007,4.9
10/2/2007,5.8
10/3/2007,4
10/4/2007,4.4
10/5/2007,2.6
10/6/2007,3.5
10/7/2007,5.4
10/8/2007,5.4
10/9/2007,3.7
10/10/2007,5.4
10/11/2007,3.5
10/12/2007,2.4
10/13/2007,2.5
10/14/2007,4.7
10/15/2007,6.5
10/16/2007,7.4
10/17/2007,7.4
10/18/2007,5.9
10/19/2007,2.6
10/20/2007,3.1
10/21/2007,6.2
10/22/2007,4.2
10/23/2007,5.7
10/24/2007,2.9
10/25/2007,2.5
10/26/2007,3.1
10/27/2007,3
10/28/2007,3
10/29/2007,5.8
10/30/2007,7.9
10/31/2007,5.5
11/1/2007,3.9
11/2/2007,4.4
11/3/2007,4.1
11/4/2007,7
11/5/2007,6.7
11/6/2007,7.6
11/7/2007,7.7
11/8/2007,3.5
11/9/2007,2.7
11/10/2007,4.4
11/11/2007,7.1
11/12/2007,5.2
11/13/2007,2.8
11/14/2007,2.6
11/15/2007,2.6
11/16/2007,3.3
11/17/2007,5.8
11/18/2007,6
11/19/2007,4.6
11/20/2007,2.3
11/21/2007,3.4
11/22/2007,5.3
11/23/2007,3.5
11/24/2007,2.8
11/25/2007,2.7
11/26/2007,2.7
11/27/2007,1.9
11/28/2007,2.5
11/29/2007,4
11/30/2007,5.4
12/1/2007,3.1
12/2/2007,7.2
12/3/2007,3.9
12/4/2007,3.7
12/5/2007,2.9
12/6/2007,3.9
12/7/2007,6.1
12/8/2007,4.8
12/9/2007,3.2
12/10/2007,4.2
12/11/2007,6.7
12/12/2007,6.4
12/13/2007,5.3
12/14/2007,6.1
12/15/2007,4.1
12/16/2007,3.7
12/17/2007,6.2
12/18/2007,7.8
12/19/2007,5.5
12/20/2007,4.1
12/21/2007,3.5
12/22/2007,4.3
12/23/2007,4.4
12/24/2007,5.8
12/25/2007,4.3
12/26/2007,2.9
12/27/2007,4
12/28/2007,3.3
12/29/2007,2.2
12/30/2007,2.7
12/31/2007,3.1
1/1/2008,2.5
1/2/2008,3.5
1/3/2008,2.9
1/4/2008,2.8
1/5/2008,2
1/6/2008,3.8
1/7/2008,4.9
1/8/2008,5.3
1/9/2008,5
1/10/2008,4.5
1/11/2008,4.4
1/12/2008,4.1
1/13/2008,4.8
1/14/2008,3.8
1/15/2008,2.6
1/16/2008,2.7
1/17/2008,4.3
1/18/2008,3
1/19/2008,2.7
1/20/2008,5.8
1/21/2008,8
1/22/2008,5.5
1/23/2008,1.9
1/24/2008,4
1/25/2008,5.4
1/26/2008,4.7
1/27/2008,6.2
1/28/2008,6.5
1/29/2008,4.4
1/30/2008,4
1/31/2008,5.2
2/1/2008,5.6
2/2/2008,5.4
2/3/2008,4.7
2/4/2008,2.7
2/5/2008,2
2/6/2008,2.6
2/7/2008,3.8
2/8/2008,4.7
2/9/2008,5.8
2/10/2008,4.4
2/11/2008,3.7
2/12/2008,2.9
2/13/2008,3.7
2/14/2008,2.7
2/15/2008,3
2/16/2008,2.2
2/17/2008,2.1
2/18/2008,3
2/19/2008,3.9
2/20/2008,3.4
2/21/2008,2.7
2/22/2008,3.2
2/23/2008,2
2/24/2008,2.9
2/25/2008,4.9
2/26/2008,4.3
2/27/2008,3.1
2/28/2008,2.5
2/29/2008,4.5
3/1/2008,4
3/2/2008,5.2
3/3/2008,6.5
3/4/2008,3.1
3/5/2008,3.7
3/6/2008,3.7
3/7/2008,3.5
3/8/2008,5.3
3/9/2008,2.4
3/10/2008,2.4
3/11/2008,2.5
3/12/2008,2.6
3/13/2008,3.7
3/14/2008,4.9
3/15/2008,5.7
3/16/2008,3.2
3/17/2008,4
3/18/2008,5.5
3/19/2008,5.9
3/20/2008,3.8
3/21/2008,3.3
3/22/2008,4.1
3/23/2008,3.5
3/24/2008,2.4
3/25/2008,2.8
3/26/2008,3.2
3/27/2008,2.7
3/28/2008,3.3
3/29/2008,4
3/30/2008,3.8
3/31/2008,2.5
4/1/2008,3.5
4/2/2008,2.6
4/3/2008,3.2
4/4/2008,4.8
4/5/2008,4.8
4/6/2008,4.5
4/7/2008,3.8
4/8/2008,2.1
4/9/2008,2
4/10/2008,2
4/11/2008,2.8
4/12/2008,2.4
4/13/2008,3.7
4/14/2008,4.2
4/15/2008,2.9
4/16/2008,4.4
4/17/2008,3.2
4/18/2008,4.2
4/19/2008,4.3
4/20/2008,5.4
4/21/2008,6.6
4/22/2008,6.8
4/23/2008,7.2
4/24/2008,7.3
4/25/2008,6.1
4/26/2008,6
4/27/2008,2.9
4/28/2008,2.3
4/29/2008,1.4
4/30/2008,1.8
5/1/2008,2.4
5/2/2008,2.4
5/3/2008,6.2
5/4/2008,7.5
5/5/2008,6.6
5/6/2008,3.2
5/7/2008,2.2
5/8/2008,1.5
5/9/2008,1.2
5/10/2008,1.9
5/11/2008,1.6
5/12/2008,2.3
5/13/2008,2.6
5/14/2008,2.2
5/15/2008,1.3
5/16/2008,1.4
5/17/2008,2.3
5/18/2008,2.8
5/19/2008,4.3
5/20/2008,4.3
5/21/2008,4
5/22/2008,1.9
5/23/2008,1.8
5/24/2008,3.3
5/25/2008,4.3
5/26/2008,5.3
5/27/2008,4.3
5/28/2008,2.4
5/29/2008,4.7
5/30/2008,7.2
5/31/2008,3.3
6/1/2008,2.4
6/2/2008,2.7
6/3/2008,4.8
6/4/2008,5.8
6/5/2008,6.6
6/6/2008,6.3
6/7/2008,4.1
6/8/2008,5
6/9/2008,6.3
6/10/2008,7
6/11/2008,8.6
6/12/2008,8.6
6/13/2008,8
6/14/2008,5.6
6/15/2008,8.2
6/16/2008,7.3
6/17/2008,4.9
6/18/2008,1.8
6/19/2008,2.4
6/20/2008,2.3
6/21/2008,2.2
6/22/2008,4
6/23/2008,5.5
6/24/2008,6.5
6/25/2008,7.6
6/26/2008,6.1
6/27/2008,5.4
6/28/2008,4
6/29/2008,2.3
6/30/2008,3
7/1/2008,7
7/2/2008,7.9
7/3/2008,7.7
7/4/2008,8.3
7/5/2008,4.5
7/6/2008,2.9
7/7/2008,2.1
7/8/2008,3.8
7/9/2008,8.7
7/10/2008,9.3
7/11/2008,9.8
7/12/2008,9
7/13/2008,8.4
7/14/2008,8.1
7/15/2008,8.4
7/16/2008,8.7
7/17/2008,9.3
7/18/2008,10.4
7/19/2008,9.5
7/20/2008,8.4
7/21/2008,8
7/22/2008,6.9
7/23/2008,6.7
7/24/2008,5.5
7/25/2008,4.4
7/26/2008,5.2
7/27/2008,5.6
7/28/2008,7.4
7/29/2008,6.9
7/30/2008,7.6
7/31/2008,7.4
8/1/2008,6.5
8/2/2008,6.4
8/3/2008,6.8
8/4/2008,5.3
8/5/2008,4.7
8/6/2008,4.8
8/7/2008,5.9
8/8/2008,6.3
8/9/2008,7
8/10/2008,6.5
8/11/2008,7.6
8/12/2008,7.3
8/13/2008,5.9
8/14/2008,5
8/15/2008,6
8/16/2008,6.3
8/17/2008,4.7
8/18/2008,5.3
8/19/2008,6.2
8/20/2008,6.4
8/21/2008,5.9
8/22/2008,6.1
8/23/2008,7.4
8/24/2008,6.5
8/25/2008,6.1
8/26/2008,4.8
8/27/2008,4.2
8/28/2008,4.7
8/29/2008,6.7
8/30/2008,7.5
8/31/2008,8.1
9/1/2008,10.6
9/2/2008,8.1
9/3/2008,8.5
9/4/2008,8.5
9/5/2008,7.8
9/6/2008,8.6
9/7/2008,7.7
9/8/2008,7.2
9/9/2008,6.8
9/10/2008,6.5
9/11/2008,6.7
9/12/2008,6.3
9/13/2008,5.3
9/14/2008,4.4
9/15/2008,3.2
9/16/2008,3.5
9/17/2008,5.1
9/18/2008,5.3
9/19/2008,5
9/20/2008,3.5
9/21/2008,3.5
9/22/2008,5.9
9/23/2008,5.7
9/24/2008,4.4
9/25/2008,5.7
9/26/2008,5
9/27/2008,4.3
9/28/2008,3.5
9/29/2008,2.6
9/30/2008,2.4
10/1/2008,3.9
10/2/2008,2.9
10/3/2008,5
10/4/2008,6.8
10/5/2008,6.2
10/6/2008,8.1
10/7/2008,5.9
10/8/2008,5.6
10/9/2008,6.6
10/10/2008,5.6
10/11/2008,4.7
10/12/2008,4.8
10/13/2008,4.9
10/14/2008,5.4
10/15/2008,5.6
10/16/2008,5.7
10/17/2008,5
10/18/2008,5.4
10/19/2008,5.7
10/20/2008,5.4
10/21/2008,3.6
10/22/2008,6.2
10/23/2008,6.5
10/24/2008,6.2
10/25/2008,7.3
10/26/2008,8
10/27/2008,6.9
10/28/2008,7.1
10/29/2008,4.6
10/30/2008,2.7
10/31/2008,4
11/1/2008,5.1
11/2/2008,5.4
11/3/2008,5.4
11/4/2008,3.7
11/5/2008,5.4
11/6/2008,7.8
11/7/2008,6.5
11/8/2008,4.2
11/9/2008,2.6
11/10/2008,4.3
11/11/2008,5.6
11/12/2008,4
11/13/2008,5.9
11/14/2008,4.9
11/15/2008,3.5
11/16/2008,3.6
11/17/2008,3.8
11/18/2008,3.7
11/19/2008,4.7
11/20/2008,3.5
11/21/2008,4.8
11/22/2008,5.1
11/23/2008,5.4
11/24/2008,4
11/25/2008,4.4
11/26/2008,5.5
11/27/2008,3.8
11/28/2008,2.2
11/29/2008,2.6
11/30/2008,4.2
12/1/2008,6.9
12/2/2008,7
12/3/2008,4.9
12/4/2008,2.9
12/5/2008,2.4
12/6/2008,3.6
12/7/2008,2.8
12/8/2008,4.7
12/9/2008,4
12/10/2008,4.9
12/11/2008,5.4
12/12/2008,3.8
12/13/2008,4.1
12/14/2008,3
12/15/2008,2.9
12/16/2008,2.8
12/17/2008,2.6
12/18/2008,3.1
12/19/2008,3.2
12/20/2008,4.7
12/21/2008,4.4
12/22/2008,3.7
12/23/2008,4.4
12/24/2008,3.9
12/25/2008,5.3
12/26/2008,5.2
12/27/2008,4.8
12/28/2008,4.9
12/29/2008,6.4
12/30/2008,4.9
12/31/2008,6
1/1/2009,4.5
1/2/2009,3.4
1/3/2009,4.7
1/4/2009,5.6
1/5/2009,4.4
1/6/2009,3.7
1/7/2009,2.6
1/8/2009,4.1
1/9/2009,5.4
1/10/2009,7.8
1/11/2009,7.5
1/12/2009,7.1
1/13/2009,5.2
1/14/2009,4.2
1/15/2009,2.9
1/16/2009,3.1
1/17/2009,3.8
1/18/2009,3.1
1/19/2009,3.4
1/20/2009,2.9
1/21/2009,3.2
1/22/2009,5.3
1/23/2009,5.1
1/24/2009,4
1/25/2009,3.4
1/26/2009,3.5
1/27/2009,3.6
1/28/2009,3
1/29/2009,3
1/30/2009,4.4
1/31/2009,4.8
2/1/2009,5.3
2/2/2009,5.7
2/3/2009,4
2/4/2009,3.8
2/5/2009,5.9
2/6/2009,7.5
2/7/2009,6.1
2/8/2009,2.9
2/9/2009,4.4
2/10/2009,3.5
2/11/2009,2.8
2/12/2009,2.4
2/13/2009,3
2/14/2009,3.4
2/15/2009,4.9
2/16/2009,4.6
2/17/2009,5.2
2/18/2009,6.1
2/19/2009,5.1
2/20/2009,4.3
2/21/2009,4.7
2/22/2009,3.3
2/23/2009,3.4
2/24/2009,5.1
2/25/2009,6.3
2/26/2009,4.7
2/27/2009,5.8
2/28/2009,5.6
3/1/2009,5.2
3/2/2009,5.7
3/3/2009,4.2
3/4/2009,2.4
3/5/2009,2.7
3/6/2009,2.1
3/7/2009,3
3/8/2009,3.1
3/9/2009,3.6
3/10/2009,2.8
3/11/2009,2.5
3/12/2009,2.6
3/13/2009,2.8
3/14/2009,2.5
3/15/2009,2.5
3/16/2009,3.8
3/17/2009,3.3
3/18/2009,2.7
3/19/2009,2.2
3/20/2009,2.7
3/21/2009,3.1
3/22/2009,3
3/23/2009,4.1
3/24/2009,3.5
3/25/2009,4.3
3/26/2009,3.2
3/27/2009,2.8
3/28/2009,2.8
3/29/2009,2.6
3/30/2009,4.4
3/31/2009,5.9
4/1/2009,8.9
4/2/2009,6.2
4/3/2009,6
4/4/2009,5.3
4/5/2009,2.6
4/6/2009,3.1
4/7/2009,4.8
4/8/2009,5.3
4/9/2009,8
4/10/2009,5.6
4/11/2009,7.5
4/12/2009,6.3
4/13/2009,3.5
4/14/2009,2.2
4/15/2009,3
4/16/2009,2.7
4/17/2009,5
4/18/2009,6.2
4/19/2009,6.3
4/20/2009,6.1
4/21/2009,6.7
4/22/2009,6.8
4/23/2009,6.8
4/24/2009,5.2
4/25/2009,2.7
4/26/2009,3.4
4/27/2009,3.7
4/28/2009,3.4
4/29/2009,3.2
4/30/2009,4.1
5/1/2009,3.4
5/2/2009,2.7
5/3/2009,3.3
5/4/2009,2.8
5/5/2009,3.8
5/6/2009,4.3
5/7/2009,3.1
5/8/2009,2.2
5/9/2009,2.3
5/10/2009,3.7
5/11/2009,1.8
5/12/2009,1.8
5/13/2009,3.4
5/14/2009,5.9
5/15/2009,6.3
5/16/2009,6.3
5/17/2009,3.9
5/18/2009,2.5
5/19/2009,2.1
5/20/2009,2.8
5/21/2009,6.1
5/22/2009,6.5
5/23/2009,6.8
5/24/2009,3.7
5/25/2009,5.9
5/26/2009,3.1
5/27/2009,3.9
5/28/2009,7.5
5/29/2009,8.4
5/30/2009,6.8
5/31/2009,3
6/1/2009,3.6
6/2/2009,6.7
6/3/2009,6.4
6/4/2009,2.5
6/5/2009,1.9
6/6/2009,4.1
6/7/2009,6.5
6/8/2009,7.6
6/9/2009,9
6/10/2009,9.8
6/11/2009,9.2
6/12/2009,7.1
6/13/2009,5.9
6/14/2009,4.7
6/15/2009,6.8
6/16/2009,6.1
6/17/2009,3.6
6/18/2009,4.8
6/19/2009,7.7
6/20/2009,8.9
6/21/2009,5.5
6/22/2009,3.2
6/23/2009,8.9
6/24/2009,12
6/25/2009,11.7
6/26/2009,11.4
6/27/2009,8.9
6/28/2009,7.3
6/29/2009,7.8
6/30/2009,4.8
7/1/2009,2.3
7/2/2009,4.6
7/3/2009,3.1
7/4/2009,6.7
7/5/2009,6.2
7/6/2009,7.4
7/7/2009,9
7/8/2009,7.8
7/9/2009,8.7
7/10/2009,8.7
7/11/2009,6
7/12/2009,5.1
7/13/2009,3.9
7/14/2009,8.1
7/15/2009,9.4
7/16/2009,10.7
7/17/2009,8.7
7/18/2009,8.1
7/19/2009,7.7
7/20/2009,4.9
7/21/2009,6.2
7/22/2009,10
7/23/2009,10.4
7/24/2009,8.2
7/25/2009,2.6
7/26/2009,2.8
7/27/2009,4.3
7/28/2009,9.1
7/29/2009,9
7/30/2009,8.5
7/31/2009,6.6
8/1/2009,4.4
8/2/2009,2.7
8/3/2009,3.2
8/4/2009,3.8
8/5/2009,3.7
8/6/2009,6.1
8/7/2009,4.4
8/8/2009,2.5
8/9/2009,3
8/10/2009,5
8/11/2009,9.3
8/12/2009,10.2
8/13/2009,10.5
8/14/2009,8.8
8/15/2009,5.1
8/16/2009,6.1
8/17/2009,3.4
8/18/2009,6.6
8/19/2009,5.3
8/20/2009,3.3
8/21/2009,2.9
8/22/2009,3
8/23/2009,4.4
8/24/2009,4.6
8/25/2009,7.8
8/26/2009,9.2
8/27/2009,10.1
8/28/2009,9.7
8/29/2009,10.2
8/30/2009,10.6
8/31/2009,10.5
9/1/2009,10.5
9/2/2009,9.6
9/3/2009,5.3
9/4/2009,2.6
9/5/2009,4.3
9/6/2009,10.1
9/7/2009,9.8
9/8/2009,8.9
9/9/2009,9.5
9/10/2009,10.4
9/11/2009,9.6
9/12/2009,8.9
9/13/2009,8.3
9/14/2009,6.3
9/15/2009,8.2
9/16/2009,8.2
9/17/2009,4.4
9/18/2009,4.8
9/19/2009,5.5
9/20/2009,7.4
9/21/2009,6.9
9/22/2009,7.5
9/23/2009,6.9
9/24/2009,6.8
9/25/2009,4.5
9/26/2009,3
9/27/2009,4.3
9/28/2009,6.5
9/29/2009,5.6
9/30/2009,4.4
10/1/2009,2.5
10/2/2009,4.7
10/3/2009,5.2
10/4/2009,4.9
10/5/2009,5.7
10/6/2009,4.4
10/7/2009,4.4
10/8/2009,7.3
10/9/2009,3.8
10/10/2009,2.7
10/11/2009,5.9
10/12/2009,7
10/13/2009,4.3
10/14/2009,5.8
10/15/2009,8
10/16/2009,8.1
10/17/2009,6.8
10/18/2009,5.8
10/19/2009,7.2
10/20/2009,6.6
10/21/2009,6.8
10/22/2009,5.8
10/23/2009,6.5
10/24/2009,7.9
10/25/2009,8
10/26/2009,6.8
10/27/2009,3
10/28/2009,3.1
10/29/2009,3.2
10/30/2009,4
10/31/2009,4.7
11/1/2009,1.5
11/2/2009,1.4
11/3/2009,4.4
11/4/2009,2.7
11/5/2009,5.5
11/6/2009,8.5
11/7/2009,7.4
11/8/2009,4.7
11/9/2009,5
11/10/2009,6.4
11/11/2009,4.9
11/12/2009,5.5
11/13/2009,6.4
11/14/2009,6.5
11/15/2009,7.1
11/16/2009,7
11/17/2009,7
11/18/2009,7
11/19/2009,5.2
11/20/2009,6.4
11/21/2009,7
11/22/2009,7.7
11/23/2009,5.6
11/24/2009,2.9
11/25/2009,4.5
11/26/2009,2.5
11/27/2009,3.5
11/28/2009,5.1
11/29/2009,7.4
11/30/2009,9.1
12/1/2009,5.9
12/2/2009,5.7
12/3/2009,6.1
12/4/2009,6
12/5/2009,6.1
12/6/2009,4.2
12/7/2009,5.2
12/8/2009,2.7
12/9/2009,4.9
12/10/2009,3.4
12/11/2009,3.1
12/12/2009,1.7
12/13/2009,2.9
12/14/2009,4.3
12/15/2009,3.1
12/16/2009,1.7
12/17/2009,3.1
12/18/2009,4.6
12/19/2009,4.4
12/20/2009,4.7
12/21/2009,5.2
12/22/2009,4.7
12/23/2009,6.8
12/24/2009,6.4
12/25/2009,7.8
12/26/2009,7.6
12/27/2009,7
12/28/2009,6.8
12/29/2009,7.7
12/30/2009,6
12/31/2009,6.1
1/1/2010,7.3
1/2/2010,7.3
1/3/2010,5.5
1/4/2010,4.3
1/5/2010,4.3
1/6/2010,5.6
1/7/2010,5.2
1/8/2010,4.4
1/9/2010,3.2
1/10/2010,4.6
1/11/2010,5.3
1/12/2010,4.2
1/13/2010,2.9
1/14/2010,3.6
1/15/2010,3.8
1/16/2010,2.6
1/17/2010,3.5
1/18/2010,4.7
1/19/2010,4.9
1/20/2010,4.4
1/21/2010,3.9
1/22/2010,2.6
1/23/2010,4.1
1/24/2010,4.5
1/25/2010,6.5
1/26/2010,8
1/27/2010,6.6
1/28/2010,4.4
1/29/2010,2.6
1/30/2010,3.9
1/31/2010,4.5
2/1/2010,5.6
2/2/2010,5.1
2/3/2010,6.5
2/4/2010,5.7
2/5/2010,8.3
2/6/2010,7.5
2/7/2010,6.3
2/8/2010,4.9
2/9/2010,5.6
2/10/2010,7.1
2/11/2010,5.1
2/12/2010,9.4
2/13/2010,9.1
2/14/2010,6
2/15/2010,1.9
2/16/2010,2.2
2/17/2010,5.7
2/18/2010,6.1
2/19/2010,5.5
2/20/2010,5.8
2/21/2010,6.3
2/22/2010,5.8
2/23/2010,5.3
2/24/2010,5.8
2/25/2010,3.4
2/26/2010,2.1
2/27/2010,2
2/28/2010,2.6
3/1/2010,1.8
3/2/2010,2.5
3/3/2010,3.6
3/4/2010,2.9
3/5/2010,2.1
3/6/2010,2.1
3/7/2010,2.4
3/8/2010,1.2
3/9/2010,3.8
3/10/2010,8.7
3/11/2010,7.1
3/12/2010,5.2
3/13/2010,6
3/14/2010,6
3/15/2010,5
3/16/2010,3.2
3/17/2010,3
3/18/2010,6.3
3/19/2010,7.4
3/20/2010,4.6
3/21/2010,4.6
3/22/2010,3.7
3/23/2010,2.7
3/24/2010,3.4
3/25/2010,4.6
3/26/2010,4.9
3/27/2010,5.2
3/28/2010,3.5
3/29/2010,3.4
3/30/2010,2
3/31/2010,2.5
4/1/2010,2.5
4/2/2010,2.9
4/3/2010,6
4/4/2010,5.5
4/5/2010,6.2
4/6/2010,6.4
4/7/2010,5.6
4/8/2010,3.1
4/9/2010,4.2
4/10/2010,3
4/11/2010,3.9
4/12/2010,5.6
4/13/2010,4.2
4/14/2010,3.9
4/15/2010,3.3
4/16/2010,4.7
4/17/2010,3.3
4/18/2010,2.7
4/19/2010,2.6
4/20/2010,3.3
4/21/2010,5
4/22/2010,4
4/23/2010,1.7
4/24/2010,1.5
4/25/2010,2.3
4/26/2010,2.4
4/27/2010,2.1
4/28/2010,2.9
4/29/2010,3.1
4/30/2010,1.9
5/1/2010,1
5/2/2010,2.7
5/3/2010,7.1
5/4/2010,6
5/5/2010,4.7
5/6/2010,5
5/7/2010,4.9
5/8/2010,2.7
5/9/2010,4.8
5/10/2010,3.5
5/11/2010,1.8
5/12/2010,1.5
5/13/2010,5.4
5/14/2010,5.9
5/15/2010,2.8
5/16/2010,1.6
5/17/2010,3.8
5/18/2010,6.9
5/19/2010,9.1
5/20/2010,7.9
5/21/2010,7.4
5/22/2010,5.7
5/23/2010,6
5/24/2010,2.5
5/25/2010,2.2
5/26/2010,3.4
5/27/2010,5.9
5/28/2010,6.3
5/29/2010,6.7
5/30/2010,7.6
5/31/2010,7.7
6/1/2010,6.8
6/2/2010,5.9
6/3/2010,6
6/4/2010,5.5
6/5/2010,5.6
6/6/2010,5.3
6/7/2010,5.2
6/8/2010,4.7
6/9/2010,4.2
6/10/2010,5.9
6/11/2010,6.2
6/12/2010,4.8
6/13/2010,3.6
6/14/2010,5
6/15/2010,4.7
6/16/2010,8.5
6/17/2010,8.3
6/18/2010,8.6
6/19/2010,8.9
6/20/2010,10.4
6/21/2010,10
6/22/2010,9.3
6/23/2010,4.4
6/24/2010,4.9
6/25/2010,7
6/26/2010,8.3
6/27/2010,8.4
6/28/2010,7.8
6/29/2010,5.3
6/30/2010,4.2
7/1/2010,3.8
7/2/2010,7.2
7/3/2010,6.5
7/4/2010,7
7/5/2010,4.1
7/6/2010,3.3
7/7/2010,4.7
7/8/2010,6.7
7/9/2010,7.9
7/10/2010,5.4
7/11/2010,3.1
7/12/2010,2.6
7/13/2010,3.4
7/14/2010,2.6
7/15/2010,3.5
7/16/2010,8
7/17/2010,6.7
7/18/2010,5.9
7/19/2010,6.5
7/20/2010,8.1
7/21/2010,8.6
7/22/2010,5.2
7/23/2010,6.4
7/24/2010,5.4
7/25/2010,5.2
7/26/2010,6
7/27/2010,7.6
7/28/2010,7.8
7/29/2010,8.1
7/30/2010,8.9
7/31/2010,7
8/1/2010,5.3
8/2/2010,2
8/3/2010,3.4
8/4/2010,5.8
8/5/2010,7.1
8/6/2010,8.6
8/7/2010,8.8
8/8/2010,8.2
8/9/2010,7.2
8/10/2010,4.5
8/11/2010,5.3
8/12/2010,9.4
8/13/2010,8.9
8/14/2010,7.7
8/15/2010,6.9
8/16/2010,6.1
8/17/2010,5.4
8/18/2010,5.8
8/19/2010,5.1
8/20/2010,6
8/21/2010,6.1
8/22/2010,6.2
8/23/2010,6.2
8/24/2010,6.8
8/25/2010,7.6
8/26/2010,8.2
8/27/2010,7
8/28/2010,5.2
8/29/2010,5.6
8/30/2010,3.6
8/31/2010,2.9
9/1/2010,3
9/2/2010,7.7
9/3/2010,8.6
9/4/2010,8.7
9/5/2010,9.5
9/6/2010,10.2
9/7/2010,7.2
9/8/2010,7.3
9/9/2010,8
9/10/2010,8.6
9/11/2010,8.5
9/12/2010,8.3
9/13/2010,7.7
9/14/2010,10.3
9/15/2010,8.6
9/16/2010,6.5
9/17/2010,6.4
9/18/2010,7.6
9/19/2010,7.4
9/20/2010,7
9/21/2010,5.9
9/22/2010,6.9
9/23/2010,9.4
9/24/2010,9
9/25/2010,8.7
9/26/2010,7.3
9/27/2010,7
9/28/2010,7.2
9/29/2010,4.1
9/30/2010,4.7
10/1/2010,5.7
10/2/2010,5.3
10/3/2010,2.6
10/4/2010,2.6
10/5/2010,2.4
10/6/2010,3.4
10/7/2010,3.3
10/8/2010,3.5
10/9/2010,6.2
10/10/2010,4.3
10/11/2010,4.7
10/12/2010,5.4
10/13/2010,7.2
10/14/2010,4.4
10/15/2010,4.6
10/16/2010,3.6
10/17/2010,2.8
10/18/2010,3.4
10/19/2010,5.7
10/20/2010,2.5
10/21/2010,4.7
10/22/2010,6.1
10/23/2010,6.1
10/24/2010,5.8
10/25/2010,3.5
10/26/2010,3.1
10/27/2010,2.6
10/28/2010,3.7
10/29/2010,8.3
10/30/2010,6.7
10/31/2010,2.3
11/1/2010,2.9
11/2/2010,4.7
11/3/2010,5.9
11/4/2010,5.4
11/5/2010,4.7
11/6/2010,5.5
11/7/2010,4.6
11/8/2010,3
11/9/2010,2.4
11/10/2010,4.7
11/11/2010,4.4
11/12/2010,3.1
11/13/2010,3.2
11/14/2010,3.5
11/15/2010,4.3
11/16/2010,4.4
11/17/2010,3.8
11/18/2010,2.5
11/19/2010,2.8
11/20/2010,3.5
11/21/2010,3.2
11/22/2010,3.7
11/23/2010,2.9
11/24/2010,2.8
11/25/2010,2.8
11/26/2010,4.5
11/27/2010,2.3
11/28/2010,3.3
11/29/2010,2
11/30/2010,3.1
12/1/2010,2.7
12/2/2010,2.5
12/3/2010,3.7
12/4/2010,3.6
12/5/2010,5.4
12/6/2010,6.5
12/7/2010,5.5
12/8/2010,3.5
12/9/2010,3
12/10/2010,3.3
12/11/2010,5.5
12/12/2010,4
12/13/2010,4.6
12/14/2010,3.4
12/15/2010,3
12/16/2010,2.6
12/17/2010,3.3
12/18/2010,4.6
12/19/2010,3.4
12/20/2010,4
12/21/2010,3.1
12/22/2010,4.2
12/23/2010,4.8
12/24/2010,5.6
12/25/2010,6.2
12/26/2010,3.2
12/27/2010,3.7
12/28/2010,1.6
12/29/2010,4.8
12/30/2010,4.3
12/31/2010,4.1
1/1/2011,5
1/2/2011,3.4
1/3/2011,2.4
1/4/2011,3.6
1/5/2011,4.1
1/6/2011,2.9
1/7/2011,3.8
1/8/2011,5.5
1/9/2011,6.3
1/10/2011,5.2
1/11/2011,2.7
1/12/2011,3
1/13/2011,4.9
1/14/2011,4.4
1/15/2011,3.1
1/16/2011,3.2
1/17/2011,3.4
1/18/2011,3.2
1/19/2011,3.6
1/20/2011,3.9
1/21/2011,4.8
1/22/2011,4.4
1/23/2011,10.4
1/24/2011,8
1/25/2011,5.7
1/26/2011,4.9
1/27/2011,6.3
1/28/2011,5.9
1/29/2011,6.7
1/30/2011,6.9
1/31/2011,8.3
2/1/2011,8.4
2/2/2011,7.6
2/3/2011,5.5
2/4/2011,3.1
2/5/2011,4.4
2/6/2011,6.3
2/7/2011,6.7
2/8/2011,6.4
2/9/2011,3.2
2/10/2011,2.8
2/11/2011,4.1
2/12/2011,4.3
2/13/2011,3
2/14/2011,4.2
2/15/2011,4.5
2/16/2011,4.8
2/17/2011,4.9
2/18/2011,4.6
2/19/2011,4.5
2/20/2011,3.8
2/21/2011,4.2
2/22/2011,4.9
2/23/2011,3.6
2/24/2011,2.5
2/25/2011,3
2/26/2011,4.2
2/27/2011,5.5
2/28/2011,5.7
3/1/2011,3.4
3/2/2011,2.5
3/3/2011,1.8
3/4/2011,3.1
3/5/2011,3.1
3/6/2011,2.6
3/7/2011,2.5
3/8/2011,4
3/9/2011,5.4
3/10/2011,6.6
3/11/2011,8.6
3/12/2011,7.9
3/13/2011,5.3
3/14/2011,6.8
3/15/2011,7.8
3/16/2011,7.7
3/17/2011,7.2
3/18/2011,5.4
3/19/2011,2.9
3/20/2011,2.7
3/21/2011,3.1
3/22/2011,5.8
3/23/2011,4.7
3/24/2011,3.2
3/25/2011,3.9
3/26/2011,3.4
3/27/2011,3.6
3/28/2011,4.4
3/29/2011,6.1
3/30/2011,6.2
3/31/2011,6.5
4/1/2011,4.9
4/2/2011,6
4/3/2011,6
4/4/2011,5.8
4/5/2011,5.8
4/6/2011,5.8
4/7/2011,3.7
4/8/2011,4.2
4/9/2011,6.4
4/10/2011,7.9
4/11/2011,5.8
4/12/2011,3.6
4/13/2011,3.1
4/14/2011,3.8
4/15/2011,3.2
4/16/2011,2.4
4/17/2011,2.7
4/18/2011,2.4
4/19/2011,2
4/20/2011,2.5
4/21/2011,2.9
4/22/2011,3.5
4/23/2011,5.8
4/24/2011,4.1
4/25/2011,4.7
4/26/2011,4.8
4/27/2011,4.6
4/28/2011,4.4
4/29/2011,6.4
4/30/2011,6.1
5/1/2011,5.3
5/2/2011,1.9
5/3/2011,2.1
5/4/2011,2.5
5/5/2011,1.7
5/6/2011,1.4
5/7/2011,1.9
5/8/2011,1.8
5/9/2011,3.2
5/10/2011,4.9
5/11/2011,3.9
5/12/2011,3.1
5/13/2011,3.7
5/14/2011,4.7
5/15/2011,6.5
5/16/2011,6
5/17/2011,5.5
5/18/2011,3.5
5/19/2011,2.6
5/20/2011,2.5
5/21/2011,2.4
5/22/2011,2.1
5/23/2011,2.7
5/24/2011,5.1
5/25/2011,7.8
5/26/2011,7.4
5/27/2011,7.2
5/28/2011,8.6
5/29/2011,7.4
5/30/2011,6.6
5/31/2011,4.4
6/1/2011,2.5
6/2/2011,4
6/3/2011,5.1
6/4/2011,5
6/5/2011,2.4
6/6/2011,4.6
6/7/2011,6.6
6/8/2011,5
6/9/2011,4.2
6/10/2011,3.7
6/11/2011,2.8
6/12/2011,2.7
6/13/2011,4.4
6/14/2011,5.7
6/15/2011,4.9
6/16/2011,4.6
6/17/2011,6.2
6/18/2011,5.6
6/19/2011,7.6
6/20/2011,7.1
6/21/2011,7
6/22/2011,8.9
6/23/2011,9.3
6/24/2011,8.9
6/25/2011,6.4
6/26/2011,3.7
6/27/2011,2.3
6/28/2011,3.6
6/29/2011,4.1
6/30/2011,5.3
7/1/2011,5.7
7/2/2011,7.7
7/3/2011,6.8
7/4/2011,4.5
7/5/2011,4.8
7/6/2011,8
7/7/2011,7.5
7/8/2011,7.2
7/9/2011,6.8
7/10/2011,7.6
7/11/2011,6.5
7/12/2011,7.1
7/13/2011,7.1
7/14/2011,8.5
7/15/2011,7.6
7/16/2011,6.9
7/17/2011,7.7
7/18/2011,7.3
7/19/2011,2.7
7/20/2011,3.5
7/21/2011,6.9
7/22/2011,6
7/23/2011,2.7
7/24/2011,4.1
7/25/2011,7.4
7/26/2011,8.6
7/27/2011,10.5
7/28/2011,9.6
7/29/2011,9.3
7/30/2011,7.8
7/31/2011,8.4
8/1/2011,8
8/2/2011,4.1
8/3/2011,2.5
8/4/2011,1.8
8/5/2011,4
8/6/2011,5.5
8/7/2011,8.1
8/8/2011,7.4
8/9/2011,5.8
8/10/2011,5.1
8/11/2011,5
8/12/2011,4.4
8/13/2011,5
8/14/2011,4.3
8/15/2011,5.7
8/16/2011,3.7
8/17/2011,3.1
8/18/2011,1.8
8/19/2011,3.1
8/20/2011,4.9
8/21/2011,6.4
8/22/2011,10
8/23/2011,9.7
8/24/2011,11.2
8/25/2011,10.7
8/26/2011,9.5
8/27/2011,8.6
8/28/2011,9.2
8/29/2011,10.9
8/30/2011,7.6
8/31/2011,5.8
9/1/2011,5.6
9/2/2011,6.5
9/3/2011,3.8
9/4/2011,1.9
9/5/2011,3.1
9/6/2011,5.7
9/7/2011,4.9
9/8/2011,3.3
9/9/2011,3.9
9/10/2011,6.3
9/11/2011,6.5
9/12/2011,5.9
9/13/2011,5.9
9/14/2011,5.1
9/15/2011,5.8
9/16/2011,5.3
9/17/2011,5
9/18/2011,5.3
9/19/2011,3.6
9/20/2011,3
9/21/2011,3.7
9/22/2011,3.5
9/23/2011,2.4
9/24/2011,2.9
9/25/2011,5.2
9/26/2011,7.5
9/27/2011,7.5
9/28/2011,4.8
9/29/2011,4.2
9/30/2011,2
10/1/2011,2.7
10/2/2011,4.8
10/3/2011,6.4
10/4/2011,5.8
10/5/2011,2.8
10/6/2011,3.3
10/7/2011,5
10/8/2011,4.4
10/9/2011,7.3
10/10/2011,9.2
10/11/2011,9.9
10/12/2011,9.5
10/13/2011,7.9
10/14/2011,4.6
10/15/2011,4.6
10/16/2011,8.2
10/17/2011,9.7
10/18/2011,6.5
10/19/2011,5.8
10/20/2011,4
10/21/2011,3.7
10/22/2011,5.7
10/23/2011,5.7
10/24/2011,4.1
10/25/2011,4.3
10/26/2011,6.9
10/27/2011,3.9
10/28/2011,3.2
10/29/2011,4.5
10/30/2011,3.3
10/31/2011,5.1
11/1/2011,6.3
11/2/2011,5.3
11/3/2011,2.8
11/4/2011,5
11/5/2011,7.7
11/6/2011,4.3
11/7/2011,3.3
11/8/2011,3.8
11/9/2011,6.4
11/10/2011,4.8
11/11/2011,4.3
11/12/2011,6.8
11/13/2011,6.2
11/14/2011,5.5
11/15/2011,2.3
11/16/2011,1.5
11/17/2011,1.8
11/18/2011,3.7
11/19/2011,2.6
11/20/2011,5.7
11/21/2011,6.8
11/22/2011,12.1
11/23/2011,9.8
11/24/2011,5.9
11/25/2011,6.9
11/26/2011,6.4
11/27/2011,4.8
11/28/2011,8
11/29/2011,7.7
11/30/2011,6
12/1/2011,2.5
12/2/2011,1.4
12/3/2011,3.7
12/4/2011,2.1
12/5/2011,7.4
12/6/2011,3
12/7/2011,6.8
12/8/2011,7.6
12/9/2011,7.9
12/10/2011,7.3
12/11/2011,4.4
12/12/2011,4.3
12/13/2011,3.7
12/14/2011,5.6
12/15/2011,6.7
12/16/2011,9.2
12/17/2011,9
12/18/2011,7.6
12/19/2011,6.3
12/20/2011,7.2
12/21/2011,7.7
12/22/2011,6.3
12/23/2011,4.3
12/24/2011,3.5
12/25/2011,5.2
12/26/2011,7.4
12/27/2011,9.7
12/28/2011,12
12/29/2011,2.8
12/30/2011,1.4
12/31/2011,2.2
1/1/2012,4.8
1/2/2012,8.8
1/3/2012,8.1
1/4/2012,7.2
1/5/2012,6.7
1/6/2012,8.1
1/7/2012,9.3
1/8/2012,10.8
1/9/2012,9.3
1/10/2012,3.8
1/11/2012,2
1/12/2012,2.2
1/13/2012,2.2
1/14/2012,2.6
1/15/2012,1.1
1/16/2012,2.5
1/17/2012,3.2
1/18/2012,6.4
1/19/2012,9.9
1/20/2012,7.1
1/21/2012,7
1/22/2012,7.5
1/23/2012,5.4
1/24/2012,4.2
1/25/2012,3.9
1/26/2012,4.9
1/27/2012,5.9
1/28/2012,0.9
1/29/2012,1.1
1/30/2012,1.3
1/31/2012,2.3
2/1/2012,1.5
2/2/2012,0.8
2/3/2012,1.3
2/4/2012,2.1
2/5/2012,3.1
2/6/2012,3.6
2/7/2012,3.1
2/8/2012,1.7
2/9/2012,1.6
2/10/2012,1.2
2/11/2012,1.6
2/12/2012,1.9
2/13/2012,1.6
2/14/2012,1.2
2/15/2012,2.9
2/16/2012,1.7
2/17/2012,1
2/18/2012,1
2/19/2012,1.2
2/20/2012,1.4
2/21/2012,1.5
2/22/2012,3.2
2/23/2012,1.5
2/24/2012,2.1
2/25/2012,1.3
2/26/2012,1
2/27/2012,2.2
2/28/2012,3.6
2/29/2012,4.7
3/1/2012,7
3/2/2012,6.1
3/3/2012,4.7
3/4/2012,3.1
3/5/2012,5.2
3/6/2012,6.6
3/7/2012,5
3/8/2012,2.4
3/9/2012,1.3
3/10/2012,1.2
3/11/2012,1.5
3/12/2012,1.5
3/13/2012,1.7
3/14/2012,1.4
3/15/2012,1
3/16/2012,1.2
3/17/2012,1.2
3/18/2012,1.7
3/19/2012,2.4
3/20/2012,1.3
3/21/2012,5.2
3/22/2012,3.4
3/23/2012,1.4
3/24/2012,2.5
3/25/2012,1.8
3/26/2012,1.3
3/27/2012,4.8
3/28/2012,3.4
3/29/2012,4.7
3/30/2012,3.9
3/31/2012,3
4/1/2012,3.8
4/2/2012,5.3
4/3/2012,3.4
4/4/2012,2.9
4/5/2012,2.1
4/6/2012,2.3
4/7/2012,3.7
4/8/2012,5.4
4/9/2012,2
4/10/2012,3.9
4/11/2012,3.5
4/12/2012,2.4
4/13/2012,3.3
4/14/2012,2.9
4/15/2012,4
4/16/2012,5.8
4/17/2012,4.4
4/18/2012,2.8
4/19/2012,4.1
4/20/2012,4.5
4/21/2012,4.4
4/22/2012,4.1
4/23/2012,3
4/24/2012,4
4/25/2012,6.8
4/26/2012,8.1
4/27/2012,7.4
4/28/2012,3.5
4/29/2012,4.2
4/30/2012,2.4
5/1/2012,1.4
5/2/2012,2.3
5/3/2012,2.6
5/4/2012,2.5
5/5/2012,3
5/6/2012,2.3
5/7/2012,3.1
5/8/2012,4.4
5/9/2012,7.5
5/10/2012,4.9
5/11/2012,5.9
5/12/2012,8.7
5/13/2012,7.8
5/14/2012,7.6
5/15/2012,5.3
5/16/2012,2.8
5/17/2012,3.3
5/18/2012,5.4
5/19/2012,3.9
5/20/2012,1.9
5/21/2012,1.9
5/22/2012,1.3
5/23/2012,7.6
5/24/2012,10.9
5/25/2012,11.5
5/26/2012,6.3
5/27/2012,3.5
5/28/2012,3.3
5/29/2012,2.9
5/30/2012,6.8
5/31/2012,3.4
6/1/2012,5
6/2/2012,8.2
6/3/2012,9.7
6/4/2012,8.1
6/5/2012,9.4
6/6/2012,10.1
6/7/2012,8.9
6/8/2012,9.9
6/9/2012,6.1
6/10/2012,4.1
6/11/2012,5.6
6/12/2012,4.9
6/13/2012,4.7
6/14/2012,4.4
6/15/2012,4.7
6/16/2012,5.8
6/17/2012,9.2
6/18/2012,10.6
6/19/2012,9.6
6/20/2012,9.6
6/21/2012,10.3
6/22/2012,10.7
6/23/2012,8.1
6/24/2012,9.4
6/25/2012,7.8
6/26/2012,10
6/27/2012,9.5
6/28/2012,10.9
6/29/2012,9.1
6/30/2012,7.3
7/1/2012,4.9
7/2/2012,6.1
7/3/2012,9.3
7/4/2012,9.8
7/5/2012,10.2
7/6/2012,8.3
7/7/2012,6.6
7/8/2012,8.7
7/9/2012,10.8
7/10/2012,11.3
7/11/2012,10.5
7/12/2012,10.5
7/13/2012,10.5
7/14/2012,10.5
7/15/2012,10.5
7/16/2012,10.5
7/17/2012,10.5
7/18/2012,10.5
7/19/2012,10.5
7/20/2012,5.1
7/21/2012,5.5
7/22/2012,6.6
7/23/2012,6.4
7/24/2012,4.8
7/25/2012,4.2
7/26/2012,3
7/27/2012,0.5
7/28/2012,1.2
7/29/2012,2.1
7/30/2012,2.2
7/31/2012,3
8/1/2012,4.1
8/2/2012,5.4
8/3/2012,3.7
8/4/2012,1.7
8/5/2012,2.4
8/6/2012,5.4
8/7/2012,3.8
8/8/2012,4
8/9/2012,4.1
8/10/2012,3.5
8/11/2012,5.7
8/12/2012,5.6
8/13/2012,5.3
8/14/2012,5
8/15/2012,2.2
8/16/2012,4.1
8/17/2012,9.6
8/18/2012,11.4
8/19/2012,11.6
8/20/2012,10.8
8/21/2012,9.2
8/22/2012,7.3
8/23/2012,8.8
8/24/2012,6.6
8/25/2012,5
8/26/2012,6.2
8/27/2012,9.7
8/28/2012,13.1
8/29/2012,12
8/30/2012,8.9
8/31/2012,6.4
9/1/2012,5.2
9/2/2012,11.1
9/3/2012,12
9/4/2012,9.6
9/5/2012,6.2
9/6/2012,3.6
9/7/2012,5
9/8/2012,10.2
9/9/2012,10
9/10/2012,8.3
9/11/2012,9.7
9/12/2012,8.7
9/13/2012,5.1
9/14/2012,4.4
9/15/2012,7.4
9/16/2012,11
9/17/2012,13.1
9/18/2012,7.5
9/19/2012,8.5
9/20/2012,6.4
9/21/2012,8.6
9/22/2012,3.4
9/23/2012,3.7
9/24/2012,4.6
9/25/2012,7.4
9/26/2012,5.9
9/27/2012,8.8
9/28/2012,9.2
9/29/2012,6.7
9/30/2012,4
10/1/2012,5.2
10/2/2012,6.1
10/3/2012,6
10/4/2012,6
10/5/2012,3.7
10/6/2012,6.5
10/7/2012,7.9
10/8/2012,9.6
10/9/2012,12.8
10/10/2012,11.4
10/11/2012,7.4
10/12/2012,8.5
10/13/2012,9.9
10/14/2012,10.3
10/15/2012,9.8
10/16/2012,8.8
10/17/2012,5.8
10/18/2012,9.6
10/19/2012,10.5
10/20/2012,8.9
10/21/2012,10.6
10/22/2012,10.1
10/23/2012,11.7
10/24/2012,11.3
10/25/2012,7.5
10/26/2012,5.7
10/27/2012,2.4
10/28/2012,1.3
10/29/2012,3.1
10/30/2012,5.6
10/31/2012,5.2
11/1/2012,4.1
11/2/2012,4.7
11/3/2012,6
11/4/2012,9.5
11/5/2012,7.7
11/6/2012,5.1
11/7/2012,5.5
11/8/2012,3.2
11/9/2012,6.7
11/10/2012,5.3
11/11/2012,5
11/12/2012,5.6
11/13/2012,2.6
11/14/2012,4.7
11/15/2012,5.4
11/16/2012,7.6
11/17/2012,7.8
11/18/2012,9.6
11/19/2012,11.5
11/20/2012,11.2
11/21/2012,5.4
11/22/2012,3.3
11/23/2012,4.2
11/24/2012,5.8
11/25/2012,4.6
11/26/2012,5
11/27/2012,5.1
11/28/2012,4.1
11/29/2012,5.9
11/30/2012,4.2
12/1/2012,4.7
12/2/2012,3.4
12/3/2012,4.4
12/4/2012,4.7
12/5/2012,6.7
12/6/2012,4.2
12/7/2012,3.2
12/8/2012,3.6
12/9/2012,4
12/10/2012,4.3
12/11/2012,4.2
12/12/2012,8.3
12/13/2012,5.5
12/14/2012,4.4
12/15/2012,3.4
12/16/2012,1.9
12/17/2012,4.8
12/18/2012,5.6
12/19/2012,4.5
12/20/2012,2.5
12/21/2012,2.7
12/22/2012,3.1
12/23/2012,4.9
12/24/2012,6
12/25/2012,6
12/26/2012,2.5
12/27/2012,3.1
12/28/2012,2.3
12/29/2012,1.8
12/30/2012,1.7
12/31/2012,1.4
1/1/2013,2.1
1/2/2013,6.3
1/3/2013,4.9
1/4/2013,4.3
1/5/2013,4.2
1/6/2013,4.3
1/7/2013,2.9
1/8/2013,3.9
1/9/2013,3
1/10/2013,5.1
1/11/2013,3.9
1/12/2013,3
1/13/2013,1.9
1/14/2013,2.5
1/15/2013,6.3
1/16/2013,6.8
1/17/2013,3.8
1/18/2013,2.5
1/19/2013,2
1/20/2013,1.9
1/21/2013,7
1/22/2013,6.3
1/23/2013,4.8
1/24/2013,2.3
1/25/2013,2.2
1/26/2013,1.7
1/27/2013,2.6
1/28/2013,7.1
1/29/2013,4.3
1/30/2013,3.6
1/31/2013,3
2/1/2013,1.2
2/2/2013,1.1
2/3/2013,1.6
2/4/2013,2.8
2/5/2013,1.9
2/6/2013,1.2
2/7/2013,1.1
2/8/2013,1
2/9/2013,1
2/10/2013,1
2/11/2013,0.9
2/12/2013,1.8
2/13/2013,3.9
2/14/2013,4.1
2/15/2013,2.5
2/16/2013,1.1
2/17/2013,2.7
2/18/2013,2.7
2/19/2013,1.7
2/20/2013,1.4
2/21/2013,2.3
2/22/2013,1.4
2/23/2013,1.4
2/24/2013,0.9
2/25/2013,1.2
2/26/2013,1.7
2/27/2013,1.9
2/28/2013,2.3
3/1/2013,1.7
3/2/2013,1.2
3/3/2013,0.9
3/4/2013,1
3/5/2013,2
3/6/2013,2.1
3/7/2013,1.4
3/8/2013,1.1
3/9/2013,2.2
3/10/2013,2.9
3/11/2013,2.4
3/12/2013,1.4
3/13/2013,1.8
3/14/2013,1.9
3/15/2013,1.9
3/16/2013,1.1
3/17/2013,1
3/18/2013,0.6
3/19/2013,1.3
3/20/2013,2.5
3/21/2013,1.8
3/22/2013,1.1
3/23/2013,0.8
3/24/2013,0.9
3/25/2013,1.2
3/26/2013,1.2
3/27/2013,1.8
3/28/2013,1.5
3/29/2013,1
3/30/2013,1.3
3/31/2013,1.1
4/1/2013,1.2
4/2/2013,1.5
4/3/2013,1.5
4/4/2013,1.6
4/5/2013,1.8
4/6/2013,3.2
4/7/2013,4
4/8/2013,1.9
4/9/2013,1.8
4/10/2013,1.8
4/11/2013,3.2
4/12/2013,1.7
4/13/2013,1.5
4/14/2013,0.6
4/15/2013,1.3
4/16/2013,1.5
4/17/2013,1.4
4/18/2013,1.1
4/19/2013,0.8
4/20/2013,1.9
4/21/2013,3.3
4/22/2013,3.7
4/23/2013,1.3
4/24/2013,1.8
4/25/2013,2.8
4/26/2013,2.8
4/27/2013,3.9
4/28/2013,4.2
4/29/2013,1.6
4/30/2013,1.2
5/1/2013,1.5
5/2/2013,1.1
5/3/2013,0.8
5/4/2013,0.9
5/5/2013,2.9
5/6/2013,4.4
5/7/2013,5.7
5/8/2013,1
5/9/2013,2.9
5/10/2013,4.8
5/11/2013,1.6
5/12/2013,1.3
5/13/2013,1.1
5/14/2013,1.2
5/15/2013,2.5
5/16/2013,4.5
5/17/2013,5.2
5/18/2013,5.6
5/19/2013,3.7
5/20/2013,5.5
5/21/2013,5
5/22/2013,4.5
5/23/2013,3.2
5/24/2013,5.2
5/25/2013,5.5
5/26/2013,3.9
5/27/2013,2.6
5/28/2013,3.6
5/29/2013,8.4
5/30/2013,7.7
5/31/2013,3.4
6/1/2013,1.4
6/2/2013,1.2
6/3/2013,5.4
6/4/2013,6.7
6/5/2013,2.9
6/6/2013,5.2
6/7/2013,2.6
6/8/2013,1.8
6/9/2013,1.5
6/10/2013,1.1
6/11/2013,1.7
6/12/2013,2.3
6/13/2013,3.2
6/14/2013,5.6
6/15/2013,4.6
6/16/2013,5.4
6/17/2013,5.8
6/18/2013,2.3
6/19/2013,1.2
6/20/2013,1.5
6/21/2013,2.1
6/22/2013,3.7
6/23/2013,4.6
6/24/2013,5.6
6/25/2013,3
6/26/2013,4.2
6/27/2013,1.6
6/28/2013,2.8
6/29/2013,1.7
6/30/2013,1.7
7/1/2013,5.7
7/2/2013,8.6
7/3/2013,8.4
7/4/2013,6.1
7/5/2013,5
7/6/2013,4.8
7/7/2013,1.5
7/8/2013,1.3
7/9/2013,1.7
7/10/2013,2.1
7/11/2013,1.8
7/12/2013,2.1
7/13/2013,0.9
7/14/2013,1.2
7/15/2013,1.7
7/16/2013,4.9
7/17/2013,8.3
7/18/2013,10
7/19/2013,10.8
7/20/2013,6.4
7/21/2013,1.6
7/22/2013,1.2
7/23/2013,2.8
7/24/2013,5.9
7/25/2013,6.9
7/26/2013,7.8
7/27/2013,8.3
7/28/2013,8.8
7/29/2013,6
7/30/2013,6.4
7/31/2013,5.8
8/1/2013,3.9
8/2/2013,2.1
8/3/2013,1.5
8/4/2013,3.5
8/5/2013,5.4
8/6/2013,7.9
8/7/2013,7.5
8/8/2013,8.2
8/9/2013,7.1
8/10/2013,4.3
8/11/2013,5.7
8/12/2013,4.2
8/13/2013,2.8
8/14/2013,5.4
8/15/2013,8.1
8/16/2013,7.3
8/17/2013,6.3
8/18/2013,7.2
8/19/2013,4.4
8/20/2013,1.8
8/21/2013,3.6
8/22/2013,5.9
8/23/2013,4.2
8/24/2013,3.2
8/25/2013,2.5
8/26/2013,3.7
8/27/2013,5
8/28/2013,3
8/29/2013,3.9
8/30/2013,5.1
8/31/2013,2.3
9/1/2013,1.5
9/2/2013,2
9/3/2013,2.3
9/4/2013,1.7
9/5/2013,1.7
9/6/2013,1.7
9/7/2013,7.4
9/8/2013,7.7
9/9/2013,6.9
9/10/2013,8.4
9/11/2013,9.6
9/12/2013,10.7
9/13/2013,8.9
9/14/2013,6.8
9/15/2013,7.2
9/16/2013,7.6
9/17/2013,7.3
9/18/2013,8.3
9/19/2013,9.4
9/20/2013,9
9/21/2013,7.8
9/22/2013,8.7
9/23/2013,8.3
9/24/2013,6.8
9/25/2013,6.8
9/26/2013,4.1
9/27/2013,6.8
9/28/2013,5.9
9/29/2013,2.8
9/30/2013,2
10/1/2013,2.9
10/2/2013,2
10/3/2013,2.9
10/4/2013,2.9
10/5/2013,4.7
10/6/2013,2.7
10/7/2013,3.1
10/8/2013,3.5
10/9/2013,2.5
10/10/2013,5.7
10/11/2013,7.3
10/12/2013,7.3
10/13/2013,8.3
10/14/2013,7.2
10/15/2013,6
10/16/2013,7
10/17/2013,7.6
10/18/2013,9.9
10/19/2013,9.1
10/20/2013,9.5
10/21/2013,7.5
10/22/2013,6.8
10/23/2013,7.1
10/24/2013,7.5
10/25/2013,5.6
10/26/2013,8
10/27/2013,6.2
10/28/2013,4.7
10/29/2013,2.3
10/30/2013,3.6
10/31/2013,7.5
11/1/2013,4.5
11/2/2013,5.5
11/3/2013,6.5
11/4/2013,6.2
11/5/2013,6.1
11/6/2013,5.8
11/7/2013,5.6
11/8/2013,5.1
11/9/2013,3.5
11/10/2013,3.6
11/11/2013,4.4
11/12/2013,4.1
11/13/2013,2
11/14/2013,1.6
11/15/2013,1.5
11/16/2013,2.8
11/17/2013,3.1
11/18/2013,7.3
11/19/2013,5.8
11/20/2013,2.9
11/21/2013,2.2
11/22/2013,5.3
11/23/2013,5.1
11/24/2013,4.9
11/25/2013,4.7
11/26/2013,6.7
11/27/2013,5.6
11/28/2013,2.9
11/29/2013,5.3
11/30/2013,6.1
12/1/2013,4.9
12/2/2013,3.8
12/3/2013,5.9
12/4/2013,7.6
12/5/2013,7.1
12/6/2013,6.2
12/7/2013,6.5
12/8/2013,5.9
12/9/2013,2.8
12/10/2013,3.9
12/11/2013,1.7
12/12/2013,2.5
12/13/2013,2.1
12/14/2013,3
12/15/2013,4.1
12/16/2013,5.4
12/17/2013,5.8
12/18/2013,6.2
12/19/2013,5.1
12/20/2013,3.6
12/21/2013,2.9
12/22/2013,2.1
12/23/2013,1.4
12/24/2013,1.3
12/25/2013,2.5
12/26/2013,2.4
12/27/2013,4.2
12/28/2013,3.7
12/29/2013,2.7
12/30/2013,1.7
12/31/2013,2.3
1/1/2014,5.7
1/2/2014,4.7
1/3/2014,3.6
1/4/2014,3.2
1/5/2014,3.9
1/6/2014,4.2
1/7/2014,5.3
1/8/2014,6.3
1/9/2014,6.5
1/10/2014,6.1
1/11/2014,3.8
1/12/2014,2.3
1/13/2014,2.4
1/14/2014,4
1/15/2014,4.4
1/16/2014,2.1
1/17/2014,2.6
1/18/2014,1.5
1/19/2014,1.5
1/20/2014,1.8
1/21/2014,2
1/22/2014,2.6
1/23/2014,3.2
1/24/2014,3.7
1/25/2014,3.4
1/26/2014,1.4
1/27/2014,1.7
1/28/2014,2.4
1/29/2014,2.2
1/30/2014,3.7
1/31/2014,2.5
2/1/2014,2.7
2/2/2014,6.6
2/3/2014,4.1
2/4/2014,2.4
2/5/2014,1.8
2/6/2014,2
2/7/2014,2.1
2/8/2014,3
2/9/2014,2.8
2/10/2014,2.8
2/11/2014,1.3
2/12/2014,2.2
2/13/2014,1.4
2/14/2014,1.1
2/15/2014,1
2/16/2014,2.6
2/17/2014,2.6
2/18/2014,1.2
2/19/2014,1.2
2/20/2014,0.8
2/21/2014,0.4
2/22/2014,0.7
2/23/2014,2.9
2/24/2014,2.5
2/25/2014,3.9
2/26/2014,5.8
2/27/2014,6.3
2/28/2014,4.8
3/1/2014,5.7
3/2/2014,3.4
3/3/2014,2.1
3/4/2014,2.5
3/5/2014,1.7
3/6/2014,1.9
3/7/2014,1.5
3/8/2014,3.1
3/9/2014,2.2
3/10/2014,2
3/11/2014,2.2
3/12/2014,1.2
3/13/2014,1.8
3/14/2014,3.5
3/15/2014,8.7
3/16/2014,9.9
3/17/2014,7.6
3/18/2014,5.4
3/19/2014,2.1
3/20/2014,1.3
3/21/2014,1.7
3/22/2014,1.7
3/23/2014,2.8
3/24/2014,2.6
3/25/2014,2.4
3/26/2014,2.3
3/27/2014,3.7
3/28/2014,1.8
3/29/2014,2.3
3/30/2014,1.9
3/31/2014,2.4
4/1/2014,1.7
4/2/2014,3.2
4/3/2014,3
4/4/2014,4
4/5/2014,2.4
4/6/2014,4.1
4/7/2014,6.6
4/8/2014,7
4/9/2014,5.3
4/10/2014,3.7
4/11/2014,3.9
4/12/2014,4.3
4/13/2014,3.1
4/14/2014,1.4
4/15/2014,1.4
4/16/2014,1.6
4/17/2014,2.1
4/18/2014,3.3
4/19/2014,2.6
4/20/2014,5.3
4/21/2014,4.7
4/22/2014,1.7
4/23/2014,2.1
4/24/2014,3.1
4/25/2014,5
4/26/2014,4.6
4/27/2014,7.8
4/28/2014,4.4
4/29/2014,4
4/30/2014,3
5/1/2014,1.8
5/2/2014,2
5/3/2014,3.2
5/4/2014,3.9
5/5/2014,2.8
5/6/2014,2.7
5/7/2014,3.7
5/8/2014,6
5/9/2014,5.7
5/10/2014,5.6
5/11/2014,7.9
5/12/2014,7.2
5/13/2014,6.5
5/14/2014,7
5/15/2014,7
5/16/2014,6.5
5/17/2014,3.5
5/18/2014,2.3
5/19/2014,1.2
5/20/2014,2.2
5/21/2014,1
5/22/2014,2.9
5/23/2014,6.8
5/24/2014,9
5/25/2014,7.7
5/26/2014,3.4
5/27/2014,1.5
5/28/2014,3.8
5/29/2014,7
5/30/2014,7.9
5/31/2014,6.5
6/1/2014,7.2
6/2/2014,6.4
6/3/2014,5.6
6/4/2014,4.6
6/5/2014,6.4
6/6/2014,5.6
6/7/2014,7.3
6/8/2014,10
6/9/2014,8.4
6/10/2014,7.5
6/11/2014,6.2
6/12/2014,2.6
6/13/2014,1.5
6/14/2014,4.2
6/15/2014,8.2
6/16/2014,9.3
6/17/2014,7.1
6/18/2014,5.4
6/19/2014,2.3
6/20/2014,3.5
6/21/2014,5
6/22/2014,5.1
6/23/2014,2
6/24/2014,4.7
6/25/2014,5.8
6/26/2014,7
6/27/2014,6.4
6/28/2014,6.4
6/29/2014,6.7
6/30/2014,8.1
7/1/2014,5.7
7/2/2014,4.9
7/3/2014,3.3
7/4/2014,3.9
7/5/2014,6
7/6/2014,6
7/7/2014,9
7/8/2014,5.2
7/9/2014,3.3
7/10/2014,4.7
7/11/2014,2.4
7/12/2014,2
7/13/2014,1.1
7/14/2014,2.2
7/15/2014,2.2
7/16/2014,1.3
7/17/2014,2.1
7/18/2014,4.4
7/19/2014,6.2
7/20/2014,3.2
7/21/2014,2.5
7/22/2014,4.6
7/23/2014,5.6
7/24/2014,7.7
7/25/2014,7.2
7/26/2014,7.4
7/27/2014,8.1
7/28/2014,4.6
7/29/2014,6.3
7/30/2014,4.5
7/31/2014,4.7
8/1/2014,9.5
8/2/2014,10.8
8/3/2014,9
8/4/2014,6.8
8/5/2014,6.8
8/6/2014,3.7
8/7/2014,3.1
8/8/2014,5.2
8/9/2014,3.4
8/10/2014,3.2
8/11/2014,2.8
8/12/2014,3.2
8/13/2014,3.8
8/14/2014,2
8/15/2014,2.6
8/16/2014,2.7
8/17/2014,3.4
8/18/2014,3.6
8/19/2014,7.4
8/20/2014,6.3
8/21/2014,4.5
8/22/2014,4.1
8/23/2014,7.4
8/24/2014,7.6
8/25/2014,9.2
8/26/2014,9.9
8/27/2014,8.7
8/28/2014,8.4
8/29/2014,9.7
8/30/2014,9.5
8/31/2014,8.3
9/1/2014,7.7
9/2/2014,5.4
9/3/2014,6.4
9/4/2014,7.2
9/5/2014,8.4
9/6/2014,5.7
9/7/2014,3.5
9/8/2014,5.6
9/9/2014,6.8
9/10/2014,6.9
9/11/2014,6.6
9/12/2014,6.2
9/13/2014,7.1
9/14/2014,6.3
9/15/2014,4.6
9/16/2014,5.3
9/17/2014,4
9/18/2014,4.7
9/19/2014,4.1
9/20/2014,5.4
9/21/2014,4
9/22/2014,3.7
9/23/2014,7.2
9/24/2014,6.6
9/25/2014,8
9/26/2014,7.4
9/27/2014,7.4
9/28/2014,5.3
9/29/2014,5.5
9/30/2014,6.6
10/1/2014,5.9
10/2/2014,7
10/3/2014,7.1
10/4/2014,7.7
10/5/2014,6.5
10/6/2014,5.8
10/7/2014,5.9
10/8/2014,5.9
10/9/2014,5.9
10/10/2014,4.3
10/11/2014,2.3
10/12/2014,2.3
10/13/2014,3.5
10/14/2014,2.4
10/15/2014,4.2
10/16/2014,5.5
10/17/2014,5.4
10/18/2014,6.8
10/19/2014,4.9
10/20/2014,4.9
10/21/2014,5.9
10/22/2014,5.7
10/23/2014,4.8
10/24/2014,3.5
10/25/2014,1.7
10/26/2014,4
10/27/2014,5.6
10/28/2014,6.6
10/29/2014,6.5
10/30/2014,3.1
10/31/2014,2.3
11/1/2014,7.4
11/2/2014,9.7
11/3/2014,5.4
11/4/2014,6.4
11/5/2014,7.5
11/6/2014,7
11/7/2014,4.9
11/8/2014,3.4
11/9/2014,1.6
11/10/2014,2.1
11/11/2014,1.5
11/12/2014,2.9
11/13/2014,3.7
11/14/2014,4.4
11/15/2014,7.3
11/16/2014,5.3
11/17/2014,5.6
11/18/2014,6.2
11/19/2014,6.4
11/20/2014,6.4
11/21/2014,6.4
11/22/2014,4.8
11/23/2014,1.1
11/24/2014,1.9
11/25/2014,3.1
11/26/2014,3.2
11/27/2014,1.3
11/28/2014,1.2
11/29/2014,2.1
11/30/2014,3.9
12/1/2014,5
12/2/2014,5.9
12/3/2014,8.3
12/4/2014,7.1
12/5/2014,3
12/6/2014,3.6
12/7/2014,6.2
12/8/2014,5.3
12/9/2014,5.9
12/10/2014,7.3
12/11/2014,5.1
12/12/2014,3.2
12/13/2014,5.6
12/14/2014,2.9
12/15/2014,2
12/16/2014,1.8
12/17/2014,4.3
12/18/2014,7.7
12/19/2014,4.2
12/20/2014,3.7
12/21/2014,6.1
12/22/2014,7.5
12/23/2014,7.3
12/24/2014,7.2
12/25/2014,7
12/26/2014,7.4
12/27/2014,5.2
12/28/2014,3.7
12/29/2014,2.9
12/30/2014,2.1
12/31/2014,2.9
1/1/2015,3.1
1/2/2015,4.9
1/3/2015,10.3
1/4/2015,4.3
1/5/2015,8.1
1/6/2015,4.3
1/7/2015,3.8
1/8/2015,3.6
1/9/2015,4.7
1/10/2015,3.6
1/11/2015,3.4
1/12/2015,4.5
1/13/2015,6.7
1/14/2015,6.3
1/15/2015,5.1
1/16/2015,5.4
1/17/2015,4.9
1/18/2015,6
1/19/2015,5.1
1/20/2015,3.4
1/21/2015,4.3
1/22/2015,4.5
1/23/2015,4.9
1/24/2015,6.3
1/25/2015,3.4
1/26/2015,5.4
1/27/2015,5.1
1/28/2015,6.3
1/29/2015,10.3
1/30/2015,10.3
1/31/2015,12.5
2/1/2015,10.5
2/2/2015,5.8
2/3/2015,9.2
2/4/2015,12.1
2/5/2015,4.9
2/6/2015,4.7
2/7/2015,6.3
2/8/2015,2.7
2/9/2015,6.7
2/10/2015,5.6
2/11/2015,4.5
2/12/2015,6.9
2/13/2015,7.6
2/14/2015,6.7
2/15/2015,10.3
2/16/2015,8.7
2/17/2015,5.6
2/18/2015,6.3
2/19/2015,5.1
2/20/2015,4.9
2/21/2015,4
2/22/2015,3.1
2/23/2015,5.4
2/24/2015,6.7
2/25/2015,4.3
2/26/2015,6.5
2/27/2015,10.5
2/28/2015,8.3
3/1/2015,9.6
3/2/2015,9.6
3/3/2015,3.8
3/4/2015,5.6
3/5/2015,6
3/6/2015,6
3/7/2015,6
3/8/2015,4.7
3/9/2015,3.6
3/10/2015,6.5
3/11/2015,7.4
3/12/2015,4.9
3/13/2015,3.4
3/14/2015,5.1
3/15/2015,6.3
3/16/2015,5.4
3/17/2015,3.4
3/18/2015,3.6
3/19/2015,4.5
3/20/2015,6
3/21/2015,7.6
3/22/2015,4.7
3/23/2015,5.6
3/24/2015,3.4
3/25/2015,5.4
3/26/2015,4.9
3/27/2015,4.7
3/28/2015,3.4
3/29/2015,3.4
3/30/2015,2.9
3/31/2015,4.5
4/1/2015,9.2
4/2/2015,10.1
4/3/2015,7.4
4/4/2015,6.9
4/5/2015,6.9
4/6/2015,7.8
4/7/2015,8.9
4/8/2015,9.2
4/9/2015,10.3
4/10/2015,11.4
4/11/2015,10.7
4/12/2015,11.9
4/13/2015,5.1
4/14/2015,5.8
4/15/2015,6.9
4/16/2015,18.3
4/17/2015,13.9
4/18/2015,8.3
4/19/2015,6
4/20/2015,4.5
4/21/2015,4.5
4/22/2015,5.8
4/23/2015,5.1
4/24/2015,5.6
4/25/2015,6.9
4/26/2015,3.1
4/27/2015,5.1
4/28/2015,5.4
4/29/2015,6.3
4/30/2015,15.7
5/1/2015,16.8
5/2/2015,21.3
5/3/2015,14.3
5/4/2015,11.2
5/5/2015,8.1
5/6/2015,6
5/7/2015,13.4
5/8/2015,15.9
5/9/2015,8.5
5/10/2015,9.2
5/11/2015,4.3
5/12/2015,9.8
5/13/2015,14.1
5/14/2015,10.3
5/15/2015,13.4
5/16/2015,5.1
5/17/2015,11.6
5/18/2015,15.2
5/19/2015,13.6
5/20/2015,14.8
5/21/2015,17
5/22/2015,15.2
5/23/2015,9.8
5/24/2015,7.8
5/25/2015,10.5
5/26/2015,15.9
5/27/2015,13
5/28/2015,14.3
5/29/2015,11
5/30/2015,7.8
5/31/2015,9.6
6/1/2015,12.5
6/2/2015,13.2
6/3/2015,13.2
6/4/2015,13.9
6/5/2015,14.5
6/6/2015,16.1
6/7/2015,12.8
6/8/2015,12.3
6/9/2015,14.3
6/10/2015,17.7
6/11/2015,21
6/12/2015,17.2
6/13/2015,19
6/14/2015,16.8
6/15/2015,8.3
6/16/2015,4.3
6/17/2015,8.3
6/18/2015,23.3
6/19/2015,22.1
6/20/2015,19.5
6/21/2015,18.8
6/22/2015,10.5
6/23/2015,5.1
6/24/2015,7.4
6/25/2015,17.7
6/26/2015,17.9
6/27/2015,17.7
6/28/2015,18.6
6/29/2015,19.7
6/30/2015,19.9
7/1/2015,17.7
7/2/2015,19.2
7/3/2015,18.1
7/4/2015,13.6
7/5/2015,7.2
7/6/2015,13.4
7/7/2015,15.4
7/8/2015,8.5
7/9/2015,5.1
7/10/2015,8.5
7/11/2015,11.2
7/12/2015,9.8
7/13/2015,15
7/14/2015,19.9
7/15/2015,17.9
7/16/2015,19.2
7/17/2015,15.7
7/18/2015,12.8
7/19/2015,10.7
7/20/2015,13.2
7/21/2015,17.9
7/22/2015,23
7/23/2015,24.2
7/24/2015,20.4
7/25/2015,19.7
7/26/2015,21.5
7/27/2015,21.7
7/28/2015,18.3
7/29/2015,16.8
7/30/2015,17.7
7/31/2015,19.7
8/1/2015,17
8/2/2015,20.4
8/3/2015,20.6
8/4/2015,22.8
8/5/2015,20.8
8/6/2015,17.7
8/7/2015,17
8/8/2015,13.9
8/9/2015,9.2
8/10/2015,6.5
8/11/2015,8.7
8/12/2015,18.3
8/13/2015,17.7
8/14/2015,10.3
8/15/2015,11.6
8/16/2015,10.7
8/17/2015,10.3
8/18/2015,12.5
8/19/2015,16.1
8/20/2015,13.6
8/21/2015,15.9
8/22/2015,16.3
8/23/2015,13.4
8/24/2015,3.8
8/25/2015,9.6
8/26/2015,10.3
8/27/2015,11.9
8/28/2015,18.1
8/29/2015,17
8/30/2015,19
8/31/2015,17.4
9/1/2015,19
9/2/2015,13.9
9/3/2015,12.5
9/4/2015,14.5
9/5/2015,11.4
9/6/2015,11
9/7/2015,6.7
9/8/2015,16.6
9/9/2015,20.4
9/10/2015,17
9/11/2015,13.4
9/12/2015,11.2
9/13/2015,10.3
9/14/2015,11
9/15/2015,18.3
9/16/2015,19
9/17/2015,20.6
9/18/2015,21.7
9/19/2015,18.6
9/20/2015,13.9
9/21/2015,7.6
9/22/2015,4.5
9/23/2015,6.7
9/24/2015,11.9
9/25/2015,9.4
9/26/2015,11.9
9/27/2015,8.5
9/28/2015,9.8
9/29/2015,16.1
9/30/2015,17.2
10/1/2015,18.6
10/2/2015,15.9
10/3/2015,17.9
10/4/2015,17.7
10/5/2015,21.9
10/6/2015,20.8
10/7/2015,17
10/8/2015,14.8
10/9/2015,13.9
10/10/2015,16.1
10/11/2015,7.4
10/12/2015,3.8
10/13/2015,8.7
10/14/2015,16.1
10/15/2015,18.1
10/16/2015,19
10/17/2015,18.8
10/18/2015,15.7
10/19/2015,12.1
10/20/2015,16.1
10/21/2015,15.2
10/22/2015,18.1
10/23/2015,16.8
10/24/2015,16.3
10/25/2015,15.2
10/26/2015,15.9
10/27/2015,12.8
10/28/2015,14.8
10/29/2015,10.1
10/30/2015,9.6
10/31/2015,13.6
11/1/2015,15.7
11/2/2015,16.1
11/3/2015,14.3
11/4/2015,14.3
11/5/2015,13.2
11/6/2015,14.1
11/7/2015,10.1
11/8/2015,10.1
11/9/2015,7.8
11/10/2015,8.7
11/11/2015,9.2
11/12/2015,7.8
11/13/2015,6.5
11/14/2015,10.3
11/15/2015,11.9
11/16/2015,12.8
11/17/2015,12.1
11/18/2015,12.5
11/19/2015,11.9
11/20/2015,11.4
11/21/2015,13
11/22/2015,13.9
11/23/2015,17.7
11/24/2015,17.9
11/25/2015,16.3
11/26/2015,12.5
11/27/2015,9.6
11/28/2015,18.6
11/29/2015,11
11/30/2015,9.6
12/1/2015,6
12/2/2015,8.3
12/3/2015,5.6
12/4/2015,9.6
12/5/2015,13.2
12/6/2015,13.2
12/7/2015,15.7
12/8/2015,11.4
12/9/2015,10.5
12/10/2015,12.8
12/11/2015,15.7
12/12/2015,15.9
12/13/2015,14.3
12/14/2015,11.2
12/15/2015,6.3
12/16/2015,7.2
12/17/2015,10.5
12/18/2015,5.8
12/19/2015,12.5
12/20/2015,12.5
12/21/2015,11
12/22/2015,9.2
12/23/2015,9.2
12/24/2015,8.9
12/25/2015,8.7
12/26/2015,4
12/27/2015,6.5
12/28/2015,19
12/29/2015,17.7
12/30/2015,9.4
12/31/2015,15
1/1/2016,8.3
1/2/2016,5.6
1/3/2016,5.8
1/4/2016,4.5
1/5/2016,4.9
1/6/2016,4
1/7/2016,5.4
1/8/2016,6.5
1/9/2016,14.3
1/10/2016,13.4
1/11/2016,12.5
1/12/2016,14.5
1/13/2016,15.4
1/14/2016,15.2
1/15/2016,16.6
1/16/2016,16.8
1/17/2016,12.5
1/18/2016,8.1
1/19/2016,9.8
1/20/2016,8.5
1/21/2016,8.3
1/22/2016,4.3
1/23/2016,4.7
1/24/2016,7.4
1/25/2016,8.1
1/26/2016,13.6
1/27/2016,16.1
1/28/2016,14.3
1/29/2016,11.6
1/30/2016,8.1
1/31/2016,8.1
2/1/2016,7.6
2/2/2016,9.6
2/3/2016,15.2
2/4/2016,15.7
2/5/2016,16.8
2/6/2016,12.3
2/7/2016,9.6
2/8/2016,5.8
2/9/2016,6.9
2/10/2016,11
2/11/2016,13.6
2/12/2016,11
2/13/2016,6.5
2/14/2016,5.8
2/15/2016,10.5
2/16/2016,15.2
2/17/2016,17
2/18/2016,17.4
2/19/2016,11.9
2/20/2016,13
2/21/2016,8.3
2/22/2016,6.3
2/23/2016,8.3
2/24/2016,13.6
2/25/2016,15.2
2/26/2016,18.6
2/27/2016,17.4
2/28/2016,13.6
2/29/2016,12.3
3/1/2016,7.6
3/2/2016,12.8
3/3/2016,11.2
3/4/2016,7.6
3/5/2016,10.1
3/6/2016,11.9
3/7/2016,12.5
3/8/2016,12.8
3/9/2016,12.3
3/10/2016,10.3
3/11/2016,6.7
3/12/2016,5.1
3/13/2016,4.9
3/14/2016,2.5
3/15/2016,2.7
3/16/2016,4.5
3/17/2016,3.6
3/18/2016,5.4
3/19/2016,5.8
3/20/2016,5.6
3/21/2016,6
3/22/2016,3.4
3/23/2016,4.7
3/24/2016,6
3/25/2016,5.1
3/26/2016,2.9
3/27/2016,4.7
3/28/2016,7.4
3/29/2016,3.8
3/30/2016,3.4
3/31/2016,2.9
4/1/2016,4.7
4/2/2016,5.6
4/3/2016,5.6
4/4/2016,3.8
4/5/2016,6.5
4/6/2016,4.9
4/7/2016,6.5
4/8/2016,12.8
4/9/2016,17.9
4/10/2016,8.7
4/11/2016,11.9
4/12/2016,11.4
4/13/2016,14.3
4/14/2016,7.8
4/15/2016,16.3
4/16/2016,9.6
4/17/2016,4.3
4/18/2016,8.5
4/19/2016,7.6
4/20/2016,16.3
4/21/2016,15.7
4/22/2016,12.8
4/23/2016,17.2
4/24/2016,12.3
4/25/2016,9.2
4/26/2016,6.3
4/27/2016,13.6
4/28/2016,17.7
4/29/2016,14.1
4/30/2016,17.2
5/1/2016,12.3
5/2/2016,4.5
5/3/2016,2.9
5/4/2016,2.7
5/5/2016,4.5
5/6/2016,10.7
5/7/2016,18.8
5/8/2016,17.4
5/9/2016,14.5
5/10/2016,18.3
5/11/2016,20.6
5/12/2016,19.2
5/13/2016,11.6
5/14/2016,11.6
5/15/2016,10.5
5/16/2016,7.4
5/17/2016,13
5/18/2016,14.5
5/19/2016,15.7
5/20/2016,15.4
5/21/2016,5.6
5/22/2016,3.8
5/23/2016,3.8
5/24/2016,5.4
5/25/2016,9.8
5/26/2016,14.5
5/27/2016,15.9
5/28/2016,15.7
5/29/2016,13.9
5/30/2016,15.4
5/31/2016,15
6/1/2016,14.5
6/2/2016,15.2
6/3/2016,13
6/4/2016,15.4
6/5/2016,15.9
6/6/2016,16.6
6/7/2016,18.3
6/8/2016,19.9
6/9/2016,12.5
6/10/2016,9.2
6/11/2016,6.7
6/12/2016,13
6/13/2016,14.1
6/14/2016,13
6/15/2016,8.3
6/16/2016,10.7
6/17/2016,16.8
6/18/2016,14.3
6/19/2016,12.5
6/20/2016,12.5
6/21/2016,16.3
6/22/2016,16.6
6/23/2016,15.4
6/24/2016,13.6
6/25/2016,19.7
6/26/2016,19.2
6/27/2016,18.1
6/28/2016,19.2
6/29/2016,19.5
6/30/2016,12.5
7/1/2016,12.3
7/2/2016,14.8
7/3/2016,15.7
7/4/2016,14.8
7/5/2016,20.6
7/6/2016,18.3
7/7/2016,13
7/8/2016,10.3
7/9/2016,6.7
7/10/2016,7.6
7/11/2016,3.8
7/12/2016,6.7
7/13/2016,11
7/14/2016,10.1
7/15/2016,12.3
7/16/2016,12.1
7/17/2016,8.5
7/18/2016,10.5
7/19/2016,15
7/20/2016,9.6
7/21/2016,12.5
7/22/2016,14.1
7/23/2016,13.9
7/24/2016,17
7/25/2016,18.1
7/26/2016,17.2
7/27/2016,18.1
7/28/2016,16.3
7/29/2016,14.8
7/30/2016,14.1
7/31/2016,10.7
8/1/2016,4.5
8/2/2016,8.9
8/3/2016,17.9
8/4/2016,14.5
8/5/2016,9.2
8/6/2016,8.5
8/7/2016,7.8
8/8/2016,14.1
8/9/2016,8.5
8/10/2016,12.3
8/11/2016,13.4
8/12/2016,14.8
8/13/2016,15
8/14/2016,13
8/15/2016,11.4
8/16/2016,10.7
8/17/2016,8.5
8/18/2016,3.6
8/19/2016,2.7
8/20/2016,6.3
8/21/2016,16.1
8/22/2016,17.9
8/23/2016,12.5
8/24/2016,18.1
8/25/2016,19.7
8/26/2016,19.9
8/27/2016,21
8/28/2016,14.8
8/29/2016,15.2
8/30/2016,7.4
8/31/2016,4.3
9/1/2016,5.6
9/2/2016,12.3
9/3/2016,19.2
9/4/2016,12.5
9/5/2016,10.3
9/6/2016,12.1
9/7/2016,16.8
9/8/2016,11.6
9/9/2016,2.2
9/10/2016,4.5
9/11/2016,6.3
9/12/2016,13
9/13/2016,14.1
9/14/2016,13.6
9/15/2016,15.9
9/16/2016,17
9/17/2016,13.2
9/18/2016,10.5
9/19/2016,8.3
9/20/2016,3.8
9/21/2016,3.1
9/22/2016,4
9/23/2016,6.7
9/24/2016,8.7
9/25/2016,4.7
9/26/2016,8.1
9/27/2016,4.5
9/28/2016,11
9/29/2016,6.9
9/30/2016,3.8
10/1/2016,4.3
10/2/2016,5.8
10/3/2016,5.4
10/4/2016,7.8
10/5/2016,16.6
10/6/2016,18.3
10/7/2016,17
10/8/2016,17.7
10/9/2016,14.1
10/10/2016,8.1
10/11/2016,4.5
10/12/2016,10.7
10/13/2016,9.4
10/14/2016,7.4
10/15/2016,11.6
10/16/2016,15.9
10/17/2016,15.7
10/18/2016,12.3
10/19/2016,7.4
10/20/2016,6.7
10/21/2016,4.3
10/22/2016,4.5
10/23/2016,8.1
10/24/2016,5.8
10/25/2016,10.1
10/26/2016,7.8
10/27/2016,9.8
10/28/2016,7.4
10/29/2016,9.8
10/30/2016,5.4
10/31/2016,6.7
11/1/2016,7.4
11/2/2016,15
11/3/2016,17.2
11/4/2016,16.6
11/5/2016,14.3
11/6/2016,10.3
11/7/2016,8.1
11/8/2016,4.9
11/9/2016,6.9
11/10/2016,6.5
11/11/2016,5.8
11/12/2016,5.1
11/13/2016,7.2
11/14/2016,8.1
11/15/2016,4.3
11/16/2016,3.4
11/17/2016,2.9
11/18/2016,8.1
11/19/2016,12.5
11/20/2016,11.9
11/21/2016,6.7
11/22/2016,9.6
11/23/2016,8.7
11/24/2016,4.3
11/25/2016,4
11/26/2016,2.9
11/27/2016,3.6
11/28/2016,5.6
11/29/2016,3.1
11/30/2016,3.6
12/1/2016,4
12/2/2016,2.9
12/3/2016,3.1
12/4/2016,6.9
12/5/2016,6.9
12/6/2016,6.5
12/7/2016,4
12/8/2016,7.2
12/9/2016,8.3
12/10/2016,9.6
12/11/2016,11.4
12/12/2016,8.3
12/13/2016,3.6
12/14/2016,2.9
12/15/2016,3.4
12/16/2016,5.1
12/17/2016,7.4
12/18/2016,5.4
12/19/2016,4.9
12/20/2016,4
12/21/2016,5.1
12/22/2016,5.1
12/23/2016,4.5
12/24/2016,4.5
12/25/2016,6.7
12/26/2016,6.3
12/27/2016,7.2
12/28/2016,7.8
12/29/2016,8.9
12/30/2016,14.1
12/31/2016,8.9
