Date,SRD_wpm2
1/1/2005,15.147
1/2/2005,14.518
1/3/2005,16.409
1/4/2005,17.352
1/5/2005,21.679
1/6/2005,15.056
1/7/2005,13.746
1/8/2005,18.812
1/9/2005,23.098
1/10/2005,19.763
1/11/2005,15.253
1/12/2005,24.521
1/13/2005,20.685
1/14/2005,14.153
1/15/2005,15.984
1/16/2005,16.039
1/17/2005,16.93
1/18/2005,9.561
1/19/2005,12.329
1/20/2005,18.299
1/21/2005,17.6
1/22/2005,20.682
1/23/2005,22.454
1/24/2005,19.279
1/25/2005,24.401
1/26/2005,14.637
1/27/2005,15.962
1/28/2005,25.976
1/29/2005,19.94
1/30/2005,16.617
1/31/2005,15.096
2/1/2005,3.801
2/2/2005,12.772
2/3/2005,11.744
2/4/2005,23.576
2/5/2005,16.283
2/6/2005,12.344
2/7/2005,11.608
2/8/2005,13.414
2/9/2005,26.767
2/10/2005,21.899
2/11/2005,21.65
2/12/2005,24.321
2/13/2005,26.052
2/14/2005,23.057
2/15/2005,11.871
2/16/2005,2.701
2/17/2005,11.586
2/18/2005,19.13
2/19/2005,20.866
2/20/2005,21.268
2/21/2005,24.694
2/22/2005,28.514
2/23/2005,24.494
2/24/2005,25.11
2/25/2005,22.834
2/26/2005,12.9
2/27/2005,18.572
2/28/2005,21.735
3/1/2005,26.191
3/2/2005,18.59
3/3/2005,12.739
3/4/2005,16.509
3/5/2005,20.595
3/6/2005,24.586
3/7/2005,24.023
3/8/2005,24.082
3/9/2005,20.962
3/10/2005,25.679
3/11/2005,21.051
3/12/2005,19.296
3/13/2005,23.026
3/14/2005,7.507
3/15/2005,13.634
3/16/2005,9.02
3/17/2005,19.362
3/18/2005,25.71
3/19/2005,25.033
3/20/2005,23.355
3/21/2005,22.966
3/22/2005,23.745
3/23/2005,23.793
3/24/2005,24.299
3/25/2005,23.193
3/26/2005,14.439
3/27/2005,1.469
3/28/2005,21.299
3/29/2005,22.885
3/30/2005,16.589
3/31/2005,20.02
4/1/2005,13.858
4/2/2005,13.727
4/3/2005,8.786
4/4/2005,13.084
4/5/2005,6.649
4/6/2005,5.814
4/7/2005,14.917
4/8/2005,13.577
4/9/2005,20.581
4/10/2005,14.486
4/11/2005,15.406
4/12/2005,16.531
4/13/2005,1.713
4/14/2005,21.482
4/15/2005,20.71
4/16/2005,11.43
4/17/2005,13.713
4/18/2005,19.544
4/19/2005,17.396
4/20/2005,9.624
4/21/2005,6.044
4/22/2005,9.963
4/23/2005,6.447
4/24/2005,7.834
4/25/2005,14.148
4/26/2005,12.212
4/27/2005,13.275
4/28/2005,15.626
4/29/2005,18.538
4/30/2005,11.806
5/1/2005,16.425
5/2/2005,10.859
5/3/2005,12.915
5/4/2005,14.398
5/5/2005,13.151
5/6/2005,8.804
5/7/2005,11.077
5/8/2005,10.217
5/9/2005,7.927
5/10/2005,16.787
5/11/2005,16.094
5/12/2005,6.237
5/13/2005,8.995
5/14/2005,9.529
5/15/2005,11.369
5/16/2005,14.996
5/17/2005,15.979
5/18/2005,11.295
5/19/2005,7.112
5/20/2005,9.668
5/21/2005,10.746
5/22/2005,13.064
5/23/2005,13.595
5/24/2005,6.223
5/25/2005,14.326
5/26/2005,11.912
5/27/2005,14.645
5/28/2005,10.051
5/29/2005,10.197
5/30/2005,6.925
5/31/2005,8.737
6/1/2005,9.41
6/2/2005,8.662
6/3/2005,7.729
6/4/2005,18.985
6/5/2005,11.668
6/6/2005,6.077
6/7/2005,8.203
6/8/2005,5.956
6/9/2005,13.537
6/10/2005,11.548
6/11/2005,7.196
6/12/2005,15.187
6/13/2005,14.96
6/14/2005,10.057
6/15/2005,7.371
6/16/2005,8.091
6/17/2005,5.049
6/18/2005,3.922
6/19/2005,7.652
6/20/2005,11.866
6/21/2005,9.049
6/22/2005,7.754
6/23/2005,6.561
6/24/2005,10.206
6/25/2005,13.329
6/26/2005,9.284
6/27/2005,5.508
6/28/2005,5.654
6/29/2005,4.837
6/30/2005,3.348
7/1/2005,3.098
7/2/2005,4.154
7/3/2005,12.139
7/4/2005,16.715
7/5/2005,10.1
7/6/2005,4.898
7/7/2005,13.66
7/8/2005,14.897
7/9/2005,8.991
7/10/2005,6.138
7/11/2005,8.762
7/12/2005,10.406
7/13/2005,6.826
7/14/2005,9.983
7/15/2005,7.441
7/16/2005,9.257
7/17/2005,13.363
7/18/2005,5.947
7/19/2005,7.783
7/20/2005,7.618
7/21/2005,4.95
7/22/2005,11.801
7/23/2005,7.283
7/24/2005,4.703
7/25/2005,18.662
7/26/2005,14.405
7/27/2005,18.014
7/28/2005,13.928
7/29/2005,13.342
7/30/2005,12.823
7/31/2005,11.853
8/1/2005,6.368
8/2/2005,7.839
8/3/2005,18.191
8/4/2005,4.988
8/5/2005,15.743
8/6/2005,12.998
8/7/2005,10.332
8/8/2005,13.336
8/9/2005,9.774
8/10/2005,11.097
8/11/2005,15.817
8/12/2005,11.329
8/13/2005,10.543
8/14/2005,11.088
8/15/2005,15.597
8/16/2005,9.799
8/17/2005,3.566
8/18/2005,14.319
8/19/2005,12.034
8/20/2005,15.297
8/21/2005,21.814
8/22/2005,16.93
8/23/2005,22.314
8/24/2005,19.592
8/25/2005,20.391
8/26/2005,19.332
8/27/2005,22.352
8/28/2005,21.821
8/29/2005,18.482
8/30/2005,20.141
8/31/2005,14.857
9/1/2005,12.866
9/2/2005,19.879
9/3/2005,22.647
9/4/2005,20.766
9/5/2005,23.039
9/6/2005,25.844
9/7/2005,6.545
9/8/2005,13.617
9/9/2005,8.482
9/10/2005,5.252
9/11/2005,23.161
9/12/2005,23.789
9/13/2005,19.985
9/14/2005,17.84
9/15/2005,16.927
9/16/2005,18.657
9/17/2005,15.952
9/18/2005,17.104
9/19/2005,12.208
9/20/2005,15.716
9/21/2005,18.738
9/22/2005,8.111
9/23/2005,12.735
9/24/2005,7.29
9/25/2005,5.432
9/26/2005,14.27
9/27/2005,14.135
9/28/2005,3.632
9/29/2005,8.345
9/30/2005,2.428
10/1/2005,10.519
10/2/2005,19.447
10/3/2005,15.106
10/4/2005,13.268
10/5/2005,14.692
10/6/2005,18.272
10/7/2005,18.009
10/8/2005,18.563
10/9/2005,20.522
10/10/2005,18.522
10/11/2005,18.736
10/12/2005,12.838
10/13/2005,12.888
10/14/2005,25.22
10/15/2005,13.878
10/16/2005,16.209
10/17/2005,19.892
10/18/2005,7.738
10/19/2005,19.768
10/20/2005,26.649
10/21/2005,17.033
10/22/2005,24.325
10/23/2005,27.548
10/24/2005,25.342
10/25/2005,26.731
10/26/2005,21.536
10/27/2005,22.182
10/28/2005,24.572
10/29/2005,25.984
10/30/2005,26.706
10/31/2005,27.227
11/1/2005,27.382
11/2/2005,22.506
11/3/2005,22.919
11/4/2005,19.535
11/5/2005,18.872
11/6/2005,16.722
11/7/2005,13.135
11/8/2005,11.479
11/9/2005,8.642
11/10/2005,22.608
11/11/2005,20.311
11/12/2005,25.99
11/13/2005,17.321
11/14/2005,13.487
11/15/2005,16.866
11/16/2005,18.846
11/17/2005,16.148
11/18/2005,20.259
11/19/2005,15.671
11/20/2005,15.955
11/21/2005,20.097
11/22/2005,22.275
11/23/2005,23.225
11/24/2005,16.452
11/25/2005,22.235
11/26/2005,22.147
11/27/2005,15.104
11/28/2005,13.862
11/29/2005,2.965
11/30/2005,19.393
12/1/2005,13.63
12/2/2005,9.223
12/3/2005,12.791
12/4/2005,19.483
12/5/2005,18.814
12/6/2005,18.247
12/7/2005,4.149
12/8/2005,5.67
12/9/2005,15.678
12/10/2005,17.896
12/11/2005,10.921
12/12/2005,9.027
12/13/2005,19.398
12/14/2005,17.615
12/15/2005,11.14
12/16/2005,11.449
12/17/2005,9.117
12/18/2005,18.124
12/19/2005,26.199
12/20/2005,24.507
12/21/2005,12.187
12/22/2005,19.856
12/23/2005,17.069
12/24/2005,17.699
12/25/2005,19.433
12/26/2005,4.075
12/27/2005,22.5
12/28/2005,4.894
12/29/2005,19.555
12/30/2005,24.595
12/31/2005,6.397
1/1/2006,6.162
1/2/2006,15.226
1/3/2006,16.791
1/4/2006,16.619
1/5/2006,18.348
1/6/2006,21.501
1/7/2006,21.505
1/8/2006,21.263
1/9/2006,16.617
1/10/2006,14.092
1/11/2006,18.455
1/12/2006,7.713
1/13/2006,4.526
1/14/2006,20.405
1/15/2006,24.145
1/16/2006,21.184
1/17/2006,27.486
1/18/2006,28.139
1/19/2006,16.356
1/20/2006,6.937
1/21/2006,12.392
1/22/2006,21.611
1/23/2006,27.602
1/24/2006,28.072
1/25/2006,20.918
1/26/2006,25.247
1/27/2006,20.51
1/28/2006,15.865
1/29/2006,4.456
1/30/2006,5.73
1/31/2006,3.614
2/1/2006,3.037
2/2/2006,3.528
2/3/2006,4.459
2/4/2006,4.486
2/5/2006,8.059
2/6/2006,3.285
2/7/2006,5.776
2/8/2006,4.347
2/9/2006,6.068
2/10/2006,5.22
2/11/2006,8.219
2/12/2006,11.399
2/13/2006,20.504
2/14/2006,20.142
2/15/2006,25.033
2/16/2006,25.672
2/17/2006,13.293
2/18/2006,17.658
2/19/2006,14.393
2/20/2006,12.217
2/21/2006,18.392
2/22/2006,5.472
2/23/2006,26.28
2/24/2006,15.959
2/25/2006,24.194
2/26/2006,16.956
2/27/2006,18.338
2/28/2006,24.041
3/1/2006,23.105
3/2/2006,18.56
3/3/2006,26.296
3/4/2006,18.428
3/5/2006,19.98
3/6/2006,11.441
3/7/2006,21.236
3/8/2006,19.314
3/9/2006,18.405
3/10/2006,20.423
3/11/2006,19.694
3/12/2006,15.989
3/13/2006,15.392
3/14/2006,12.496
3/15/2006,20.34
3/16/2006,19.667
3/17/2006,18.387
3/18/2006,16.015
3/19/2006,16.387
3/20/2006,19.919
3/21/2006,19.013
3/22/2006,19.78
3/23/2006,21.74
3/24/2006,18.785
3/25/2006,19.163
3/26/2006,21.532
3/27/2006,14.895
3/28/2006,23.868
3/29/2006,19.231
3/30/2006,19.991
3/31/2006,12.051
4/1/2006,14.483
4/2/2006,18.162
4/3/2006,19.606
4/4/2006,8.458
4/5/2006,16.729
4/6/2006,21.141
4/7/2006,15.385
4/8/2006,12.818
4/9/2006,17.123
4/10/2006,13.558
4/11/2006,6.3
4/12/2006,13.772
4/13/2006,15.487
4/14/2006,9.438
4/15/2006,22.924
4/16/2006,21.89
4/17/2006,19.654
4/18/2006,21.786
4/19/2006,17.48
4/20/2006,20.01
4/21/2006,19.578
4/22/2006,15.447
4/23/2006,21.424
4/24/2006,21.295
4/25/2006,21.057
4/26/2006,20.311
4/27/2006,20.192
4/28/2006,15.131
4/29/2006,16.396
4/30/2006,14.074
5/1/2006,15.322
5/2/2006,12.987
5/3/2006,9.169
5/4/2006,21.323
5/5/2006,12.235
5/6/2006,14.603
5/7/2006,12.51
5/8/2006,13.624
5/9/2006,11.029
5/10/2006,11.824
5/11/2006,16.472
5/12/2006,11.63
5/13/2006,12.929
5/14/2006,6.264
5/15/2006,2.497
5/16/2006,12.137
5/17/2006,14.276
5/18/2006,10.742
5/19/2006,12.524
5/20/2006,12.308
5/21/2006,11.718
5/22/2006,7.886
5/23/2006,13.459
5/24/2006,11.614
5/25/2006,15.075
5/26/2006,15.642
5/27/2006,13.336
5/28/2006,14.065
5/29/2006,11.687
5/30/2006,14.069
5/31/2006,12.919
6/1/2006,11.376
6/2/2006,16.398
6/3/2006,14.71
6/4/2006,10.247
6/5/2006,8.615
6/6/2006,6.188
6/7/2006,8.228
6/8/2006,17.068
6/9/2006,6.116
6/10/2006,4.693
6/11/2006,8.318
6/12/2006,10.715
6/13/2006,14.479
6/14/2006,8.498
6/15/2006,9.315
6/16/2006,4.552
6/17/2006,15.16
6/18/2006,14.09
6/19/2006,22.98
6/20/2006,11.757
6/21/2006,8.986
6/22/2006,14.497
6/23/2006,12.87
6/24/2006,8.921
6/25/2006,6.953
6/26/2006,14.134
6/27/2006,10.676
6/28/2006,4.54
6/29/2006,16.931
6/30/2006,10.48
7/1/2006,11.781
7/2/2006,10.746
7/3/2006,9.533
7/4/2006,11.435
7/5/2006,8.127
7/6/2006,13.027
7/7/2006,9.382
7/8/2006,5.011
7/9/2006,7.182
7/10/2006,5.634
7/11/2006,13.849
7/12/2006,10.341
7/13/2006,7.396
7/14/2006,16.214
7/15/2006,9.097
7/16/2006,15.086
7/17/2006,9.736
7/18/2006,6.383
7/19/2006,11.088
7/20/2006,8.251
7/21/2006,12.168
7/22/2006,25.332
7/23/2006,18.777
7/24/2006,18.323
7/25/2006,15.098
7/26/2006,16.004
7/27/2006,16.453
7/28/2006,13.326
7/29/2006,5.188
7/30/2006,12.005
7/31/2006,15.049
8/1/2006,19.536
8/2/2006,11.522
8/3/2006,10.973
8/4/2006,8.593
8/5/2006,11.122
8/6/2006,7.047
8/7/2006,13.558
8/8/2006,14.374
8/9/2006,17.645
8/10/2006,17.289
8/11/2006,7.384
8/12/2006,14.243
8/13/2006,12.033
8/14/2006,11.916
8/15/2006,13.615
8/16/2006,9.387
8/17/2006,7.166
8/18/2006,5.648
8/19/2006,17.735
8/20/2006,8.638
8/21/2006,14.36
8/22/2006,21.415
8/23/2006,20.207
8/24/2006,17.755
8/25/2006,8.815
8/26/2006,10.73
8/27/2006,8.338
8/28/2006,9.851
8/29/2006,10.051
8/30/2006,10.262
8/31/2006,19.591
9/1/2006,5.886
9/2/2006,9.585
9/3/2006,0.536
9/4/2006,5.229
9/5/2006,3.479
9/6/2006,18.978
9/7/2006,16.65
9/8/2006,21.591
9/9/2006,21.037
9/10/2006,12.307
9/11/2006,14.215
9/12/2006,17.71
9/13/2006,6.907
9/14/2006,15.791
9/15/2006,21.418
9/16/2006,8.959
9/17/2006,19.395
9/18/2006,1.852
9/19/2006,18.185
9/20/2006,24.471
9/21/2006,10.861
9/22/2006,11.453
9/23/2006,3.91
9/24/2006,7.513
9/25/2006,17.082
9/26/2006,6.892
9/27/2006,11.16
9/28/2006,15.941
9/29/2006,21.544
9/30/2006,23.255
10/1/2006,21.295
10/2/2006,16.918
10/3/2006,17.041
10/4/2006,26.698
10/5/2006,25.328
10/6/2006,20.155
10/7/2006,10.818
10/8/2006,12.215
10/9/2006,6.8
10/10/2006,19.66
10/11/2006,15.314
10/12/2006,14.796
10/13/2006,15.475
10/14/2006,10.953
10/15/2006,18.059
10/16/2006,28.944
10/17/2006,22.307
10/18/2006,21.954
10/19/2006,11.986
10/20/2006,17.021
10/21/2006,12.899
10/22/2006,11.926
10/23/2006,17.655
10/24/2006,12.876
10/25/2006,7.192
10/26/2006,14.757
10/27/2006,18.524
10/28/2006,19.969
10/29/2006,20.252
10/30/2006,18.961
10/31/2006,8.557
11/1/2006,19.798
11/2/2006,16.484
11/3/2006,10.897
11/4/2006,11.651
11/5/2006,3.411
11/6/2006,8.6
11/7/2006,17.685
11/8/2006,9.439
11/9/2006,26.41
11/10/2006,23.99
11/11/2006,23.656
11/12/2006,25.056
11/13/2006,23.846
11/14/2006,6.705
11/15/2006,7.097
11/16/2006,17.622
11/17/2006,13.5
11/18/2006,12.368
11/19/2006,20.614
11/20/2006,1.733
11/21/2006,14.297
11/22/2006,16.385
11/23/2006,22.421
11/24/2006,20.401
11/25/2006,18.038
11/26/2006,25.646
11/27/2006,27.391
11/28/2006,21.607
11/29/2006,10.112
11/30/2006,21.046
12/1/2006,12.098
12/2/2006,12.926
12/3/2006,25.58
12/4/2006,7.164
12/5/2006,16.393
12/6/2006,14.778
12/7/2006,20.254
12/8/2006,24.161
12/9/2006,24.023
12/10/2006,11.378
12/11/2006,8.314
12/12/2006,0.961
12/13/2006,10.577
12/14/2006,3.973
12/15/2006,8.388
12/16/2006,11.637
12/17/2006,15.615
12/18/2006,24.658
12/19/2006,20.822
12/20/2006,18.103
12/21/2006,21.681
12/22/2006,16.992
12/23/2006,15.379
12/24/2006,13.918
12/25/2006,17.527
12/26/2006,19.409
12/27/2006,17.104
12/28/2006,15.206
12/29/2006,14.02
12/30/2006,15.714
12/31/2006,23.177
1/1/2007,14.821
1/2/2007,22.181
1/3/2007,14.492
1/4/2007,17.336
1/5/2007,21.902
1/6/2007,6.239
1/7/2007,9.895
1/8/2007,20.37
1/9/2007,26.109
1/10/2007,4.955
1/11/2007,26.657
1/12/2007,22.07
1/13/2007,11.381
1/14/2007,9.34
1/15/2007,26.005
1/16/2007,21.391
1/17/2007,14.555
1/18/2007,12.886
1/19/2007,7.969
1/20/2007,18.169
1/21/2007,8.798
1/22/2007,3.085
1/23/2007,10.015
1/24/2007,22.774
1/25/2007,20.421
1/26/2007,16.108
1/27/2007,14.755
1/28/2007,9.126
1/29/2007,18.769
1/30/2007,15.138
1/31/2007,13.14
2/1/2007,12.433
2/2/2007,6.761
2/3/2007,9.175
2/4/2007,22.95
2/5/2007,17.091
2/6/2007,26.78
2/7/2007,21.546
2/8/2007,16.306
2/9/2007,17.008
2/10/2007,14.287
2/11/2007,22.828
2/12/2007,8.683
2/13/2007,19.462
2/14/2007,17.998
2/15/2007,29.533
2/16/2007,25.247
2/17/2007,24.177
2/18/2007,24.587
2/19/2007,24.446
2/20/2007,13.095
2/21/2007,21.501
2/22/2007,2.444
2/23/2007,16.283
2/24/2007,22.55
2/25/2007,16.621
2/26/2007,13.079
2/27/2007,18.41
2/28/2007,16.362
3/1/2007,16.474
3/2/2007,9.913
3/3/2007,9.76
3/4/2007,12.272
3/5/2007,17.915
3/6/2007,22.311
3/7/2007,12.278
3/8/2007,7.99
3/9/2007,11.092
3/10/2007,18.059
3/11/2007,10.768
3/12/2007,8.789
3/13/2007,14.756
3/14/2007,9.434
3/15/2007,12.854
3/16/2007,11.903
3/17/2007,15.34
3/18/2007,16.403
3/19/2007,4.334
3/20/2007,19.435
3/21/2007,9.022
3/22/2007,15.453
3/23/2007,17.199
3/24/2007,14.209
3/25/2007,21.613
3/26/2007,11.041
3/27/2007,6.287
3/28/2007,7.594
3/29/2007,18.612
3/30/2007,19.307
3/31/2007,5.306
4/1/2007,20.54
4/2/2007,16.846
4/3/2007,10.202
4/4/2007,14.584
4/5/2007,20.263
4/6/2007,17.294
4/7/2007,19.161
4/8/2007,14.857
4/9/2007,11.473
4/10/2007,17.498
4/11/2007,22.437
4/12/2007,14.589
4/13/2007,13.342
4/14/2007,15.781
4/15/2007,21.375
4/16/2007,16.715
4/17/2007,14.265
4/18/2007,13.88
4/19/2007,12.157
4/20/2007,6.017
4/21/2007,14.013
4/22/2007,17.768
4/23/2007,18.239
4/24/2007,13.086
4/25/2007,13.765
4/26/2007,18.128
4/27/2007,14.873
4/28/2007,14.155
4/29/2007,13.104
4/30/2007,17.643
5/1/2007,11.61
5/2/2007,11.237
5/3/2007,9.86
5/4/2007,4.988
5/5/2007,11.86
5/6/2007,6.233
5/7/2007,8.32
5/8/2007,8.995
5/9/2007,9.596
5/10/2007,3.409
5/11/2007,10.202
5/12/2007,14.76
5/13/2007,13.455
5/14/2007,10.179
5/15/2007,12.868
5/16/2007,12.469
5/17/2007,8.118
5/18/2007,8.842
5/19/2007,2.979
5/20/2007,12.269
5/21/2007,8.924
5/22/2007,9.414
5/23/2007,11.153
5/24/2007,11.637
5/25/2007,15.743
5/26/2007,14.607
5/27/2007,9.491
5/28/2007,4.099
5/29/2007,5.906
5/30/2007,8.509
5/31/2007,5.816
6/1/2007,9.72
6/2/2007,10.287
6/3/2007,6.539
6/4/2007,14.035
6/5/2007,8.001
6/6/2007,11.117
6/7/2007,10.111
6/8/2007,10.267
6/9/2007,7.92
6/10/2007,12.33
6/11/2007,11.921
6/12/2007,11.975
6/13/2007,14.117
6/14/2007,11.945
6/15/2007,11.203
6/16/2007,16.191
6/17/2007,11.218
6/18/2007,12.218
6/19/2007,5.733
6/20/2007,9.565
6/21/2007,6.606
6/22/2007,8.597
6/23/2007,9.243
6/24/2007,9.517
6/25/2007,8.537
6/26/2007,8.617
6/27/2007,5.258
6/28/2007,8.707
6/29/2007,15.239
6/30/2007,12.107
7/1/2007,12.058
7/2/2007,9.767
7/3/2007,10.717
7/4/2007,16.396
7/5/2007,5.404
7/6/2007,6.503
7/7/2007,5.688
7/8/2007,10.93
7/9/2007,14.249
7/10/2007,13.715
7/11/2007,15.241
7/12/2007,11.377
7/13/2007,1.071
7/14/2007,8.507
7/15/2007,15.298
7/16/2007,12.694
7/17/2007,7.159
7/18/2007,12.371
7/19/2007,11.794
7/20/2007,12.724
7/21/2007,13.68
7/22/2007,12.236
7/23/2007,13.592
7/24/2007,7.475
7/25/2007,7.137
7/26/2007,11.704
7/27/2007,3.794
7/28/2007,17.717
7/29/2007,12.242
7/30/2007,9.995
7/31/2007,8.316
8/1/2007,13.525
8/2/2007,11.779
8/3/2007,16
8/4/2007,16.861
8/5/2007,15.433
8/6/2007,17.523
8/7/2007,15.188
8/8/2007,19.201
8/9/2007,14.549
8/10/2007,13.741
8/11/2007,9.032
8/12/2007,10.075
8/13/2007,12.206
8/14/2007,12.764
8/15/2007,10.492
8/16/2007,15.046
8/17/2007,9.765
8/18/2007,11.266
8/19/2007,20.745
8/20/2007,19.967
8/21/2007,13.559
8/22/2007,10.208
8/23/2007,9.934
8/24/2007,8.674
8/25/2007,6.817
8/26/2007,9.248
8/27/2007,11.786
8/28/2007,12.292
8/29/2007,14.074
8/30/2007,14.341
8/31/2007,14.326
9/1/2007,13.291
9/2/2007,10.57
9/3/2007,13.601
9/4/2007,6.26
9/5/2007,5.242
9/6/2007,7.864
9/7/2007,9.985
9/8/2007,12.523
9/9/2007,18.616
9/10/2007,16.853
9/11/2007,16.731
9/12/2007,17.942
9/13/2007,8.636
9/14/2007,14.069
9/15/2007,15.786
9/16/2007,15.457
9/17/2007,14.647
9/18/2007,16.751
9/19/2007,9.776
9/20/2007,15.322
9/21/2007,18.005
9/22/2007,19.397
9/23/2007,17.674
9/24/2007,13.772
9/25/2007,11.66
9/26/2007,20.509
9/27/2007,16.128
9/28/2007,12.933
9/29/2007,21.017
9/30/2007,9.308
10/1/2007,14.584
10/2/2007,16.661
10/3/2007,17.644
10/4/2007,16.877
10/5/2007,13.414
10/6/2007,7.927
10/7/2007,19.049
10/8/2007,14.454
10/9/2007,13.235
10/10/2007,18.108
10/11/2007,13.286
10/12/2007,13.165
10/13/2007,8.957
10/14/2007,15.82
10/15/2007,22.36
10/16/2007,18.68
10/17/2007,23.989
10/18/2007,19.312
10/19/2007,20.957
10/20/2007,13.874
10/21/2007,13.442
10/22/2007,6.775
10/23/2007,11.669
10/24/2007,22.149
10/25/2007,23.339
10/26/2007,17.532
10/27/2007,24.421
10/28/2007,12.499
10/29/2007,21.92
10/30/2007,17.077
10/31/2007,15.39
11/1/2007,21.688
11/2/2007,13.716
11/3/2007,25.267
11/4/2007,22.403
11/5/2007,17.782
11/6/2007,10.733
11/7/2007,18.009
11/8/2007,19.339
11/9/2007,15.192
11/10/2007,25.306
11/11/2007,22.712
11/12/2007,22.984
11/13/2007,21.524
11/14/2007,7.351
11/15/2007,13.55
11/16/2007,20.174
11/17/2007,21.564
11/18/2007,9.466
11/19/2007,9.556
11/20/2007,19.037
11/21/2007,6.059
11/22/2007,10.04
11/23/2007,17.811
11/24/2007,12.415
11/25/2007,19.044
11/26/2007,18.479
11/27/2007,26.647
11/28/2007,18.643
11/29/2007,13.347
11/30/2007,3.587
12/1/2007,15.037
12/2/2007,15.172
12/3/2007,14.224
12/4/2007,22.75
12/5/2007,15.968
12/6/2007,15.194
12/7/2007,7.902
12/8/2007,18.139
12/9/2007,13.3
12/10/2007,11.396
12/11/2007,17.073
12/12/2007,11.437
12/13/2007,19.537
12/14/2007,25.173
12/15/2007,11.813
12/16/2007,19.78
12/17/2007,18.785
12/18/2007,22.376
12/19/2007,23
12/20/2007,14.972
12/21/2007,18.436
12/22/2007,15.548
12/23/2007,23.2
12/24/2007,26.152
12/25/2007,15.397
12/26/2007,22.408
12/27/2007,18.796
12/28/2007,14.461
12/29/2007,8.087
12/30/2007,7.272
12/31/2007,20.558
1/1/2008,14.148
1/2/2008,24.491
1/3/2008,19.249
1/4/2008,7.081
1/5/2008,18.872
1/6/2008,19.159
1/7/2008,12.063
1/8/2008,13.234
1/9/2008,21.865
1/10/2008,19.783
1/11/2008,18.18
1/12/2008,14.855
1/13/2008,19.469
1/14/2008,27.508
1/15/2008,25.173
1/16/2008,10.165
1/17/2008,11.768
1/18/2008,15.185
1/19/2008,13.385
1/20/2008,4.648
1/21/2008,17.199
1/22/2008,8.055
1/23/2008,18.898
1/24/2008,14.526
1/25/2008,10.231
1/26/2008,4.595
1/27/2008,15.071
1/28/2008,23.234
1/29/2008,22.136
1/30/2008,19.226
1/31/2008,18.916
2/1/2008,19.791
2/2/2008,22.9
2/3/2008,20.569
2/4/2008,20.968
2/5/2008,23.589
2/6/2008,19.429
2/7/2008,25.997
2/8/2008,19.219
2/9/2008,25.632
2/10/2008,22.181
2/11/2008,29.104
2/12/2008,16.541
2/13/2008,12.591
2/14/2008,16.015
2/15/2008,15.061
2/16/2008,22.109
2/17/2008,17.525
2/18/2008,21.073
2/19/2008,19.989
2/20/2008,22.869
2/21/2008,23.96
2/22/2008,21.184
2/23/2008,18.061
2/24/2008,7.477
2/25/2008,15.689
2/26/2008,14.456
2/27/2008,20.875
2/28/2008,23.499
2/29/2008,13.676
3/1/2008,10.229
3/2/2008,15.736
3/3/2008,16.925
3/4/2008,15.934
3/5/2008,11.914
3/6/2008,17.181
3/7/2008,18.765
3/8/2008,19.544
3/9/2008,18.446
3/10/2008,18.994
3/11/2008,24.527
3/12/2008,24.867
3/13/2008,17.671
3/14/2008,19.525
3/15/2008,23.63
3/16/2008,20.808
3/17/2008,17.393
3/18/2008,22.858
3/19/2008,20.714
3/20/2008,17.935
3/21/2008,19.876
3/22/2008,11.106
3/23/2008,20.56
3/24/2008,14.623
3/25/2008,14.423
3/26/2008,18.092
3/27/2008,19.424
3/28/2008,22.127
3/29/2008,18.515
3/30/2008,8.856
3/31/2008,15.817
4/1/2008,19.694
4/2/2008,8.147
4/3/2008,15.415
4/4/2008,17.46
4/5/2008,18.47
4/6/2008,15.037
4/7/2008,17.172
4/8/2008,21.253
4/9/2008,23.141
4/10/2008,13.363
4/11/2008,8.926
4/12/2008,14.962
4/13/2008,10.525
4/14/2008,10.017
4/15/2008,13.869
4/16/2008,14.143
4/17/2008,15.631
4/18/2008,8.397
4/19/2008,20.502
4/20/2008,18.938
4/21/2008,15.559
4/22/2008,2.83
4/23/2008,15.588
4/24/2008,13.464
4/25/2008,11.254
4/26/2008,17.291
4/27/2008,15.417
4/28/2008,8.179
4/29/2008,16.448
4/30/2008,11.032
5/1/2008,20.151
5/2/2008,17.253
5/3/2008,11.993
5/4/2008,13.997
5/5/2008,7.94
5/6/2008,10.874
5/7/2008,12.971
5/8/2008,7.175
5/9/2008,21.689
5/10/2008,17.294
5/11/2008,19.487
5/12/2008,15.836
5/13/2008,6.428
5/14/2008,10.669
5/15/2008,12.443
5/16/2008,18.247
5/17/2008,19.051
5/18/2008,12.364
5/19/2008,11.018
5/20/2008,6.401
5/21/2008,16.259
5/22/2008,4.514
5/23/2008,14.724
5/24/2008,18.599
5/25/2008,16.574
5/26/2008,10.818
5/27/2008,8.311
5/28/2008,15.273
5/29/2008,9.146
5/30/2008,5.186
5/31/2008,6.68
6/1/2008,5.908
6/2/2008,16.303
6/3/2008,10.629
6/4/2008,11.264
6/5/2008,13.253
6/6/2008,5.38
6/7/2008,11.765
6/8/2008,4.403
6/9/2008,9.122
6/10/2008,6.341
6/11/2008,7.204
6/12/2008,5.393
6/13/2008,9.369
6/14/2008,7.553
6/15/2008,1.508
6/16/2008,9.697
6/17/2008,14.069
6/18/2008,3.407
6/19/2008,4.127
6/20/2008,14.576
6/21/2008,11.777
6/22/2008,8.602
6/23/2008,10.206
6/24/2008,11.122
6/25/2008,2.218
6/26/2008,14.263
6/27/2008,12.546
6/28/2008,4.275
6/29/2008,13.457
6/30/2008,18.268
7/1/2008,16.805
7/2/2008,9.302
7/3/2008,5.218
7/4/2008,10.782
7/5/2008,12.37
7/6/2008,3.085
7/7/2008,9.027
7/8/2008,13.235
7/9/2008,12.647
7/10/2008,6.109
7/11/2008,5.222
7/12/2008,7.076
7/13/2008,6.565
7/14/2008,7.625
7/15/2008,3.08
7/16/2008,3.793
7/17/2008,6.624
7/18/2008,8.982
7/19/2008,5.735
7/20/2008,5.868
7/21/2008,4.934
7/22/2008,8.554
7/23/2008,18.099
7/24/2008,19.483
7/25/2008,9.783
7/26/2008,15.169
7/27/2008,14.911
7/28/2008,15.39
7/29/2008,16.618
7/30/2008,14.897
7/31/2008,10.339
8/1/2008,14.225
8/2/2008,16.369
8/3/2008,7.335
8/4/2008,9.598
8/5/2008,11.81
8/6/2008,13.754
8/7/2008,15.206
8/8/2008,12.371
8/9/2008,8.032
8/10/2008,9.358
8/11/2008,19.609
8/12/2008,14.963
8/13/2008,13.572
8/14/2008,10.395
8/15/2008,8.777
8/16/2008,12.854
8/17/2008,17.739
8/18/2008,18.986
8/19/2008,7.931
8/20/2008,8.316
8/21/2008,17.424
8/22/2008,21.348
8/23/2008,9.671
8/24/2008,9.365
8/25/2008,12.996
8/26/2008,10.145
8/27/2008,13.907
8/28/2008,20.475
8/29/2008,17.978
8/30/2008,13.451
8/31/2008,13.703
9/1/2008,5.278
9/2/2008,11.084
9/3/2008,13.482
9/4/2008,4.945
9/5/2008,13.865
9/6/2008,18.902
9/7/2008,16
9/8/2008,11.176
9/9/2008,11.284
9/10/2008,14.445
9/11/2008,15.12
9/12/2008,13.156
9/13/2008,14.224
9/14/2008,12.712
9/15/2008,21.625
9/16/2008,5.123
9/17/2008,20.095
9/18/2008,19.874
9/19/2008,21.712
9/20/2008,21.913
9/21/2008,19.903
9/22/2008,14.085
9/23/2008,21.269
9/24/2008,15.539
9/25/2008,8.87
9/26/2008,15.194
9/27/2008,13.729
9/28/2008,22.082
9/29/2008,14.395
9/30/2008,15.08
10/1/2008,17.624
10/2/2008,14.434
10/3/2008,10.04
10/4/2008,18.128
10/5/2008,17.154
10/6/2008,10.627
10/7/2008,15.701
10/8/2008,21.289
10/9/2008,20.045
10/10/2008,18.362
10/11/2008,9.344
10/12/2008,15.786
10/13/2008,17.564
10/14/2008,24.125
10/15/2008,21.238
10/16/2008,18.904
10/17/2008,20.122
10/18/2008,20.399
10/19/2008,22.518
10/20/2008,16.639
10/21/2008,13.482
10/22/2008,17.311
10/23/2008,24.07
10/24/2008,22.77
10/25/2008,12.134
10/26/2008,21.281
10/27/2008,20.896
10/28/2008,18.554
10/29/2008,20.151
10/30/2008,15.59
10/31/2008,12.467
11/1/2008,26.375
11/2/2008,21.949
11/3/2008,22.898
11/4/2008,25.263
11/5/2008,26.228
11/6/2008,20.461
11/7/2008,17.363
11/8/2008,22.372
11/9/2008,7.679
11/10/2008,23.069
11/11/2008,20.592
11/12/2008,20.673
11/13/2008,12.789
11/14/2008,20.066
11/15/2008,26.325
11/16/2008,12.969
11/17/2008,13.811
11/18/2008,26.624
11/19/2008,16.643
11/20/2008,16.814
11/21/2008,13.115
11/22/2008,9.252
11/23/2008,16.126
11/24/2008,11.084
11/25/2008,4.99
11/26/2008,17.665
11/27/2008,20.898
11/28/2008,16.645
11/29/2008,13.381
11/30/2008,12.429
12/1/2008,19.472
12/2/2008,22.529
12/3/2008,23.571
12/4/2008,22.7
12/5/2008,15.068
12/6/2008,12.346
12/7/2008,3.742
12/8/2008,3.461
12/9/2008,9.077
12/10/2008,20.038
12/11/2008,27.212
12/12/2008,22.257
12/13/2008,14.836
12/14/2008,8.248
12/15/2008,26.208
12/16/2008,23.155
12/17/2008,18.329
12/18/2008,16.286
12/19/2008,26.519
12/20/2008,21.425
12/21/2008,27.331
12/22/2008,27.652
12/23/2008,17.755
12/24/2008,22.763
12/25/2008,13.693
12/26/2008,18.625
12/27/2008,22.914
12/28/2008,19.967
12/29/2008,17.089
12/30/2008,25.787
12/31/2008,22.295
1/1/2009,20.214
1/2/2009,19.082
1/3/2009,20.153
1/4/2009,23.726
1/5/2009,6.268
1/6/2009,8.086
1/7/2009,17.595
1/8/2009,23.11
1/9/2009,16.439
1/10/2009,20.709
1/11/2009,17.849
1/12/2009,12.848
1/13/2009,8.854
1/14/2009,17.712
1/15/2009,17.086
1/16/2009,26.593
1/17/2009,19.483
1/18/2009,22.511
1/19/2009,20.817
1/20/2009,22.145
1/21/2009,17.921
1/22/2009,16.934
1/23/2009,12.776
1/24/2009,14.729
1/25/2009,16.565
1/26/2009,21.569
1/27/2009,13.561
1/28/2009,14.089
1/29/2009,22.729
1/30/2009,15.39
1/31/2009,14.666
2/1/2009,18.461
2/2/2009,23.814
2/3/2009,20.248
2/4/2009,18.509
2/5/2009,25.258
2/6/2009,25.07
2/7/2009,23.449
2/8/2009,18.401
2/9/2009,7.322
2/10/2009,15.658
2/11/2009,20.405
2/12/2009,16.186
2/13/2009,13.081
2/14/2009,20.056
2/15/2009,17.545
2/16/2009,22.414
2/17/2009,20.002
2/18/2009,23.09
2/19/2009,24.768
2/20/2009,12.015
2/21/2009,23.706
2/22/2009,18.702
2/23/2009,22.345
2/24/2009,20.621
2/25/2009,23.321
2/26/2009,22.291
2/27/2009,13.324
2/28/2009,23.737
3/1/2009,20.938
3/2/2009,21.197
3/3/2009,22.14
3/4/2009,18.684
3/5/2009,19.528
3/6/2009,16.153
3/7/2009,16.043
3/8/2009,18.518
3/9/2009,13.446
3/10/2009,0.578
3/11/2009,16.495
3/12/2009,17.72
3/13/2009,20.988
3/14/2009,25.901
3/15/2009,24.48
3/16/2009,20.476
3/17/2009,8.467
3/18/2009,23.852
3/19/2009,20.587
3/20/2009,15.991
3/21/2009,13.387
3/22/2009,19.287
3/23/2009,16.646
3/24/2009,20.619
3/25/2009,20.414
3/26/2009,21.406
3/27/2009,19.24
3/28/2009,17.059
3/29/2009,18.275
3/30/2009,22.496
3/31/2009,9.531
4/1/2009,3.956
4/2/2009,4.043
4/3/2009,3.681
4/4/2009,3.449
4/5/2009,10.145
4/6/2009,13.304
4/7/2009,14.614
4/8/2009,13.5
4/9/2009,6.719
4/10/2009,17.951
4/11/2009,9.796
4/12/2009,16.956
4/13/2009,18.657
4/14/2009,16.222
4/15/2009,17.91
4/16/2009,15.748
4/17/2009,14.15
4/18/2009,16.902
4/19/2009,12.505
4/20/2009,16.22
4/21/2009,17.275
4/22/2009,15.253
4/23/2009,11.52
4/24/2009,15.001
4/25/2009,16.619
4/26/2009,14.171
4/27/2009,19.588
4/28/2009,15.687
4/29/2009,13.927
4/30/2009,14.333
5/1/2009,16.945
5/2/2009,12.87
5/3/2009,13.482
5/4/2009,18.272
5/5/2009,11.416
5/6/2009,12.159
5/7/2009,14.756
5/8/2009,13.946
5/9/2009,15.658
5/10/2009,8.971
5/11/2009,2.394
5/12/2009,6.817
5/13/2009,11.563
5/14/2009,14.861
5/15/2009,5.497
5/16/2009,7.447
5/17/2009,4.55
5/18/2009,1.823
5/19/2009,13.898
5/20/2009,11.381
5/21/2009,10.96
5/22/2009,5.418
5/23/2009,6.34
5/24/2009,7.652
5/25/2009,16.312
5/26/2009,10.537
5/27/2009,16.459
5/28/2009,11.075
5/29/2009,17.235
5/30/2009,8.303
5/31/2009,9.923
6/1/2009,15.584
6/2/2009,7.661
6/3/2009,6.327
6/4/2009,6.397
6/5/2009,1.948
6/6/2009,8.485
6/7/2009,7.429
6/8/2009,14.569
6/9/2009,16.792
6/10/2009,10.382
6/11/2009,11.741
6/12/2009,9.196
6/13/2009,12.316
6/14/2009,12.757
6/15/2009,16.97
6/16/2009,17.695
6/17/2009,18.212
6/18/2009,18.84
6/19/2009,13.152
6/20/2009,5.309
6/21/2009,13.709
6/22/2009,14.121
6/23/2009,13.813
6/24/2009,5.377
6/25/2009,3.521
6/26/2009,7.189
6/27/2009,4.997
6/28/2009,7.717
6/29/2009,11.057
6/30/2009,12.26
7/1/2009,14.332
7/2/2009,6.206
7/3/2009,11.943
7/4/2009,2.122
7/5/2009,10.285
7/6/2009,8.404
7/7/2009,11.822
7/8/2009,9.797
7/9/2009,6.277
7/10/2009,7.056
7/11/2009,5.701
7/12/2009,15.266
7/13/2009,13.324
7/14/2009,17.618
7/15/2009,10.89
7/16/2009,8.134
7/17/2009,4.127
7/18/2009,10.773
7/19/2009,16.801
7/20/2009,16.781
7/21/2009,17.683
7/22/2009,8.507
7/23/2009,6.682
7/24/2009,6.685
7/25/2009,7.403
7/26/2009,11.435
7/27/2009,8.804
7/28/2009,8.366
7/29/2009,4.532
7/30/2009,8.694
7/31/2009,8.289
8/1/2009,6.1
8/2/2009,11.893
8/3/2009,10.265
8/4/2009,15.629
8/5/2009,14.2
8/6/2009,13.223
8/7/2009,6.215
8/8/2009,13.691
8/9/2009,18.122
8/10/2009,6.71
8/11/2009,12.528
8/12/2009,6.167
8/13/2009,7.213
8/14/2009,9.88
8/15/2009,10.098
8/16/2009,8.082
8/17/2009,9.994
8/18/2009,6.903
8/19/2009,12.535
8/20/2009,10.777
8/21/2009,21.591
8/22/2009,21.303
8/23/2009,20.862
8/24/2009,13.766
8/25/2009,8.523
8/26/2009,7.268
8/27/2009,18.353
8/28/2009,20.194
8/29/2009,18.209
8/30/2009,7.34
8/31/2009,8.807
9/1/2009,11.986
9/2/2009,8.388
9/3/2009,10.757
9/4/2009,8.701
9/5/2009,14.575
9/6/2009,6.136
9/7/2009,0.927
9/8/2009,6.863
9/9/2009,8.095
9/10/2009,15.583
9/11/2009,9.322
9/12/2009,14.4
9/13/2009,11.437
9/14/2009,8.451
9/15/2009,9.382
9/16/2009,9.481
9/17/2009,14.474
9/18/2009,8.626
9/19/2009,16.528
9/20/2009,17.528
9/21/2009,15.341
9/22/2009,10.537
9/23/2009,17.267
9/24/2009,19.564
9/25/2009,23.344
9/26/2009,24.226
9/27/2009,20.815
9/28/2009,23.909
9/29/2009,18.443
9/30/2009,25.625
10/1/2009,17.991
10/2/2009,16.794
10/3/2009,18.187
10/4/2009,15.302
10/5/2009,20.525
10/6/2009,17.622
10/7/2009,14.751
10/8/2009,12.017
10/9/2009,10.87
10/10/2009,14.45
10/11/2009,10.769
10/12/2009,16.119
10/13/2009,21.877
10/14/2009,12.89
10/15/2009,4.041
10/16/2009,12.348
10/17/2009,14.492
10/18/2009,11.966
10/19/2009,12.46
10/20/2009,11.259
10/21/2009,18.392
10/22/2009,10.055
10/23/2009,11.475
10/24/2009,17.701
10/25/2009,9.473
10/26/2009,11.227
10/27/2009,13.037
10/28/2009,12.944
10/29/2009,18.839
10/30/2009,17.323
10/31/2009,6.701
11/1/2009,11.25
11/2/2009,15.016
11/3/2009,15.379
11/4/2009,24.878
11/5/2009,15.608
11/6/2009,19.636
11/7/2009,11.966
11/8/2009,9.709
11/9/2009,8.798
11/10/2009,8.681
11/11/2009,4.664
11/12/2009,3.069
11/13/2009,23.562
11/14/2009,4.782
11/15/2009,22.536
11/16/2009,24.421
11/17/2009,27.25
11/18/2009,26.629
11/19/2009,21.159
11/20/2009,25.377
11/21/2009,23.173
11/22/2009,23.068
11/23/2009,25.862
11/24/2009,27.238
11/25/2009,20.056
11/26/2009,14.438
11/27/2009,21.028
11/28/2009,16.387
11/29/2009,12.55
11/30/2009,16.461
12/1/2009,16.666
12/2/2009,13.327
12/3/2009,16.267
12/4/2009,22.853
12/5/2009,21.35
12/6/2009,16.708
12/7/2009,15.714
12/8/2009,23.585
12/9/2009,12.051
12/10/2009,18.864
12/11/2009,6.95
12/12/2009,8.825
12/13/2009,20.385
12/14/2009,20.027
12/15/2009,20.061
12/16/2009,28.148
12/17/2009,27.194
12/18/2009,18.619
12/19/2009,13.091
12/20/2009,26.883
12/21/2009,25.313
12/22/2009,25.556
12/23/2009,26.516
12/24/2009,13.646
12/25/2009,17.584
12/26/2009,16.42
12/27/2009,2.965
12/28/2009,10.386
12/29/2009,2.479
12/30/2009,3.002
12/31/2009,6.982
1/1/2010,12.818
1/2/2010,10.152
1/3/2010,17.518
1/4/2010,4.151
1/5/2010,15.946
1/6/2010,20.767
1/7/2010,11.119
1/8/2010,13.365
1/9/2010,21.038
1/10/2010,23.945
1/11/2010,13.354
1/12/2010,16.164
1/13/2010,21.886
1/14/2010,22.462
1/15/2010,11.939
1/16/2010,12.258
1/17/2010,23.299
1/18/2010,17.642
1/19/2010,22.977
1/20/2010,24.205
1/21/2010,22.867
1/22/2010,22.882
1/23/2010,13.59
1/24/2010,13.741
1/25/2010,1.532
1/26/2010,4.982
1/27/2010,5.963
1/28/2010,4.388
1/29/2010,17.788
1/30/2010,21.627
1/31/2010,15.536
2/1/2010,6.894
2/2/2010,18.99
2/3/2010,6.44
2/4/2010,17.397
2/5/2010,24.043
2/6/2010,13.122
2/7/2010,13.817
2/8/2010,4.265
2/9/2010,22.573
2/10/2010,14.372
2/11/2010,15.714
2/12/2010,14.877
2/13/2010,3.118
2/14/2010,8.506
2/15/2010,19.265
2/16/2010,17.703
2/17/2010,20.406
2/18/2010,23.751
2/19/2010,27.527
2/20/2010,26.961
2/21/2010,26.287
2/22/2010,23.747
2/23/2010,22.191
2/24/2010,17.602
2/25/2010,18.594
2/26/2010,16.927
2/27/2010,17.545
2/28/2010,15.664
3/1/2010,17.87
3/2/2010,15.431
3/3/2010,12.573
3/4/2010,20.52
3/5/2010,18.29
3/6/2010,16.74
3/7/2010,10.084
3/8/2010,10.36
3/9/2010,20.5
3/10/2010,21.198
3/11/2010,17.485
3/12/2010,20.036
3/13/2010,19.165
3/14/2010,21.064
3/15/2010,18.405
3/16/2010,21.317
3/17/2010,23.53
3/18/2010,25.913
3/19/2010,18.981
3/20/2010,18.351
3/21/2010,17.483
3/22/2010,14.123
3/23/2010,16.326
3/24/2010,17.64
3/25/2010,17.879
3/26/2010,19.422
3/27/2010,19.24
3/28/2010,10.478
3/29/2010,16.915
3/30/2010,16.33
3/31/2010,10.508
4/1/2010,22.642
4/2/2010,15.219
4/3/2010,18.356
4/4/2010,13.594
4/5/2010,14.558
4/6/2010,15.431
4/7/2010,13.97
4/8/2010,16.589
4/9/2010,14.171
4/10/2010,15.073
4/11/2010,17.168
4/12/2010,20.506
4/13/2010,14.657
4/14/2010,2.635
4/15/2010,12.731
4/16/2010,11.488
4/17/2010,14.258
4/18/2010,8.987
4/19/2010,13.952
4/20/2010,17.818
4/21/2010,13.577
4/22/2010,13.307
4/23/2010,9.828
4/24/2010,4.864
4/25/2010,18.97
4/26/2010,16.843
4/27/2010,13.646
4/28/2010,19.237
4/29/2010,17.748
4/30/2010,10.841
5/1/2010,19.57
5/2/2010,20.113
5/3/2010,11.981
5/4/2010,8.17
5/5/2010,9.428
5/6/2010,11.336
5/7/2010,10.8
5/8/2010,11.182
5/9/2010,18.322
5/10/2010,13.289
5/11/2010,12.263
5/12/2010,6.709
5/13/2010,15.871
5/14/2010,14.017
5/15/2010,13.307
5/16/2010,14.353
5/17/2010,17.172
5/18/2010,9.34
5/19/2010,7.483
5/20/2010,14.882
5/21/2010,16.349
5/22/2010,7.211
5/23/2010,9.07
5/24/2010,8.554
5/25/2010,13.016
5/26/2010,14.65
5/27/2010,12.125
5/28/2010,8.593
5/29/2010,6.057
5/30/2010,7.447
5/31/2010,11.342
6/1/2010,6.919
6/2/2010,10.762
6/3/2010,8.701
6/4/2010,9.29
6/5/2010,9.805
6/6/2010,6.091
6/7/2010,7.232
6/8/2010,5.789
6/9/2010,11.149
6/10/2010,10.384
6/11/2010,5.625
6/12/2010,15.642
6/13/2010,6.275
6/14/2010,10.184
6/15/2010,5.71
6/16/2010,10.235
6/17/2010,5.803
6/18/2010,3.701
6/19/2010,10.582
6/20/2010,9.286
6/21/2010,7.886
6/22/2010,6.277
6/23/2010,7.826
6/24/2010,7.166
6/25/2010,11.142
6/26/2010,13.392
6/27/2010,15.574
6/28/2010,8.298
6/29/2010,8.053
6/30/2010,11.534
7/1/2010,11.284
7/2/2010,10.26
7/3/2010,4.306
7/4/2010,11.237
7/5/2010,7.711
7/6/2010,11.581
7/7/2010,11.664
7/8/2010,10.364
7/9/2010,8.449
7/10/2010,10.345
7/11/2010,8.215
7/12/2010,13.145
7/13/2010,14.794
7/14/2010,13.484
7/15/2010,5.927
7/16/2010,11.527
7/17/2010,9.837
7/18/2010,6.235
7/19/2010,9.76
7/20/2010,5.742
7/21/2010,12.695
7/22/2010,6.995
7/23/2010,10.795
7/24/2010,14.119
7/25/2010,9.495
7/26/2010,8.435
7/27/2010,12.01
7/28/2010,10.73
7/29/2010,9.794
7/30/2010,7.965
7/31/2010,7.333
8/1/2010,3.015
8/2/2010,8.122
8/3/2010,19.757
8/4/2010,14.341
8/5/2010,13.158
8/6/2010,19.289
8/7/2010,19.943
8/8/2010,18.527
8/9/2010,20.909
8/10/2010,19.28
8/11/2010,12.878
8/12/2010,11.81
8/13/2010,5.458
8/14/2010,9.567
8/15/2010,8.296
8/16/2010,6.212
8/17/2010,8.147
8/18/2010,13.486
8/19/2010,16.07
8/20/2010,15.248
8/21/2010,18.884
8/22/2010,12.643
8/23/2010,17.946
8/24/2010,10.631
8/25/2010,15.066
8/26/2010,16.164
8/27/2010,13.691
8/28/2010,8.386
8/29/2010,13.185
8/30/2010,11.587
8/31/2010,18.713
9/1/2010,22.545
9/2/2010,19.085
9/3/2010,17.491
9/4/2010,10.55
9/5/2010,14.616
9/6/2010,11.255
9/7/2010,14.152
9/8/2010,18.909
9/9/2010,8.006
9/10/2010,7.479
9/11/2010,2.66
9/12/2010,6.881
9/13/2010,7.231
9/14/2010,4.612
9/15/2010,6.284
9/16/2010,6.266
9/17/2010,13.723
9/18/2010,14.11
9/19/2010,17.64
9/20/2010,18.108
9/21/2010,13.774
9/22/2010,18.398
9/23/2010,18.738
9/24/2010,17.748
9/25/2010,14.677
9/26/2010,15.133
9/27/2010,18.446
9/28/2010,13.358
9/29/2010,15.822
9/30/2010,18.106
10/1/2010,19.127
10/2/2010,20.302
10/3/2010,19.325
10/4/2010,7.339
10/5/2010,19.413
10/6/2010,24.084
10/7/2010,26.417
10/8/2010,11.345
10/9/2010,15.655
10/10/2010,22.172
10/11/2010,15.122
10/12/2010,22.984
10/13/2010,24.561
10/14/2010,21.429
10/15/2010,10.595
10/16/2010,21.614
10/17/2010,18.34
10/18/2010,18.38
10/19/2010,17.312
10/20/2010,23.62
10/21/2010,12.519
10/22/2010,23.319
10/23/2010,21.24
10/24/2010,21.364
10/25/2010,21.145
10/26/2010,8.995
10/27/2010,24.962
10/28/2010,11.475
10/29/2010,11.104
10/30/2010,12.539
10/31/2010,12.994
11/1/2010,8.327
11/2/2010,25.918
11/3/2010,24.16
11/4/2010,25.108
11/5/2010,12.08
11/6/2010,24.289
11/7/2010,25.994
11/8/2010,23.373
11/9/2010,18.877
11/10/2010,12.998
11/11/2010,4.034
11/12/2010,18.763
11/13/2010,20.689
11/14/2010,11.243
11/15/2010,12.427
11/16/2010,21.567
11/17/2010,23.369
11/18/2010,5.251
11/19/2010,11.63
11/20/2010,3.748
11/21/2010,8.872
11/22/2010,6.626
11/23/2010,12.85
11/24/2010,22.523
11/25/2010,26.204
11/26/2010,18.851
11/27/2010,21.996
11/28/2010,15.642
11/29/2010,18.754
11/30/2010,14.571
12/1/2010,19.226
12/2/2010,11.795
12/3/2010,23.413
12/4/2010,9.423
12/5/2010,15.293
12/6/2010,23.701
12/7/2010,14.444
12/8/2010,16.969
12/9/2010,18.144
12/10/2010,16.218
12/11/2010,16.447
12/12/2010,15.601
12/13/2010,13.808
12/14/2010,23.092
12/15/2010,16.429
12/16/2010,20.905
12/17/2010,17.219
12/18/2010,18.358
12/19/2010,6.203
12/20/2010,3.771
12/21/2010,19.836
12/22/2010,16.204
12/23/2010,17.969
12/24/2010,12.411
12/25/2010,22.019
12/26/2010,18.527
12/27/2010,9.945
12/28/2010,22.099
12/29/2010,9.023
12/30/2010,17.402
12/31/2010,22.936
1/1/2011,24.275
1/2/2011,15.145
1/3/2011,14.321
1/4/2011,4.604
1/5/2011,9.985
1/6/2011,15.831
1/7/2011,5.287
1/8/2011,16.006
1/9/2011,16.513
1/10/2011,17.964
1/11/2011,15.901
1/12/2011,21.398
1/13/2011,23.935
1/14/2011,17.564
1/15/2011,18.063
1/16/2011,18.902
1/17/2011,17.818
1/18/2011,20.849
1/19/2011,13.541
1/20/2011,13.138
1/21/2011,9.497
1/22/2011,15.599
1/23/2011,7.06
1/24/2011,2.545
1/25/2011,2.052
1/26/2011,15.554
1/27/2011,19.942
1/28/2011,8.753
1/29/2011,6.527
1/30/2011,14.668
1/31/2011,18.632
2/1/2011,19.675
2/2/2011,7.618
2/3/2011,23.292
2/4/2011,15.336
2/5/2011,10.222
2/6/2011,17.654
2/7/2011,13.478
2/8/2011,11.42
2/9/2011,12.398
2/10/2011,7.952
2/11/2011,13.223
2/12/2011,13.149
2/13/2011,15.928
2/14/2011,6.327
2/15/2011,15.786
2/16/2011,12.604
2/17/2011,14.924
2/18/2011,11.198
2/19/2011,17.532
2/20/2011,17.638
2/21/2011,10.364
2/22/2011,17.914
2/23/2011,21.737
2/24/2011,24.581
2/25/2011,12.258
2/26/2011,14.103
2/27/2011,24.498
2/28/2011,26.163
3/1/2011,24.728
3/2/2011,19.093
3/3/2011,15.208
3/4/2011,10.181
3/5/2011,25.812
3/6/2011,26.651
3/7/2011,20.745
3/8/2011,15.714
3/9/2011,20.687
3/10/2011,20.011
3/11/2011,21.708
3/12/2011,20.435
3/13/2011,21.593
3/14/2011,14.191
3/15/2011,16.866
3/16/2011,21.618
3/17/2011,19.674
3/18/2011,20.527
3/19/2011,21.33
3/20/2011,19.858
3/21/2011,22.392
3/22/2011,4.032
3/23/2011,14.692
3/24/2011,18.653
3/25/2011,19.449
3/26/2011,12.866
3/27/2011,18.506
3/28/2011,15.354
3/29/2011,14.418
3/30/2011,19.757
3/31/2011,19.514
4/1/2011,13.73
4/2/2011,7.175
4/3/2011,19.649
4/4/2011,16.767
4/5/2011,17.032
4/6/2011,21.971
4/7/2011,14.087
4/8/2011,21.391
4/9/2011,14.809
4/10/2011,17.991
4/11/2011,20.655
4/12/2011,18.158
4/13/2011,12.213
4/14/2011,12.915
4/15/2011,18.855
4/16/2011,13.118
4/17/2011,20.547
4/18/2011,17.386
4/19/2011,13.061
4/20/2011,10.996
4/21/2011,19.595
4/22/2011,10.789
4/23/2011,15.84
4/24/2011,16.018
4/25/2011,15.44
4/26/2011,13.952
4/27/2011,13.684
4/28/2011,15.208
4/29/2011,15.242
4/30/2011,13.09
5/1/2011,17.01
5/2/2011,15.388
5/3/2011,13.138
5/4/2011,16.898
5/5/2011,20.084
5/6/2011,20.326
5/7/2011,15.115
5/8/2011,11.491
5/9/2011,9.788
5/10/2011,13.597
5/11/2011,13.124
5/12/2011,14.188
5/13/2011,18.77
5/14/2011,11.961
5/15/2011,14.711
5/16/2011,15.849
5/17/2011,11.871
5/18/2011,11.322
5/19/2011,12.172
5/20/2011,8.424
5/21/2011,16.492
5/22/2011,14.096
5/23/2011,13.997
5/24/2011,18.167
5/25/2011,12.155
5/26/2011,9.673
5/27/2011,9.198
5/28/2011,9.376
5/29/2011,9.495
5/30/2011,10.688
5/31/2011,10.276
6/1/2011,12.587
6/2/2011,11.376
6/3/2011,12.244
6/4/2011,6.034
6/5/2011,9.149
6/6/2011,14.456
6/7/2011,10.485
6/8/2011,13.025
6/9/2011,12.915
6/10/2011,7.38
6/11/2011,16.65
6/12/2011,13.509
6/13/2011,16.594
6/14/2011,11.144
6/15/2011,8.597
6/16/2011,10.145
6/17/2011,13.212
6/18/2011,8.644
6/19/2011,12.132
6/20/2011,11.515
6/21/2011,7.58
6/22/2011,9.32
6/23/2011,8.568
6/24/2011,16.177
6/25/2011,8.233
6/26/2011,10.683
6/27/2011,11.876
6/28/2011,15.007
6/29/2011,8.617
6/30/2011,11.108
7/1/2011,9.68
7/2/2011,15.014
7/3/2011,12.83
7/4/2011,17.078
7/5/2011,12.523
7/6/2011,8.566
7/7/2011,7.533
7/8/2011,9.891
7/9/2011,12.845
7/10/2011,7.538
7/11/2011,12.204
7/12/2011,13.151
7/13/2011,14.681
7/14/2011,11.192
7/15/2011,13.304
7/16/2011,13.878
7/17/2011,11.714
7/18/2011,11.329
7/19/2011,16.465
7/20/2011,20.88
7/21/2011,14.128
7/22/2011,17.113
7/23/2011,16.904
7/24/2011,18.509
7/25/2011,15.592
7/26/2011,13.68
7/27/2011,10.802
7/28/2011,9.52
7/29/2011,6.127
7/30/2011,10.85
7/31/2011,14.738
8/1/2011,14.832
8/2/2011,16.15
8/3/2011,10.904
8/4/2011,18.216
8/5/2011,18.751
8/6/2011,20.551
8/7/2011,6.973
8/8/2011,13.612
8/9/2011,17.068
8/10/2011,8.797
8/11/2011,15.5
8/12/2011,16.396
8/13/2011,19.111
8/14/2011,19.904
8/15/2011,12.411
8/16/2011,11.367
8/17/2011,18.673
8/18/2011,19.073
8/19/2011,21.452
8/20/2011,17.158
8/21/2011,19.123
8/22/2011,14.708
8/23/2011,6.64
8/24/2011,13.039
8/25/2011,15.957
8/26/2011,11.504
8/27/2011,12.476
8/28/2011,14.485
8/29/2011,12.445
8/30/2011,9.14
8/31/2011,10.1
9/1/2011,16.268
9/2/2011,19.395
9/3/2011,15.79
9/4/2011,17.014
9/5/2011,22.367
9/6/2011,22.036
9/7/2011,17.422
9/8/2011,14.47
9/9/2011,19.478
9/10/2011,17.208
9/11/2011,17.737
9/12/2011,15.435
9/13/2011,23.139
9/14/2011,17.221
9/15/2011,13.831
9/16/2011,15.201
9/17/2011,22.927
9/18/2011,20.963
9/19/2011,19.341
9/20/2011,17.246
9/21/2011,24.21
9/22/2011,16.477
9/23/2011,25.276
9/24/2011,23.661
9/25/2011,15.314
9/26/2011,24.973
9/27/2011,21.352
9/28/2011,17.797
9/29/2011,23.035
9/30/2011,20.515
10/1/2011,12.683
10/2/2011,22.36
10/3/2011,23.324
10/4/2011,24.689
10/5/2011,17.24
10/6/2011,14.098
10/7/2011,18.544
10/8/2011,15.665
10/9/2011,25.902
10/10/2011,21.296
10/11/2011,22.48
10/12/2011,14.94
10/13/2011,17.352
10/14/2011,13.295
10/15/2011,6.179
10/16/2011,17.422
10/17/2011,21.098
10/18/2011,13.5
10/19/2011,20.889
10/20/2011,18.554
10/21/2011,17.858
10/22/2011,17.818
10/23/2011,14.285
10/24/2011,11.543
10/25/2011,12.035
10/26/2011,11.423
10/27/2011,10.737
10/28/2011,14.899
10/29/2011,10.768
10/30/2011,8.579
10/31/2011,5.013
11/1/2011,15.235
11/2/2011,15.998
11/3/2011,20.74
11/4/2011,16.837
11/5/2011,22.1
11/6/2011,8.849
11/7/2011,22.124
11/8/2011,9.594
11/9/2011,13.777
11/10/2011,3.163
11/11/2011,15.017
11/12/2011,5.557
11/13/2011,11.257
11/14/2011,25.414
11/15/2011,26.239
11/16/2011,27
11/17/2011,19.526
11/18/2011,13.613
11/19/2011,20.704
11/20/2011,20.23
11/21/2011,14.891
11/22/2011,1.998
11/23/2011,11.191
11/24/2011,21.933
11/25/2011,23.004
11/26/2011,12.789
11/27/2011,10.494
11/28/2011,3.73
11/29/2011,18.95
11/30/2011,22.318
12/1/2011,15.599
12/2/2011,13.333
12/3/2011,17.379
12/4/2011,14.974
12/5/2011,14.085
12/6/2011,20.936
12/7/2011,16.358
12/8/2011,19.33
12/9/2011,24.79
12/10/2011,22.613
12/11/2011,16.938
12/12/2011,11.273
12/13/2011,13.43
12/14/2011,5.04
12/15/2011,24.417
12/16/2011,11.32
12/17/2011,22.817
12/18/2011,24.583
12/19/2011,24.482
12/20/2011,24.448
12/21/2011,25.992
12/22/2011,22.646
12/23/2011,24.986
12/24/2011,19.215
12/25/2011,21.06
12/26/2011,20.41
12/27/2011,5.366
12/28/2011,5.591
12/29/2011,14.198
12/30/2011,28.024
12/31/2011,14.669
1/1/2012,22.842
1/2/2012,18.092
1/3/2012,6.401
1/4/2012,17.273
1/5/2012,16.357
1/6/2012,11.063
1/7/2012,8.012
1/8/2012,6.431
1/9/2012,8.132
1/10/2012,22.077
1/11/2012,24.719
1/12/2012,13.964
1/13/2012,17.336
1/14/2012,13.678
1/15/2012,13.822
1/16/2012,14.701
1/17/2012,19.325
1/18/2012,19.197
1/19/2012,8.343
1/20/2012,3.746
1/21/2012,25.229
1/22/2012,28.86
1/23/2012,28.51
1/24/2012,25.349
1/25/2012,20.457
1/26/2012,14.9
1/27/2012,20.851
1/28/2012,11.959
1/29/2012,21.928
1/30/2012,20.545
1/31/2012,19.69
2/1/2012,19.669
2/2/2012,9.432
2/3/2012,15.478
2/4/2012,11.011
2/5/2012,16.979
2/6/2012,5.787
2/7/2012,3.859
2/8/2012,9.927
2/9/2012,23.132
2/10/2012,23.679
2/11/2012,24.424
2/12/2012,23.927
2/13/2012,21.076
2/14/2012,21.146
2/15/2012,19.593
2/16/2012,25.684
2/17/2012,25.655
2/18/2012,14.054
2/19/2012,10.868
2/20/2012,15.034
2/21/2012,16.34
2/22/2012,17.948
2/23/2012,10.109
2/24/2012,7.342
2/25/2012,17.446
2/26/2012,21.447
2/27/2012,16.956
2/28/2012,25.765
2/29/2012,21.791
3/1/2012,16.364
3/2/2012,18.563
3/3/2012,13.84
3/4/2012,20.313
3/5/2012,15.217
3/6/2012,14.297
3/7/2012,10.696
3/8/2012,19.469
3/9/2012,17.222
3/10/2012,14.828
3/11/2012,17.928
3/12/2012,22.016
3/13/2012,20.714
3/14/2012,15.246
3/15/2012,14.713
3/16/2012,15.77
3/17/2012,1.922
3/18/2012,13.932
3/19/2012,11.407
3/20/2012,17.332
3/21/2012,4.28
3/22/2012,11.986
3/23/2012,22.239
3/24/2012,16.99
3/25/2012,6.125
3/26/2012,9.95
3/27/2012,9.013
3/28/2012,7.492
3/29/2012,11.743
3/30/2012,16.533
3/31/2012,17.869
4/1/2012,15.089
4/2/2012,21.875
4/3/2012,15.566
4/4/2012,18.094
4/5/2012,18.095
4/6/2012,14.528
4/7/2012,15.158
4/8/2012,6.957
4/9/2012,12.809
4/10/2012,9.05
4/11/2012,18.769
4/12/2012,15.397
4/13/2012,19.717
4/14/2012,19.229
4/15/2012,15.572
4/16/2012,10.89
4/17/2012,18.778
4/18/2012,18.949
4/19/2012,12.928
4/20/2012,16.196
4/21/2012,10.39
4/22/2012,11.66
4/23/2012,17.827
4/24/2012,17.102
4/25/2012,12.388
4/26/2012,14.393
4/27/2012,16.492
4/28/2012,14.366
4/29/2012,12.85
4/30/2012,5.767
5/1/2012,13.131
5/2/2012,15.971
5/3/2012,11.646
5/4/2012,13.594
5/5/2012,13.343
5/6/2012,8.276
5/7/2012,10.332
5/8/2012,10.557
5/9/2012,13.415
5/10/2012,11.282
5/11/2012,12.978
5/12/2012,13.556
5/13/2012,9.799
5/14/2012,10.656
5/15/2012,10.55
5/16/2012,16.169
5/17/2012,16.421
5/18/2012,9.234
5/19/2012,10.532
5/20/2012,11.126
5/21/2012,10.192
5/22/2012,11.142
5/23/2012,3.927
5/24/2012,2.641
5/25/2012,3.735
5/26/2012,4.649
5/27/2012,15.039
5/28/2012,16.704
5/29/2012,17.69
5/30/2012,18.212
5/31/2012,13.376
6/1/2012,10.593
6/2/2012,8.017
6/3/2012,5.069
6/4/2012,2.711
6/5/2012,3.348
6/6/2012,5.705
6/7/2012,0
6/8/2012,0
6/9/2012,9.139
6/10/2012,12.56
6/11/2012,9.115
6/12/2012,8.887
6/13/2012,11.495
6/14/2012,15.79
6/15/2012,14.98
6/16/2012,10.667
6/17/2012,7.321
6/18/2012,7.619
6/19/2012,6.622
6/20/2012,11.012
6/21/2012,12.652
6/22/2012,11.723
6/23/2012,9.873
6/24/2012,5.899
6/25/2012,10.424
6/26/2012,16.223
6/27/2012,10.177
6/28/2012,8.399
6/29/2012,7.475
6/30/2012,14.053
7/1/2012,9.796
7/2/2012,11.281
7/3/2012,10.085
7/4/2012,9.68
7/5/2012,6.226
7/6/2012,14.407
7/7/2012,11.696
7/8/2012,9.635
7/9/2012,3.694
7/10/2012,5.742
7/11/2012,9.38
7/12/2012,8.541
7/13/2012,4.833
7/14/2012,5.969
7/15/2012,6.219
7/16/2012,11.891
7/17/2012,8.8
7/18/2012,7.418
7/19/2012,3.492
7/20/2012,7.877
7/21/2012,6.732
7/22/2012,6.451
7/23/2012,9.601
7/24/2012,6.386
7/25/2012,11.547
7/26/2012,9.607
7/27/2012,8.698
7/28/2012,9.05
7/29/2012,10.955
7/30/2012,8.455
7/31/2012,10.589
8/1/2012,14.418
8/2/2012,11.259
8/3/2012,19.012
8/4/2012,18.806
8/5/2012,14.008
8/6/2012,12.155
8/7/2012,13.516
8/8/2012,7.387
8/9/2012,11.457
8/10/2012,11.774
8/11/2012,11.273
8/12/2012,6.653
8/13/2012,14.495
8/14/2012,13.945
8/15/2012,14.081
8/16/2012,14.333
8/17/2012,12.654
8/18/2012,10.244
8/19/2012,16.459
8/20/2012,7.897
8/21/2012,18.54
8/22/2012,17.564
8/23/2012,7.846
8/24/2012,17.453
8/25/2012,6.557
8/26/2012,16.796
8/27/2012,12.836
8/28/2012,8.249
8/29/2012,6.455
8/30/2012,9.362
8/31/2012,11.133
9/1/2012,14.308
9/2/2012,4.046
9/3/2012,4.493
9/4/2012,13.64
9/5/2012,17.492
9/6/2012,18.781
9/7/2012,12.796
9/8/2012,9.891
9/9/2012,14.126
9/10/2012,13.315
9/11/2012,10.208
9/12/2012,12.564
9/13/2012,15.73
9/14/2012,18.619
9/15/2012,9.736
9/16/2012,13.072
9/17/2012,8.833
9/18/2012,19.427
9/19/2012,12.838
9/20/2012,16.398
9/21/2012,18.918
9/22/2012,14.247
9/23/2012,7.749
9/24/2012,21.839
9/25/2012,17.33
9/26/2012,12.983
9/27/2012,17.719
9/28/2012,17.608
9/29/2012,12.503
9/30/2012,18.569
10/1/2012,12.62
10/2/2012,14.96
10/3/2012,22.246
10/4/2012,17.046
10/5/2012,19.912
10/6/2012,17.339
10/7/2012,18.992
10/8/2012,9.824
10/9/2012,16.67
10/10/2012,13.771
10/11/2012,22.705
10/12/2012,27.131
10/13/2012,22.07
10/14/2012,24.302
10/15/2012,26.948
10/16/2012,26.53
10/17/2012,6.534
10/18/2012,14.213
10/19/2012,18.945
10/20/2012,22.246
10/21/2012,10.17
10/22/2012,13.334
10/23/2012,21.67
10/24/2012,18.806
10/25/2012,17.645
10/26/2012,17.062
10/27/2012,15.489
10/28/2012,13.804
10/29/2012,21.544
10/30/2012,24.966
10/31/2012,21.141
11/1/2012,26.012
11/2/2012,6.968
11/3/2012,18.104
11/4/2012,16.515
11/5/2012,16.855
11/6/2012,0.573
11/7/2012,21.688
11/8/2012,27.943
11/9/2012,13.041
11/10/2012,5.663
11/11/2012,11.929
11/12/2012,19.915
11/13/2012,19.96
11/14/2012,20.149
11/15/2012,15.485
11/16/2012,19.883
11/17/2012,19.998
11/18/2012,5.36
11/19/2012,19.465
11/20/2012,16.735
11/21/2012,23.666
11/22/2012,25.029
11/23/2012,26.177
11/24/2012,17.726
11/25/2012,19.802
11/26/2012,18.32
11/27/2012,20.515
11/28/2012,21.778
11/29/2012,29.127
11/30/2012,24.559
12/1/2012,23.219
12/2/2012,13.057
12/3/2012,10.167
12/4/2012,16.326
12/5/2012,21.427
12/6/2012,21.299
12/7/2012,23.811
12/8/2012,27.383
12/9/2012,18.612
12/10/2012,26.51
12/11/2012,17.234
12/12/2012,11.15
12/13/2012,15.341
12/14/2012,16.538
12/15/2012,20.19
12/16/2012,18.885
12/17/2012,15.144
12/18/2012,23.489
12/19/2012,22.792
12/20/2012,28.099
12/21/2012,27.907
12/22/2012,27.477
12/23/2012,29.332
12/24/2012,26.265
12/25/2012,26.166
12/26/2012,26.562
12/27/2012,26.338
12/28/2012,26.333
12/29/2012,12.69
12/30/2012,17.921
12/31/2012,14.794
1/1/2013,10.518
1/2/2013,14.058
1/3/2013,16.799
1/4/2013,24.96
1/5/2013,24.376
1/6/2013,25.624
1/7/2013,24.907
1/8/2013,22.03
1/9/2013,17.822
1/10/2013,20.966
1/11/2013,6.417
1/12/2013,6.325
1/13/2013,7.981
1/14/2013,8.266
1/15/2013,10.075
1/16/2013,6.764
1/17/2013,11.794
1/18/2013,8.651
1/19/2013,6.107
1/20/2013,22.441
1/21/2013,15.505
1/22/2013,17.453
1/23/2013,13.883
1/24/2013,19.967
1/25/2013,22.779
1/26/2013,22.343
1/27/2013,21.589
1/28/2013,23.65
1/29/2013,15.482
1/30/2013,5.681
1/31/2013,2.963
2/1/2013,14.297
2/2/2013,2.905
2/3/2013,18.882
2/4/2013,16.272
2/5/2013,8.935
2/6/2013,7.304
2/7/2013,19.919
2/8/2013,11.831
2/9/2013,17.023
2/10/2013,10.022
2/11/2013,12.983
2/12/2013,25.34
2/13/2013,16.124
2/14/2013,14.339
2/15/2013,16.991
2/16/2013,23.933
2/17/2013,7.96
2/18/2013,11.943
2/19/2013,16.265
2/20/2013,18.27
2/21/2013,19.631
2/22/2013,19.435
2/23/2013,22.235
2/24/2013,19.024
2/25/2013,23.594
2/26/2013,22.216
2/27/2013,21.031
2/28/2013,22.727
3/1/2013,16.99
3/2/2013,16.891
3/3/2013,20.248
3/4/2013,14.58
3/5/2013,24.808
3/6/2013,17.26
3/7/2013,8.231
3/8/2013,4.727
3/9/2013,10.305
3/10/2013,16.353
3/11/2013,18.13
3/12/2013,19.427
3/13/2013,16.416
3/14/2013,15.583
3/15/2013,19.91
3/16/2013,21.44
3/17/2013,23.641
3/18/2013,16.954
3/19/2013,24.183
3/20/2013,14.234
3/21/2013,14.528
3/22/2013,21.947
3/23/2013,13.41
3/24/2013,12.661
3/25/2013,14.774
3/26/2013,21.42
3/27/2013,12.618
3/28/2013,15.241
3/29/2013,14.416
3/30/2013,12.184
3/31/2013,20.56
4/1/2013,21.319
4/2/2013,13.271
4/3/2013,21.076
4/4/2013,18.081
4/5/2013,19.208
4/6/2013,19.958
4/7/2013,19.152
4/8/2013,16.688
4/9/2013,15.588
4/10/2013,20.059
4/11/2013,17.129
4/12/2013,15.648
4/13/2013,12.937
4/14/2013,13.993
4/15/2013,15.619
4/16/2013,5.78
4/17/2013,15.242
4/18/2013,4.016
4/19/2013,9.257
4/20/2013,9.223
4/21/2013,15.667
4/22/2013,6.874
4/23/2013,15.718
4/24/2013,7.332
4/25/2013,21.883
4/26/2013,21.157
4/27/2013,21.061
4/28/2013,17.564
4/29/2013,18.648
4/30/2013,17.042
5/1/2013,14.649
5/2/2013,14.664
5/3/2013,17.261
5/4/2013,19.252
5/5/2013,18.021
5/6/2013,18.64
5/7/2013,18.694
5/8/2013,20.174
5/9/2013,20.5
5/10/2013,18.948
5/11/2013,10.627
5/12/2013,14.048
5/13/2013,16.798
5/14/2013,20.363
5/15/2013,19.762
5/16/2013,19.177
5/17/2013,18.809
5/18/2013,18.515
5/19/2013,16.187
5/20/2013,15.33
5/21/2013,17.573
5/22/2013,12.635
5/23/2013,16.587
5/24/2013,15.939
5/25/2013,19.226
5/26/2013,18.055
5/27/2013,18.808
5/28/2013,17.403
5/29/2013,16.272
5/30/2013,11.259
5/31/2013,9.095
6/1/2013,15.87
6/2/2013,16.248
6/3/2013,14.85
6/4/2013,10.229
6/5/2013,13.293
6/6/2013,4.783
6/7/2013,0.666
6/8/2013,10.352
6/9/2013,11.911
6/10/2013,13.176
6/11/2013,9.085
6/12/2013,9.724
6/13/2013,7.693
6/14/2013,9.556
6/15/2013,9.9
6/16/2013,8.381
6/17/2013,7.238
6/18/2013,8.102
6/19/2013,9.985
6/20/2013,10.337
6/21/2013,15.251
6/22/2013,14.387
6/23/2013,14.49
6/24/2013,10.568
6/25/2013,7.378
6/26/2013,7.463
6/27/2013,2.14
6/28/2013,12.074
6/29/2013,14.395
6/30/2013,7.621
7/1/2013,10.795
7/2/2013,10.379
7/3/2013,10.888
7/4/2013,4.133
7/5/2013,8.762
7/6/2013,10.579
7/7/2013,1.681
7/8/2013,7.245
7/9/2013,8.8
7/10/2013,8.804
7/11/2013,9.675
7/12/2013,6.867
7/13/2013,7.985
7/14/2013,8.98
7/15/2013,12.001
7/16/2013,10.589
7/17/2013,15.635
7/18/2013,8.35
7/19/2013,5.049
7/20/2013,6.95
7/21/2013,5.632
7/22/2013,10.132
7/23/2013,11.851
7/24/2013,14.893
7/25/2013,18.637
7/26/2013,7.794
7/27/2013,10.148
7/28/2013,14.965
7/29/2013,9.904
7/30/2013,8.962
7/31/2013,8.854
8/1/2013,8.849
8/2/2013,12.724
8/3/2013,7.567
8/4/2013,15.689
8/5/2013,11.434
8/6/2013,12.625
8/7/2013,7.979
8/8/2013,10.28
8/9/2013,9.882
8/10/2013,11.657
8/11/2013,13.552
8/12/2013,4.806
8/13/2013,13.93
8/14/2013,12.049
8/15/2013,14.053
8/16/2013,15.136
8/17/2013,8.316
8/18/2013,1.157
8/19/2013,3.33
8/20/2013,5.728
8/21/2013,7.697
8/22/2013,18.585
8/23/2013,14.139
8/24/2013,11.333
8/25/2013,14.704
8/26/2013,11.507
8/27/2013,9.193
8/28/2013,14.274
8/29/2013,10.638
8/30/2013,15.91
8/31/2013,14.274
9/1/2013,16.079
9/2/2013,11.588
9/3/2013,4.705
9/4/2013,14.904
9/5/2013,18.641
9/6/2013,21.893
9/7/2013,23.04
9/8/2013,11.174
9/9/2013,4.948
9/10/2013,8.285
9/11/2013,11.156
9/12/2013,13.586
9/13/2013,19.503
9/14/2013,13.484
9/15/2013,10.742
9/16/2013,15.278
9/17/2013,10.001
9/18/2013,13.172
9/19/2013,4.581
9/20/2013,13.966
9/21/2013,6.217
9/22/2013,13.623
9/23/2013,21.491
9/24/2013,21.035
9/25/2013,21.032
9/26/2013,26.827
9/27/2013,26.729
9/28/2013,17.321
9/29/2013,17.123
9/30/2013,23.574
10/1/2013,23.645
10/2/2013,16.313
10/3/2013,20.537
10/4/2013,25.272
10/5/2013,19.343
10/6/2013,14.623
10/7/2013,15.788
10/8/2013,7.303
10/9/2013,17.381
10/10/2013,11.279
10/11/2013,19.534
10/12/2013,9.927
10/13/2013,10.519
10/14/2013,16.699
10/15/2013,14.742
10/16/2013,19.037
10/17/2013,12.6
10/18/2013,19.616
10/19/2013,19.647
10/20/2013,19.463
10/21/2013,4.117
10/22/2013,11.682
10/23/2013,24.379
10/24/2013,14.661
10/25/2013,19.571
10/26/2013,6.602
10/27/2013,25.5
10/28/2013,22.924
10/29/2013,20.999
10/30/2013,20.605
10/31/2013,16.171
11/1/2013,17.986
11/2/2013,2.32
11/3/2013,16.322
11/4/2013,23.049
11/5/2013,23.825
11/6/2013,23.278
11/7/2013,20.198
11/8/2013,24.298
11/9/2013,24.642
11/10/2013,11.569
11/11/2013,13.988
11/12/2013,9.103
11/13/2013,20.704
11/14/2013,15.313
11/15/2013,1.409
11/16/2013,21.928
11/17/2013,12.674
11/18/2013,19.951
11/19/2013,21.762
11/20/2013,7.954
11/21/2013,21.136
11/22/2013,9.337
11/23/2013,13.779
11/24/2013,14.884
11/25/2013,18.652
11/26/2013,19.604
11/27/2013,18.275
11/28/2013,23.465
11/29/2013,22.565
11/30/2013,10.712
12/1/2013,21.184
12/2/2013,3.015
12/3/2013,16.238
12/4/2013,20.574
12/5/2013,19.402
12/6/2013,17.012
12/7/2013,12.843
12/8/2013,10.282
12/9/2013,15.962
12/10/2013,17.453
12/11/2013,9.13
12/12/2013,14.659
12/13/2013,13.293
12/14/2013,18.412
12/15/2013,18.972
12/16/2013,21.722
12/17/2013,27.941
12/18/2013,25.549
12/19/2013,26.566
12/20/2013,27.203
12/21/2013,17.638
12/22/2013,20.506
12/23/2013,14.517
12/24/2013,20.408
12/25/2013,13.012
12/26/2013,10.251
12/27/2013,11.534
12/28/2013,15.622
12/29/2013,22.342
12/30/2013,13.581
12/31/2013,19.424
1/1/2014,8.102
1/2/2014,9.043
1/3/2014,18.755
1/4/2014,19.734
1/5/2014,17.368
1/6/2014,8.834
1/7/2014,10.087
1/8/2014,8.389
1/9/2014,9.945
1/10/2014,13.635
1/11/2014,16.179
1/12/2014,17.802
1/13/2014,22.68
1/14/2014,25.875
1/15/2014,26.319
1/16/2014,24.216
1/17/2014,18.273
1/18/2014,21.56
1/19/2014,23.437
1/20/2014,22.29
1/21/2014,24.06
1/22/2014,28.487
1/23/2014,28.798
1/24/2014,20.24
1/25/2014,13.577
1/26/2014,17.165
1/27/2014,27.069
1/28/2014,22.78
1/29/2014,25.667
1/30/2014,26.688
1/31/2014,26.135
2/1/2014,23.61
2/2/2014,27.269
2/3/2014,25.106
2/4/2014,27.502
2/5/2014,27.963
2/6/2014,16.309
2/7/2014,21.996
2/8/2014,25.696
2/9/2014,25.792
2/10/2014,26.346
2/11/2014,28.465
2/12/2014,28.209
2/13/2014,26.786
2/14/2014,21.347
2/15/2014,18.794
2/16/2014,27.632
2/17/2014,11.537
2/18/2014,16.488
2/19/2014,22.405
2/20/2014,19.094
2/21/2014,20.273
2/22/2014,17.434
2/23/2014,17.631
2/24/2014,19.894
2/25/2014,21.995
2/26/2014,11.581
2/27/2014,19.026
2/28/2014,13.839
3/1/2014,19.967
3/2/2014,19.978
3/3/2014,26.392
3/4/2014,21.453
3/5/2014,25.112
3/6/2014,20.794
3/7/2014,15.181
3/8/2014,20.361
3/9/2014,23.59
3/10/2014,19.154
3/11/2014,20.287
3/12/2014,20.662
3/13/2014,19.466
3/14/2014,16.54
3/15/2014,12.729
3/16/2014,20.986
3/17/2014,24.426
3/18/2014,22.714
3/19/2014,23.668
3/20/2014,25.733
3/21/2014,26.071
3/22/2014,26.237
3/23/2014,24.827
3/24/2014,25.17
3/25/2014,22.772
3/26/2014,26.548
3/27/2014,25.576
3/28/2014,22.492
3/29/2014,17.446
3/30/2014,24.764
3/31/2014,24.193
4/1/2014,9.103
4/2/2014,13.191
4/3/2014,20.685
4/4/2014,23.006
4/5/2014,23.677
4/6/2014,22.708
4/7/2014,16.45
4/8/2014,13.616
4/9/2014,17.85
4/10/2014,16.613
4/11/2014,18.473
4/12/2014,22.747
4/13/2014,21.249
4/14/2014,24.077
4/15/2014,20.961
4/16/2014,18.215
4/17/2014,18.215
4/18/2014,18.215
4/19/2014,18.215
4/20/2014,18.215
4/21/2014,18.215
4/22/2014,18.215
4/23/2014,18.215
4/24/2014,18.215
4/25/2014,12.908
4/26/2014,11.108
4/27/2014,8.775
4/28/2014,8.886
4/29/2014,11.693
4/30/2014,15.276
5/1/2014,15.673
5/2/2014,19.885
5/3/2014,19.078
5/4/2014,19.151
5/5/2014,22.043
5/6/2014,20.371
5/7/2014,19.243
5/8/2014,19.744
5/9/2014,18.174
5/10/2014,18.187
5/11/2014,15.513
5/12/2014,16.088
5/13/2014,11.636
5/14/2014,17.329
5/15/2014,19.86
5/16/2014,18.832
5/17/2014,16.893
5/18/2014,11.38
5/19/2014,15.95
5/20/2014,15.897
5/21/2014,15.456
5/22/2014,13.094
5/23/2014,15.06
5/24/2014,15.921
5/25/2014,10.336
5/26/2014,8.472
5/27/2014,14.293
5/28/2014,14.647
5/29/2014,9.905
5/30/2014,12.202
5/31/2014,15.336
6/1/2014,12.702
6/2/2014,17.861
6/3/2014,16.83
6/4/2014,17.01
6/5/2014,15.882
6/6/2014,10.611
6/7/2014,15.407
6/8/2014,16.437
6/9/2014,17.33
6/10/2014,13.837
6/11/2014,15.508
6/12/2014,11.838
6/13/2014,13.199
6/14/2014,13.742
6/15/2014,16.113
6/16/2014,16.531
6/17/2014,13.623
6/18/2014,16.786
6/19/2014,17.8
6/20/2014,17.052
6/21/2014,16.856
6/22/2014,16.967
6/23/2014,14.132
6/24/2014,16.568
6/25/2014,15.785
6/26/2014,16.74
6/27/2014,12.474
6/28/2014,14.164
6/29/2014,17.605
6/30/2014,18.321
7/1/2014,16.839
7/2/2014,14.62
7/3/2014,6.978
7/4/2014,13.415
7/5/2014,15.554
7/6/2014,16.031
7/7/2014,17.687
7/8/2014,16.446
7/9/2014,12.317
7/10/2014,11.365
7/11/2014,16.618
7/12/2014,17.893
7/13/2014,13.015
7/14/2014,11.503
7/15/2014,16.304
7/16/2014,19.107
7/17/2014,18.407
7/18/2014,18.137
7/19/2014,18.219
7/20/2014,18.676
7/21/2014,17.976
7/22/2014,19.252
7/23/2014,15.627
7/24/2014,12.689
7/25/2014,11.835
7/26/2014,12.15
7/27/2014,10.178
7/28/2014,9.692
7/29/2014,11.508
7/30/2014,5.693
7/31/2014,8.897
8/1/2014,7.417
8/2/2014,10.784
8/3/2014,12.133
8/4/2014,16.587
8/5/2014,19.936
8/6/2014,19.576
8/7/2014,18.045
8/8/2014,19.706
8/9/2014,20
8/10/2014,21.041
8/11/2014,18.667
8/12/2014,21.285
8/13/2014,20.584
8/14/2014,20.148
8/15/2014,21.074
8/16/2014,13.803
8/17/2014,15.997
8/18/2014,18.813
8/19/2014,13.702
8/20/2014,19.566
8/21/2014,22.044
8/22/2014,21.653
8/23/2014,14.874
8/24/2014,20.192
8/25/2014,17.919
8/26/2014,17.163
8/27/2014,13.21
8/28/2014,15.728
8/29/2014,19.078
8/30/2014,17.594
8/31/2014,21.176
9/1/2014,19.712
9/2/2014,17.824
9/3/2014,19.555
9/4/2014,22.352
9/5/2014,20.125
9/6/2014,18.203
9/7/2014,23.105
9/8/2014,23.201
9/9/2014,20.439
9/10/2014,19.795
9/11/2014,20.179
9/12/2014,19.701
9/13/2014,19.559
9/14/2014,15.896
9/15/2014,18.192
9/16/2014,24.709
9/17/2014,16.367
9/18/2014,18.165
9/19/2014,20.965
9/20/2014,24.371
9/21/2014,24.387
9/22/2014,24.246
9/23/2014,24.727
9/24/2014,17.688
9/25/2014,12.681
9/26/2014,22
9/27/2014,23.72
9/28/2014,20.872
9/29/2014,25.434
9/30/2014,25.98
10/1/2014,23.413
10/2/2014,22.086
10/3/2014,22.796
10/4/2014,25.457
10/5/2014,25.67
10/6/2014,23.629
10/7/2014,25.32
10/8/2014,26.708
10/9/2014,24.944
10/10/2014,26.048
10/11/2014,23.093
10/12/2014,26.77
10/13/2014,26.84
10/14/2014,10.336
10/15/2014,14.631
10/16/2014,18.778
10/17/2014,21.474
10/18/2014,24.037
10/19/2014,23.914
10/20/2014,23.778
10/21/2014,27.794
10/22/2014,25.242
10/23/2014,26.136
10/24/2014,24.784
10/25/2014,26.506
10/26/2014,26.788
10/27/2014,19.062
10/28/2014,19.552
10/29/2014,26.135
10/30/2014,15.956
10/31/2014,24.487
11/1/2014,23.582
11/2/2014,8.614
11/3/2014,8.671
11/4/2014,18.684
11/5/2014,20.461
11/6/2014,18.236
11/7/2014,20.424
11/8/2014,22.334
11/9/2014,27.163
11/10/2014,23.511
11/11/2014,22.878
11/12/2014,12.181
11/13/2014,17.803
11/14/2014,28.168
11/15/2014,18.938
11/16/2014,13.416
11/17/2014,20.546
11/18/2014,25.581
11/19/2014,24.826
11/20/2014,17.743
11/21/2014,22.568
11/22/2014,22.538
11/23/2014,16.706
11/24/2014,12.641
11/25/2014,11.221
11/26/2014,7.711
11/27/2014,18.727
11/28/2014,20.84
11/29/2014,24.732
11/30/2014,28.569
12/1/2014,26.689
12/2/2014,24.487
12/3/2014,22.154
12/4/2014,12.602
12/5/2014,13.12
12/6/2014,23.945
12/7/2014,27.115
12/8/2014,17.548
12/9/2014,16.35
12/10/2014,20.947
12/11/2014,12.529
12/12/2014,23.117
12/13/2014,21.828
12/14/2014,24.993
12/15/2014,24.922
12/16/2014,24.087
12/17/2014,20.175
12/18/2014,12.125
12/19/2014,15.506
12/20/2014,22.385
12/21/2014,9.779
12/22/2014,9.465
12/23/2014,18.291
12/24/2014,25.51
12/25/2014,23.813
12/26/2014,16.598
12/27/2014,11.712
12/28/2014,16.826
12/29/2014,19.696
12/30/2014,26.475
12/31/2014,14.088
1/1/2015,4.936
1/2/2015,23.155
1/3/2015,18.774
1/4/2015,26.937
1/5/2015,14.819
1/6/2015,19.148
1/7/2015,25.382
1/8/2015,12.418
1/9/2015,10.962
1/10/2015,23.337
1/11/2015,23.732
1/12/2015,28.176
1/13/2015,26.429
1/14/2015,28.215
1/15/2015,28.274
1/16/2015,24.004
1/17/2015,27.481
1/18/2015,22.031
1/19/2015,27.251
1/20/2015,3.519
1/21/2015,18.92
1/22/2015,21.168
1/23/2015,22.12
1/24/2015,22.387
1/25/2015,23.477
1/26/2015,15.644
1/27/2015,10.872
1/28/2015,23.359
1/29/2015,12.715
1/30/2015,5.642
1/31/2015,9.101
2/1/2015,11.548
2/2/2015,26.89
2/3/2015,26.461
2/4/2015,25.943
2/5/2015,23.771
2/6/2015,22.591
2/7/2015,20.563
2/8/2015,18.846
2/9/2015,26.61
2/10/2015,25.086
2/11/2015,25.715
2/12/2015,27.001
2/13/2015,26.309
2/14/2015,22.483
2/15/2015,26.588
2/16/2015,23.427
2/17/2015,21.733
2/18/2015,24.378
2/19/2015,26.346
2/20/2015,21.448
2/21/2015,16.365
2/22/2015,24.392
2/23/2015,25.265
2/24/2015,23.213
2/25/2015,25.739
2/26/2015,19.947
2/27/2015,26.57
2/28/2015,18.604
3/1/2015,24.369
3/2/2015,24.803
3/3/2015,24.694
3/4/2015,25.45
3/5/2015,16.108
3/6/2015,23.909
3/7/2015,11.407
3/8/2015,14.921
3/9/2015,13.415
3/10/2015,22.966
3/11/2015,14.99
3/12/2015,23.183
3/13/2015,20.328
3/14/2015,15.258
3/15/2015,14.431
3/16/2015,22.412
3/17/2015,14.271
3/18/2015,13.064
3/19/2015,24.69
3/20/2015,18.492
3/21/2015,19.391
3/22/2015,8.894
3/23/2015,17.057
3/24/2015,17.359
3/25/2015,12.673
3/26/2015,12.715
3/27/2015,22.71
3/28/2015,21.41
3/29/2015,22.218
3/30/2015,23.997
3/31/2015,20.837
4/1/2015,11.55
4/2/2015,14.919
4/3/2015,22.428
4/4/2015,13.115
4/5/2015,18.832
4/6/2015,17.481
4/7/2015,16.088
4/8/2015,16.41
4/9/2015,14.034
4/10/2015,23.169
4/11/2015,23.411
4/12/2015,21.35
4/13/2015,22.333
4/14/2015,21.911
4/15/2015,21.654
4/16/2015,22.851
4/17/2015,17.675
4/18/2015,7.91
4/19/2015,21.988
4/20/2015,19.719
4/21/2015,11.408
4/22/2015,16.68
4/23/2015,19.343
4/24/2015,9.691
4/25/2015,16.074
4/26/2015,21.967
4/27/2015,18.363
4/28/2015,21.167
4/29/2015,20.221
4/30/2015,19.862
5/1/2015,18.111
5/2/2015,19.752
5/3/2015,17.013
5/4/2015,16.314
5/5/2015,3.841
5/6/2015,7.045
5/7/2015,8.539
5/8/2015,17.08
5/9/2015,14.998
5/10/2015,15.781
5/11/2015,15.248
5/12/2015,11.039
5/13/2015,16.385
5/14/2015,12.851
5/15/2015,13.323
5/16/2015,16.05
5/17/2015,7.931
5/18/2015,13.61
5/19/2015,11.998
5/20/2015,8.614
5/21/2015,8.793
5/22/2015,5.613
5/23/2015,14.591
5/24/2015,12.365
5/25/2015,13.774
5/26/2015,17.482
5/27/2015,13.572
5/28/2015,15.037
5/29/2015,3.539
5/30/2015,4.573
5/31/2015,17.71
6/1/2015,17.896
6/2/2015,17.735
6/3/2015,14.174
6/4/2015,17.895
6/5/2015,18.288
6/6/2015,17.89
6/7/2015,16.268
6/8/2015,18.34
6/9/2015,12.614
6/10/2015,4.824
6/11/2015,11.205
6/12/2015,3.999
6/13/2015,4.834
6/14/2015,17.211
6/15/2015,17.682
6/16/2015,16.954
6/17/2015,14.062
6/18/2015,8.938
6/19/2015,15.303
6/20/2015,17.949
6/21/2015,16.948
6/22/2015,17.775
6/23/2015,11.75
6/24/2015,7.407
6/25/2015,12.893
6/26/2015,11.586
6/27/2015,12.737
6/28/2015,10.479
6/29/2015,8.851
6/30/2015,16.495
7/1/2015,16.02
7/2/2015,7.689
7/3/2015,11.397
7/4/2015,18.424
7/5/2015,16.479
7/6/2015,17.88
7/7/2015,15.371
7/8/2015,14.14
7/9/2015,16.962
7/10/2015,16.855
7/11/2015,18.197
7/12/2015,17.63
7/13/2015,14.667
7/14/2015,14.559
7/15/2015,16.074
7/16/2015,16.525
7/17/2015,18.789
7/18/2015,17.971
7/19/2015,17.87
7/20/2015,19.207
7/21/2015,16.008
7/22/2015,13.812
7/23/2015,12.399
7/24/2015,16.342
7/25/2015,15.46
7/26/2015,15.779
7/27/2015,16.664
7/28/2015,15.917
7/29/2015,13.995
7/30/2015,11.072
7/31/2015,11.013
8/1/2015,16.665
8/2/2015,9.19
8/3/2015,11.522
8/4/2015,12.697
8/5/2015,18.305
8/6/2015,19.345
8/7/2015,11.975
8/8/2015,17.798
8/9/2015,13.833
8/10/2015,16.281
8/11/2015,9.66
8/12/2015,13.824
8/13/2015,10.766
8/14/2015,15.14
8/15/2015,20.486
8/16/2015,19.646
8/17/2015,21.135
8/18/2015,19.803
8/19/2015,20.981
8/20/2015,20.932
8/21/2015,19.887
8/22/2015,18.92
8/23/2015,11.452
8/24/2015,22.327
8/25/2015,13.165
8/26/2015,19.894
8/27/2015,23.134
8/28/2015,21.487
8/29/2015,18.693
8/30/2015,19.225
8/31/2015,15.226
9/1/2015,20.868
9/2/2015,23.548
9/3/2015,21.663
9/4/2015,21.901
9/5/2015,24.949
9/6/2015,24.909
9/7/2015,23.166
9/8/2015,21.155
9/9/2015,11.141
9/10/2015,16.746
9/11/2015,13.41
9/12/2015,13.468
9/13/2015,10.474
9/14/2015,13.272
9/15/2015,14.757
9/16/2015,15.436
9/17/2015,16.57
9/18/2015,21.988
9/19/2015,22.379
9/20/2015,22.634
9/21/2015,23.173
9/22/2015,25.589
9/23/2015,18.612
9/24/2015,19.488
9/25/2015,24.688
9/26/2015,23.944
9/27/2015,24.592
9/28/2015,25.208
9/29/2015,20.74
9/30/2015,21.558
10/1/2015,17.455
10/2/2015,22.953
10/3/2015,12.658
10/4/2015,11.436
10/5/2015,7.96
10/6/2015,16.871
10/7/2015,14.508
10/8/2015,10.193
10/9/2015,11.176
10/10/2015,17.637
10/11/2015,11.276
10/12/2015,24.017
10/13/2015,9.737
10/14/2015,7.807
10/15/2015,13.804
10/16/2015,12.722
10/17/2015,19.442
10/18/2015,18.979
10/19/2015,27.073
10/20/2015,20.796
10/21/2015,25.44
10/22/2015,22.472
10/23/2015,25.393
10/24/2015,23.753
10/25/2015,25.061
10/26/2015,24.145
10/27/2015,25.597
10/28/2015,24.678
10/29/2015,25.014
10/30/2015,25.229
10/31/2015,21.485
11/1/2015,21.913
11/2/2015,23.756
11/3/2015,23.251
11/4/2015,15.642
11/5/2015,23.237
11/6/2015,22.306
11/7/2015,24.403
11/8/2015,26.543
11/9/2015,26.558
11/10/2015,27.232
11/11/2015,17.289
11/12/2015,20.977
11/13/2015,20.68
11/14/2015,11.963
11/15/2015,21.135
11/16/2015,23.958
11/17/2015,25.841
11/18/2015,25.726
11/19/2015,26.195
11/20/2015,11.806
11/21/2015,10.807
11/22/2015,20.309
11/23/2015,20.152
11/24/2015,17.577
11/25/2015,8.308
11/26/2015,11.178
11/27/2015,8.366
11/28/2015,18.384
11/29/2015,22.75
11/30/2015,24.4
12/1/2015,17.391
12/2/2015,25.663
12/3/2015,23.002
12/4/2015,25.621
12/5/2015,26.003
12/6/2015,20.874
12/7/2015,22.979
12/8/2015,24.449
12/9/2015,28.306
12/10/2015,26.882
12/11/2015,21.914
12/12/2015,24.884
12/13/2015,24.624
12/14/2015,12.635
12/15/2015,14.553
12/16/2015,19.201
12/17/2015,20.359
12/18/2015,4.515
12/19/2015,25.111
12/20/2015,24.426
12/21/2015,21.572
12/22/2015,24.216
12/23/2015,19.793
12/24/2015,26.024
12/25/2015,20.985
12/26/2015,11.005
12/27/2015,6.092
12/28/2015,4.924
12/29/2015,16.309
12/30/2015,5.266
12/31/2015,19.963
1/1/2016,4.976
1/2/2016,26.573
1/3/2016,25.087
1/4/2016,28.07
1/5/2016,16.646
1/6/2016,15.26
1/7/2016,26.186
1/8/2016,9.755
1/9/2016,23.745
1/10/2016,24.03
1/11/2016,25.768
1/12/2016,25.402
1/13/2016,22.967
1/14/2016,21.532
1/15/2016,17.405
1/16/2016,12.909
1/17/2016,17.633
1/18/2016,23.179
1/19/2016,22.727
1/20/2016,26.066
1/21/2016,24.999
1/22/2016,25.984
1/23/2016,26.494
1/24/2016,27.393
1/25/2016,26.209
1/26/2016,18.8
1/27/2016,22.474
1/28/2016,27.247
1/29/2016,22.519
1/30/2016,26.744
1/31/2016,26.816
2/1/2016,27.953
2/2/2016,26.438
2/3/2016,23.088
2/4/2016,20.326
2/5/2016,24.319
2/6/2016,24.765
2/7/2016,27.065
2/8/2016,26.451
2/9/2016,27.229
2/10/2016,25.313
2/11/2016,23.386
2/12/2016,25.452
2/13/2016,26.876
2/14/2016,22.266
2/15/2016,12.761
2/16/2016,13.779
2/17/2016,13.614
2/18/2016,19.245
2/19/2016,13.816
2/20/2016,4.087
2/21/2016,12.632
2/22/2016,14.683
2/23/2016,10.637
2/24/2016,21.163
2/25/2016,18.707
2/26/2016,15.561
2/27/2016,26.26
2/28/2016,22.428
2/29/2016,25.383
3/1/2016,26.215
3/2/2016,22.429
3/3/2016,25.41
3/4/2016,23.931
3/5/2016,25.642
3/6/2016,23.105
3/7/2016,13.543
3/8/2016,19.436
3/9/2016,22.594
3/10/2016,2.572
3/11/2016,15.585
3/12/2016,6.15
3/13/2016,21.802
3/14/2016,16.677
3/15/2016,24.888
3/16/2016,25.319
3/17/2016,26.107
3/18/2016,19.759
3/19/2016,20.382
3/20/2016,21.244
3/21/2016,23.485
3/22/2016,24.935
3/23/2016,19.119
3/24/2016,21.049
3/25/2016,24.164
3/26/2016,19.564
3/27/2016,9.298
3/28/2016,21.427
3/29/2016,18.17
3/30/2016,8.998
3/31/2016,15.374
4/1/2016,17.937
4/2/2016,20.624
4/3/2016,22.833
4/4/2016,16.368
4/5/2016,22.328
4/6/2016,14.642
4/7/2016,22.257
4/8/2016,12.861
4/9/2016,4.886
4/10/2016,1.105
4/11/2016,15.284
4/12/2016,11.954
4/13/2016,4.396
4/14/2016,3.198
4/15/2016,6.189
4/16/2016,12.454
4/17/2016,14.922
4/18/2016,10.607
4/19/2016,9.359
4/20/2016,7.49
4/21/2016,12.873
4/22/2016,3.501
4/23/2016,9.361
4/24/2016,9.461
4/25/2016,12.418
4/26/2016,3.731
4/27/2016,13.656
4/28/2016,12.146
4/29/2016,14.674
4/30/2016,6.684
5/1/2016,8.71
5/2/2016,6.321
5/3/2016,14.073
5/4/2016,16.351
5/5/2016,15.964
5/6/2016,19.699
5/7/2016,17.606
5/8/2016,18.729
5/9/2016,16.291
5/10/2016,15.311
5/11/2016,1.033
5/12/2016,8.808
5/13/2016,17.063
5/14/2016,18.164
5/15/2016,9.697
5/16/2016,17.708
5/17/2016,10.381
5/18/2016,18.302
5/19/2016,15.299
5/20/2016,17.367
5/21/2016,6.287
5/22/2016,17.512
5/23/2016,9.24
5/24/2016,17.237
5/25/2016,17.64
5/26/2016,15.528
5/27/2016,14.941
5/28/2016,16.532
5/29/2016,17.127
5/30/2016,17.11
5/31/2016,16.504
6/1/2016,15.89
6/2/2016,16.43
6/3/2016,16.927
6/4/2016,16.27
6/5/2016,15.798
6/6/2016,12.597
6/7/2016,16.385
6/8/2016,11.713
6/9/2016,14.824
6/10/2016,8.746
6/11/2016,15.971
6/12/2016,16.023
6/13/2016,14.619
6/14/2016,13.95
6/15/2016,15.331
6/16/2016,15.041
6/17/2016,15.46
6/18/2016,15.53
6/19/2016,12.261
6/20/2016,15.075
6/21/2016,13.74
6/22/2016,12.727
6/23/2016,12.961
6/24/2016,18.078
6/25/2016,14.323
6/26/2016,16.547
6/27/2016,15.567
6/28/2016,12.343
6/29/2016,17.797
6/30/2016,16.487
7/1/2016,17.667
7/2/2016,17.411
7/3/2016,16.433
7/4/2016,16.401
7/5/2016,15.65
7/6/2016,18.282
7/7/2016,17.978
7/8/2016,17.275
7/9/2016,8.972
7/10/2016,15.69
7/11/2016,10.846
7/12/2016,8.542
7/13/2016,12.855
7/14/2016,14.77
7/15/2016,10.669
7/16/2016,15.614
7/17/2016,11.922
7/18/2016,5.109
7/19/2016,3.404
7/20/2016,16.754
7/21/2016,18.211
7/22/2016,6.439
7/23/2016,13.802
7/24/2016,12.817
7/25/2016,11.019
7/26/2016,12.337
7/27/2016,12.866
7/28/2016,9.587
7/29/2016,7.787
7/30/2016,5.986
7/31/2016,9.81
8/1/2016,9.872
8/2/2016,7.21
8/3/2016,7.418
8/4/2016,16.598
8/5/2016,14.701
8/6/2016,15.182
8/7/2016,18.75
8/8/2016,16.892
8/9/2016,19.824
8/10/2016,15.51
8/11/2016,14.023
8/12/2016,17.092
8/13/2016,19.534
8/14/2016,18.205
8/15/2016,12.128
8/16/2016,18.203
8/17/2016,17.384
8/18/2016,20.44
8/19/2016,18.284
8/20/2016,19.372
8/21/2016,16.672
8/22/2016,15.01
8/23/2016,9.054
8/24/2016,16.475
8/25/2016,21.715
8/26/2016,19.468
8/27/2016,19.294
8/28/2016,20.442
8/29/2016,21.49
8/30/2016,17.977
8/31/2016,21.159
9/1/2016,22.181
9/2/2016,18.594
9/3/2016,15.867
9/4/2016,20.257
9/5/2016,22.905
9/6/2016,22.174
9/7/2016,23.728
9/8/2016,19.292
9/9/2016,17.381
9/10/2016,21.024
9/11/2016,23.356
9/12/2016,23.093
9/13/2016,22.04
9/14/2016,22.366
9/15/2016,18.461
9/16/2016,18.534
9/17/2016,12.063
9/18/2016,21.554
9/19/2016,24.356
9/20/2016,23.836
9/21/2016,23.675
9/22/2016,25.018
9/23/2016,14.545
9/24/2016,14.43
9/25/2016,13.861
9/26/2016,23.868
9/27/2016,22.965
9/28/2016,21.409
9/29/2016,12.002
9/30/2016,23.831
10/1/2016,21.317
10/2/2016,25.967
10/3/2016,21.837
10/4/2016,24.054
10/5/2016,24.764
10/6/2016,25.175
10/7/2016,25.741
10/8/2016,23.312
10/9/2016,21.068
10/10/2016,23.919
10/11/2016,26.099
10/12/2016,26.49
10/13/2016,24.138
10/14/2016,25.185
10/15/2016,26.049
10/16/2016,21.933
10/17/2016,22.029
10/18/2016,21.879
10/19/2016,27.334
10/20/2016,25.26
10/21/2016,19.704
10/22/2016,24.198
10/23/2016,19.61
10/24/2016,24.166
10/25/2016,26.323
10/26/2016,25.544
10/27/2016,25.163
10/28/2016,23.187
10/29/2016,23.616
10/30/2016,18.704
10/31/2016,14.351
11/1/2016,24.995
11/2/2016,25.759
11/3/2016,26.773
11/4/2016,26.388
11/5/2016,13.694
11/6/2016,6.48
11/7/2016,9.857
11/8/2016,17.82
11/9/2016,8.991
11/10/2016,3.955
11/11/2016,22.764
11/12/2016,22.853
11/13/2016,24.189
11/14/2016,27.503
11/15/2016,21.146
11/16/2016,27
11/17/2016,21.694
11/18/2016,25.761
11/19/2016,18.297
11/20/2016,20.859
11/21/2016,16.81
11/22/2016,21.917
11/23/2016,22.904
11/24/2016,22.341
11/25/2016,13.57
11/26/2016,22.747
11/27/2016,22.375
11/28/2016,24.422
11/29/2016,28.541
11/30/2016,26.173
12/1/2016,23.637
12/2/2016,22.767
12/3/2016,19.696
12/4/2016,24.592
12/5/2016,23.762
12/6/2016,21.103
12/7/2016,27.553
12/8/2016,22.27
12/9/2016,15.525
12/10/2016,22.231
12/11/2016,24.4
12/12/2016,5.762
12/13/2016,7.993
12/14/2016,25.945
12/15/2016,18.334
12/16/2016,21.81
12/17/2016,25.433
12/18/2016,23.359
12/19/2016,14.439
12/20/2016,17.586
12/21/2016,17.977
12/22/2016,3.778
12/23/2016,11.65
12/24/2016,23.986
12/25/2016,23.558
12/26/2016,24.568
12/27/2016,17.418
12/28/2016,3.771
12/29/2016,18.908
12/30/2016,4.632
12/31/2016,25.863
